Keyword,Search Volume,CPC,Competition,Keyword Difficulty,Unnamed: 0,cpc,vol,v,competition,score
best email marketing,84.0,7.76,0.7,13.5,,,,,,
how to email marketing,488.0,7.12,0.13,45.5,,,,,,
email marketing free,1295.0,5.87,0.82,44.9,,,,,,
email marketing for beginners,701.0,0.76,0.83,61.8,,,,,,
tools email marketing,145.0,8.74,0.89,75.1,,,,,,
email marketing 2026,896.0,0.59,0.15,66.5,,,,,,
vs email marketing,219.0,3.07,0.37,47.3,,,,,,
email marketing guide,340.0,4.39,0.23,65.3,,,,,,
email marketing tips,911.0,7.52,0.8,39.9,,,,,,
email marketing near me,1490.0,1.43,0.2,5.7,,,,,,
price email marketing,1039.0,6.41,0.78,46.3,,,,,,
software email marketing,267.0,1.21,0.67,47.4,,,,,,
course email marketing,244.0,5.79,0.55,55.3,,,,,,
email marketing examples,239.0,4.04,0.21,41.8,,,,,,
app email marketing,73.0,0.71,0.28,31.4,,,,,,
review email marketing,212.0,7.1,0.66,41.6,,,,,,
checklist email marketing,149.0,0.4,0.09,70.0,,,,,,
email marketing template,199.0,4.61,0.15,67.7,,,,,,
email marketing ideas,348.0,2.85,0.63,37.6,,,,,,
email marketing strategy,55.0,8.66,0.91,68.0,,,,,,
emailing marketing best,2832.0,7.05,0.72,45.4,,,,,,
emailing marketing how to,97.0,8.14,0.46,23.2,,,,,,
emailing marketing free,576.0,1.76,0.86,73.3,,,,,,
for beginners emailing marketing,571.0,5.72,0.58,63.5,,,,,,
emailing marketing tools,527.0,0.57,0.49,34.7,,,,,,
emailing marketing 2026,3622.0,5.37,0.17,88.3,,,,,,
vs emailing marketing,51.0,5.4,0.02,91.3,,,,,,
emailing marketing guide,645.0,0.93,0.49,49.2,,,,,,
tips emailing marketing,91.0,4.37,0.27,34.8,,,,,,
near me emailing marketing,161.0,0.39,0.83,85.7,,,,,,
emailing marketing price,85.0,1.16,0.67,30.3,,,,,,
software emailing marketing,5720.0,6.96,0.11,87.4,,,,,,
emailing marketing course,94.0,5.08,0.37,79.7,,,,,,
examples emailing marketing,104.0,8.59,0.29,51.4,,,,,,
emailing marketing app,151.0,1.65,0.04,44.2,,,,,,
review emailing marketing,522.0,6.79,0.89,85.4,,,,,,
checklist emailing marketing,2861.0,6.99,0.66,38.6,,,,,,
emailing marketing template,4038.0,2.51,0.94,26.7,,,,,,
emailing marketing ideas,5353.0,1.55,0.18,58.9,,,,,,
strategy emailing marketing,3321.0,2.93,0.78,92.5,,,,,,
best marketing emails,315.0,0.32,0.23,16.9,,,,,,
how to marketing emails,18.0,4.66,0.69,57.3,,,,,,
marketing emails free,244.0,6.5,0.74,16.8,,,,,,
marketing emails for beginners,839.0,3.7,0.3,49.0,,,,,,
tools marketing emails,2999.0,2.72,0.92,7.2,,,,,,
2026 marketing emails,525.0,1.13,0.14,42.7,,,,,,
vs marketing emails,6736.0,8.41,0.8,47.1,,,,,,
guide marketing emails,647.0,1.16,0.83,76.7,,,,,,
marketing emails tips,316.0,5.53,0.87,59.3,,,,,,
marketing emails near me,108.0,5.94,0.87,45.9,,,,,,
marketing emails price,58.0,6.76,0.82,14.5,,,,,,
marketing emails software,232.0,1.49,0.82,32.9,,,,,,
marketing emails course,1294.0,1.66,0.28,18.8,,,,,,
marketing emails examples,282.0,0.69,0.17,9.8,,,,,,
app marketing emails,1842.0,3.66,0.32,50.4,,,,,,
review marketing emails,136.0,0.58,0.18,26.3,,,,,,
marketing emails checklist,4272.0,3.86,0.05,38.6,,,,,,
template marketing emails,76.0,7.53,0.05,88.2,,,,,,
marketing emails ideas,1621.0,8.14,0.98,77.2,,,,,,
strategy marketing emails,436.0,7.06,0.13,53.2,,,,,,
best email templates,3667.0,4.27,0.39,62.6,,,,,,
email templates how to,230.0,4.41,0.42,25.9,,,,,,
email templates free,1474.0,3.08,0.38,66.7,,,,,,
email templates for beginners,2835.0,8.26,0.48,34.6,,,,,,
tools email templates,5518.0,5.94,0.8,52.9,,,,,,
2026 email templates,141.0,6.67,0.2,67.5,,,,,,
vs email templates,448.0,5.61,0.1,70.3,,,,,,
email templates guide,38.0,1.41,0.96,77.1,,,,,,
tips email templates,1049.0,7.2,0.95,27.8,,,,,,
near me email templates,147.0,5.62,0.17,55.8,,,,,,
price email templates,12.0,4.8,0.76,76.9,,,,,,
email templates software,18.0,8.39,0.12,15.5,,,,,,
email templates course,701.0,3.88,0.77,65.4,,,,,,
email templates examples,572.0,6.91,0.27,37.8,,,,,,
email templates app,320.0,1.5,0.94,44.4,,,,,,
email templates review,3722.0,5.07,0.94,75.2,,,,,,
email templates checklist,410.0,8.88,0.72,90.6,,,,,,
email templates template,13246.0,5.81,0.12,57.9,,,,,,
ideas email templates,474.0,4.2,0.83,31.6,,,,,,
email templates strategy,122.0,2.86,0.92,75.3,,,,,,
what is email advertising best,12.0,7.94,0.28,80.3,,,,,,
what is email advertising how to,496.0,1.0,0.9,7.6,,,,,,
what is email advertising free,308.0,7.04,0.2,87.0,,,,,,
for beginners what is email advertising,270.0,0.25,0.05,59.5,,,,,,
tools what is email advertising,43.0,7.67,0.06,77.1,,,,,,
2026 what is email advertising,542.0,6.34,0.84,8.6,,,,,,
what is email advertising vs,3072.0,5.74,0.85,19.0,,,,,,
guide what is email advertising,106.0,2.58,0.71,93.2,,,,,,
tips what is email advertising,727.0,5.62,0.04,84.6,,,,,,
near me what is email advertising,1623.0,1.01,0.18,93.2,,,,,,
what is email advertising price,766.0,5.8,0.57,18.1,,,,,,
software what is email advertising,241.0,5.29,0.7,63.4,,,,,,
course what is email advertising,716.0,4.67,0.4,47.7,,,,,,
what is email advertising examples,447.0,2.65,0.3,43.5,,,,,,
app what is email advertising,388.0,3.82,0.41,24.6,,,,,,
review what is email advertising,75.0,0.52,0.42,47.7,,,,,,
what is email advertising checklist,95.0,5.18,0.7,63.3,,,,,,
template what is email advertising,1021.0,7.13,0.55,43.8,,,,,,
ideas what is email advertising,19860.0,4.71,0.74,84.8,,,,,,
strategy what is email advertising,370.0,4.78,0.8,33.3,,,,,,
best what is email marketing,1094.0,7.61,0.06,30.3,,,,,,
what is email marketing how to,253.0,2.96,0.74,6.3,,,,,,
free what is email marketing,42.0,3.48,0.15,59.1,,,,,,
what is email marketing for beginners,4.0,8.63,1.0,74.5,,,,,,
what is email marketing tools,810.0,6.41,0.39,62.7,,,,,,
what is email marketing 2026,1321.0,4.82,0.16,19.9,,,,,,
vs what is email marketing,4644.0,5.09,0.84,94.1,,,,,,
what is email marketing guide,3313.0,3.65,0.08,73.0,,,,,,
what is email marketing tips,4217.0,1.53,0.18,86.6,,,,,,
what is email marketing near me,38.0,2.77,0.49,57.8,,,,,,
what is email marketing price,123.0,2.34,0.84,62.4,,,,,,
software what is email marketing,275.0,6.91,0.06,38.0,,,,,,
course what is email marketing,1090.0,7.63,0.48,74.2,,,,,,
examples what is email marketing,354.0,8.2,0.59,81.5,,,,,,
what is email marketing app,106.0,3.71,0.92,61.8,,,,,,
what is email marketing review,1556.0,1.89,0.02,88.5,,,,,,
what is email marketing checklist,534.0,5.47,0.01,30.0,,,,,,
template what is email marketing,536.0,8.84,0.62,48.0,,,,,,
ideas what is email marketing,695.0,6.54,0.96,75.4,,,,,,
strategy what is email marketing,1178.0,6.65,0.44,54.8,,,,,,
best email marketing tools,4521.0,8.86,0.29,71.0,,,,,,
how to email marketing tools,213.0,1.29,0.04,75.0,,,,,,
email marketing tools free,1364.0,4.29,0.98,42.0,,,,,,
for beginners email marketing tools,2728.0,5.09,0.8,88.2,,,,,,
tools email marketing tools,790.0,3.48,0.05,14.8,,,,,,
2026 email marketing tools,47.0,7.01,0.87,71.5,,,,,,
vs email marketing tools,579.0,2.26,0.62,82.2,,,,,,
email marketing tools guide,603.0,6.16,0.03,41.1,,,,,,
tips email marketing tools,3114.0,2.29,0.85,36.3,,,,,,
near me email marketing tools,219.0,5.39,0.4,29.7,,,,,,
price email marketing tools,75.0,0.95,0.34,69.6,,,,,,
software email marketing tools,8769.0,2.81,0.41,17.3,,,,,,
course email marketing tools,30.0,3.65,0.92,49.7,,,,,,
email marketing tools examples,4923.0,0.79,0.2,6.6,,,,,,
email marketing tools app,526.0,3.22,0.42,91.3,,,,,,
review email marketing tools,104.0,2.7,0.9,26.2,,,,,,
email marketing tools checklist,831.0,4.86,0.74,58.2,,,,,,
template email marketing tools,138.0,2.32,0.32,19.0,,,,,,
ideas email marketing tools,718.0,5.14,0.79,75.5,,,,,,
email marketing tools strategy,1030.0,8.95,0.67,78.3,,,,,,
best images of email,209.0,1.83,0.56,14.2,,,,,,
how to images of email,213.0,4.71,0.43,8.2,,,,,,
free images of email,116.0,0.56,0.25,10.9,,,,,,
images of email for beginners,298.0,2.95,0.05,15.0,,,,,,
images of email tools,1946.0,6.34,0.21,32.2,,,,,,
images of email 2026,1065.0,0.21,0.11,82.6,,,,,,
images of email vs,294.0,4.51,0.33,43.8,,,,,,
guide images of email,87.0,2.49,0.32,26.8,,,,,,
images of email tips,101.0,2.21,0.33,88.7,,,,,,
images of email near me,75.0,6.46,0.15,9.3,,,,,,
images of email price,612.0,0.28,0.19,7.8,,,,,,
images of email software,13.0,2.33,0.57,58.1,,,,,,
course images of email,468.0,7.71,0.62,19.6,,,,,,
examples images of email,105.0,2.44,0.92,45.9,,,,,,
app images of email,5870.0,3.38,0.81,33.7,,,,,,
review images of email,783.0,2.1,0.41,33.6,,,,,,
images of email checklist,672.0,3.25,0.02,19.9,,,,,,
template images of email,5027.0,6.7,0.32,85.1,,,,,,
ideas images of email,410.0,1.46,0.69,20.6,,,,,,
strategy images of email,57.0,0.24,0.02,94.4,,,,,,
best email images,410.0,8.1,0.88,53.3,,,,,,
how to email images,321.0,0.64,0.59,31.5,,,,,,
free email images,27.0,0.36,0.6,25.8,,,,,,
for beginners email images,427.0,5.57,0.55,40.7,,,,,,
tools email images,2782.0,5.19,0.76,93.5,,,,,,
email images 2026,558.0,0.31,0.8,51.8,,,,,,
email images vs,157.0,8.03,0.4,66.4,,,,,,
email images guide,73.0,1.77,0.2,82.3,,,,,,
tips email images,70.0,4.33,0.73,84.1,,,,,,
email images near me,338.0,6.73,0.73,75.5,,,,,,
price email images,74.0,8.15,0.87,76.8,,,,,,
email images software,3433.0,6.74,0.02,93.1,,,,,,
email images course,5600.0,8.01,0.39,33.7,,,,,,
examples email images,1446.0,3.8,0.6,89.2,,,,,,
email images app,1576.0,3.52,0.39,16.8,,,,,,
email images review,763.0,3.19,0.95,26.9,,,,,,
email images checklist,369.0,7.95,0.28,23.2,,,,,,
email images template,219.0,4.32,0.26,9.1,,,,,,
email images ideas,1195.0,5.94,0.5,15.0,,,,,,
email images strategy,289.0,6.93,0.88,86.1,,,,,,
best image for email,76.0,8.59,0.07,17.4,,,,,,
image for email how to,211.0,1.05,0.85,60.5,,,,,,
free image for email,218.0,2.43,0.16,81.7,,,,,,
for beginners image for email,110.0,2.81,0.37,41.4,,,,,,
tools image for email,323.0,2.02,0.94,15.9,,,,,,
2026 image for email,59.0,2.53,0.85,21.2,,,,,,
image for email vs,928.0,2.36,0.71,81.6,,,,,,
guide image for email,95.0,4.87,0.25,27.0,,,,,,
image for email tips,109.0,8.01,0.78,51.6,,,,,,
image for email near me,312.0,4.92,0.43,16.9,,,,,,
image for email price,790.0,4.44,0.95,19.7,,,,,,
software image for email,71.0,2.43,0.03,15.7,,,,,,
course image for email,1524.0,5.55,0.47,41.0,,,,,,
examples image for email,667.0,8.9,0.82,71.7,,,,,,
image for email app,794.0,8.3,0.34,9.5,,,,,,
image for email review,195.0,5.68,0.75,76.4,,,,,,
image for email checklist,491.0,4.05,0.64,5.2,,,,,,
template image for email,274.0,0.75,0.46,16.6,,,,,,
image for email ideas,344.0,3.66,0.92,33.7,,,,,,
strategy image for email,2115.0,6.01,0.6,47.6,,,,,,
best e mail marketing meaning,40.0,1.76,0.68,81.1,,,,,,
e mail marketing meaning how to,49.0,8.05,0.75,94.3,,,,,,
free e mail marketing meaning,195.0,2.86,0.95,38.0,,,,,,
for beginners e mail marketing meaning,342.0,5.14,0.72,50.8,,,,,,
tools e mail marketing meaning,1388.0,5.89,0.34,41.7,,,,,,
e mail marketing meaning 2026,405.0,1.01,0.67,64.0,,,,,,
vs e mail marketing meaning,712.0,3.07,0.2,75.0,,,,,,
guide e mail marketing meaning,84.0,6.08,0.13,29.8,,,,,,
e mail marketing meaning tips,1022.0,6.14,0.91,23.2,,,,,,
near me e mail marketing meaning,17.0,8.59,0.61,28.0,,,,,,
price e mail marketing meaning,1935.0,8.79,0.4,66.7,,,,,,
e mail marketing meaning software,182.0,7.9,0.61,45.0,,,,,,
course e mail marketing meaning,1114.0,3.04,0.54,49.1,,,,,,
examples e mail marketing meaning,128.0,2.35,0.91,88.1,,,,,,
app e mail marketing meaning,777.0,6.76,0.76,73.6,,,,,,
e mail marketing meaning review,51.0,2.31,0.64,31.0,,,,,,
e mail marketing meaning checklist,786.0,3.81,0.22,78.4,,,,,,
template e mail marketing meaning,153.0,0.27,0.34,76.8,,,,,,
ideas e mail marketing meaning,359.0,7.01,0.12,40.1,,,,,,
strategy e mail marketing meaning,102.0,1.55,0.42,60.8,,,,,,
best email marketing examples,3473.0,0.81,0.14,76.2,,,,,,
email marketing examples how to,476.0,6.04,0.11,79.9,,,,,,
email marketing examples free,266.0,5.06,0.5,66.8,,,,,,
for beginners email marketing examples,150.0,8.99,0.52,13.6,,,,,,
tools email marketing examples,1738.0,3.0,0.46,43.2,,,,,,
email marketing examples 2026,879.0,3.31,0.79,79.9,,,,,,
vs email marketing examples,2850.0,3.03,0.75,77.1,,,,,,
email marketing examples guide,281.0,1.47,0.88,13.6,,,,,,
email marketing examples tips,684.0,0.79,0.05,5.0,,,,,,
email marketing examples near me,283.0,0.51,0.65,79.1,,,,,,
email marketing examples price,279.0,7.78,0.82,53.5,,,,,,
software email marketing examples,3205.0,3.67,0.74,28.2,,,,,,
course email marketing examples,353.0,6.8,0.46,38.1,,,,,,
email marketing examples examples,178.0,6.81,0.12,12.7,,,,,,
email marketing examples app,1860.0,7.44,0.4,94.1,,,,,,
email marketing examples review,173.0,4.15,0.39,83.8,,,,,,
checklist email marketing examples,10.0,1.89,0.22,64.0,,,,,,
email marketing examples template,42.0,5.18,0.55,79.6,,,,,,
ideas email marketing examples,217.0,0.64,0.6,48.8,,,,,,
email marketing examples strategy,90.0,6.87,0.83,55.5,,,,,,
email advertising examples best,698.0,4.79,0.31,55.8,,,,,,
how to email advertising examples,1042.0,0.21,0.21,85.5,,,,,,
free email advertising examples,1011.0,8.03,0.47,47.8,,,,,,
for beginners email advertising examples,1242.0,2.09,0.59,22.6,,,,,,
tools email advertising examples,3742.0,1.07,0.21,43.0,,,,,,
email advertising examples 2026,345.0,7.77,0.32,37.5,,,,,,
email advertising examples vs,12362.0,2.53,0.61,23.5,,,,,,
guide email advertising examples,138.0,1.08,0.11,15.4,,,,,,
tips email advertising examples,67.0,7.7,0.75,78.8,,,,,,
near me email advertising examples,1304.0,0.59,0.4,34.2,,,,,,
price email advertising examples,933.0,7.29,0.17,93.1,,,,,,
email advertising examples software,459.0,3.7,0.58,16.5,,,,,,
email advertising examples course,1019.0,1.11,0.87,58.0,,,,,,
email advertising examples examples,181.0,4.0,0.63,88.4,,,,,,
app email advertising examples,311.0,3.1,0.45,56.1,,,,,,
email advertising examples review,634.0,5.08,0.32,36.1,,,,,,
email advertising examples checklist,5483.0,1.66,0.72,40.0,,,,,,
email advertising examples template,206.0,6.85,0.26,79.4,,,,,,
ideas email advertising examples,1069.0,6.09,0.05,90.1,,,,,,
email advertising examples strategy,705.0,5.3,0.0,8.5,,,,,,
best email marketing example,696.0,0.43,0.74,81.7,,,,,,
email marketing example how to,1331.0,0.25,0.79,34.8,,,,,,
free email marketing example,8145.0,5.17,0.27,19.5,,,,,,
for beginners email marketing example,16.0,4.92,0.97,91.7,,,,,,
tools email marketing example,71.0,5.43,0.88,38.7,,,,,,
email marketing example 2026,1013.0,4.44,0.56,93.4,,,,,,
vs email marketing example,2564.0,3.46,0.42,15.7,,,,,,
guide email marketing example,146.0,2.7,0.3,83.7,,,,,,
email marketing example tips,709.0,4.28,0.69,19.7,,,,,,
near me email marketing example,390.0,5.64,0.04,46.6,,,,,,
price email marketing example,37.0,1.43,0.19,36.0,,,,,,
email marketing example software,1502.0,3.76,0.81,92.7,,,,,,
email marketing example course,1082.0,7.87,0.63,43.6,,,,,,
email marketing example examples,779.0,4.9,0.99,91.3,,,,,,
email marketing example app,134.0,2.86,0.9,9.1,,,,,,
review email marketing example,58.0,1.23,0.06,80.1,,,,,,
email marketing example checklist,229.0,8.26,0.57,40.8,,,,,,
email marketing example template,1594.0,8.73,0.31,22.0,,,,,,
email marketing example ideas,74.0,1.03,0.87,68.7,,,,,,
strategy email marketing example,1399.0,7.61,0.94,16.4,,,,,,
best email marketing sample,929.0,4.98,0.9,92.5,,,,,,
how to email marketing sample,5.0,4.22,0.39,37.5,,,,,,
email marketing sample free,2625.0,0.88,0.78,45.1,,,,,,
for beginners email marketing sample,3700.0,0.51,0.16,23.5,,,,,,
tools email marketing sample,996.0,4.74,0.94,92.9,,,,,,
email marketing sample 2026,248.0,1.55,0.06,22.6,,,,,,
vs email marketing sample,592.0,4.93,0.63,23.2,,,,,,
guide email marketing sample,11436.0,7.8,0.95,36.3,,,,,,
email marketing sample tips,11429.0,4.05,0.95,39.0,,,,,,
near me email marketing sample,294.0,1.81,0.32,63.8,,,,,,
price email marketing sample,1389.0,2.21,0.72,20.2,,,,,,
software email marketing sample,100.0,1.14,0.5,51.8,,,,,,
course email marketing sample,208.0,8.95,0.49,48.0,,,,,,
email marketing sample examples,692.0,5.42,0.23,62.4,,,,,,
email marketing sample app,13209.0,4.33,0.9,47.8,,,,,,
email marketing sample review,866.0,5.9,0.78,43.5,,,,,,
checklist email marketing sample,12700.0,5.75,0.35,64.6,,,,,,
template email marketing sample,136.0,3.46,0.43,78.1,,,,,,
ideas email marketing sample,58.0,4.25,0.22,72.1,,,,,,
email marketing sample strategy,2181.0,5.72,0.75,85.5,,,,,,
examples of email marketing best,9358.0,8.61,0.15,22.8,,,,,,
examples of email marketing how to,939.0,7.97,0.76,68.7,,,,,,
examples of email marketing free,1505.0,4.41,0.15,29.6,,,,,,
examples of email marketing for beginners,389.0,5.04,0.71,11.3,,,,,,
examples of email marketing tools,654.0,6.78,0.82,45.3,,,,,,
2026 examples of email marketing,158.0,3.38,0.18,47.1,,,,,,
examples of email marketing vs,17.0,6.82,0.31,29.6,,,,,,
examples of email marketing guide,917.0,2.87,0.37,26.2,,,,,,
tips examples of email marketing,138.0,4.58,0.64,83.0,,,,,,
near me examples of email marketing,6.0,8.03,0.91,76.2,,,,,,
examples of email marketing price,2435.0,0.34,0.48,49.5,,,,,,
examples of email marketing software,641.0,5.06,0.84,14.8,,,,,,
examples of email marketing course,1241.0,7.66,0.99,83.6,,,,,,
examples examples of email marketing,1422.0,3.73,0.27,59.6,,,,,,
app examples of email marketing,27.0,5.1,0.3,20.3,,,,,,
examples of email marketing review,136.0,8.55,0.4,80.1,,,,,,
checklist examples of email marketing,135.0,1.74,0.81,28.8,,,,,,
template examples of email marketing,497.0,6.16,0.81,26.2,,,,,,
examples of email marketing ideas,70.0,2.53,0.43,43.9,,,,,,
examples of email marketing strategy,290.0,6.99,0.38,80.2,,,,,,
marketing email examples best,421.0,5.23,0.99,8.5,,,,,,
marketing email examples how to,320.0,7.33,0.09,40.6,,,,,,
free marketing email examples,11.0,1.86,0.2,41.9,,,,,,
marketing email examples for beginners,48.0,5.85,0.69,93.5,,,,,,
marketing email examples tools,652.0,8.33,0.25,70.7,,,,,,
2026 marketing email examples,2206.0,4.32,0.2,21.7,,,,,,
marketing email examples vs,864.0,7.21,0.91,77.2,,,,,,
marketing email examples guide,276.0,2.44,0.14,89.9,,,,,,
marketing email examples tips,31932.0,7.65,0.4,8.2,,,,,,
marketing email examples near me,432.0,7.09,0.21,87.6,,,,,,
price marketing email examples,11.0,2.2,0.05,83.1,,,,,,
marketing email examples software,116.0,6.89,0.13,75.3,,,,,,
course marketing email examples,28.0,4.08,0.88,52.5,,,,,,
examples marketing email examples,857.0,6.79,0.29,15.6,,,,,,
marketing email examples app,437.0,4.65,0.58,40.6,,,,,,
review marketing email examples,188.0,2.37,0.74,66.0,,,,,,
checklist marketing email examples,38.0,7.2,0.96,70.0,,,,,,
template marketing email examples,14478.0,3.3,0.64,47.7,,,,,,
ideas marketing email examples,141.0,3.83,0.88,30.6,,,,,,
strategy marketing email examples,352.0,8.82,0.88,32.1,,,,,,
best email marketing meaning,35.0,5.54,0.66,79.7,,,,,,
email marketing meaning how to,42.0,6.46,0.56,49.6,,,,,,
email marketing meaning free,1053.0,7.81,0.03,40.7,,,,,,
for beginners email marketing meaning,180.0,6.8,0.26,83.0,,,,,,
tools email marketing meaning,527.0,2.1,0.53,75.1,,,,,,
email marketing meaning 2026,29.0,0.44,0.96,68.9,,,,,,
vs email marketing meaning,12.0,4.88,0.48,45.5,,,,,,
guide email marketing meaning,1876.0,8.01,0.81,36.5,,,,,,
tips email marketing meaning,340.0,8.76,0.9,88.0,,,,,,
email marketing meaning near me,1001.0,2.06,0.09,15.8,,,,,,
email marketing meaning price,7218.0,0.85,0.13,79.5,,,,,,
software email marketing meaning,450.0,5.75,0.88,62.5,,,,,,
course email marketing meaning,46.0,4.14,0.35,47.1,,,,,,
email marketing meaning examples,117.0,2.49,0.15,27.2,,,,,,
app email marketing meaning,56.0,6.24,0.86,12.0,,,,,,
review email marketing meaning,192.0,2.11,0.69,86.9,,,,,,
email marketing meaning checklist,172.0,2.75,0.55,61.0,,,,,,
template email marketing meaning,85.0,1.39,0.69,65.7,,,,,,
ideas email marketing meaning,82.0,4.13,0.41,12.8,,,,,,
email marketing meaning strategy,101.0,6.74,0.24,79.7,,,,,,
best marketing email sample,449.0,4.36,0.5,60.8,,,,,,
how to marketing email sample,53.0,4.85,0.6,71.4,,,,,,
marketing email sample free,465.0,4.44,0.92,49.4,,,,,,
marketing email sample for beginners,2129.0,4.17,0.18,24.5,,,,,,
marketing email sample tools,398.0,4.0,0.77,71.0,,,,,,
marketing email sample 2026,246.0,1.56,0.94,20.1,,,,,,
vs marketing email sample,783.0,5.85,0.41,73.4,,,,,,
marketing email sample guide,825.0,4.6,0.76,81.5,,,,,,
tips marketing email sample,20.0,2.72,0.25,28.7,,,,,,
near me marketing email sample,1092.0,8.91,0.53,62.5,,,,,,
price marketing email sample,1279.0,1.99,0.53,80.0,,,,,,
marketing email sample software,1466.0,8.87,0.99,86.5,,,,,,
course marketing email sample,439.0,3.02,0.55,55.5,,,,,,
examples marketing email sample,560.0,3.79,0.75,35.0,,,,,,
marketing email sample app,410.0,1.86,0.85,45.2,,,,,,
marketing email sample review,423.0,5.08,0.02,33.5,,,,,,
marketing email sample checklist,570.0,2.62,0.06,9.9,,,,,,
template marketing email sample,313.0,7.67,0.16,59.6,,,,,,
marketing email sample ideas,79.0,0.83,0.8,85.4,,,,,,
marketing email sample strategy,294.0,8.15,0.55,18.5,,,,,,
marketing email templates best,173.0,6.58,0.6,90.8,,,,,,
marketing email templates how to,1205.0,4.4,0.36,25.2,,,,,,
marketing email templates free,3405.0,6.46,0.02,44.5,,,,,,
for beginners marketing email templates,81.0,7.03,0.81,69.1,,,,,,
marketing email templates tools,124.0,5.51,0.25,8.8,,,,,,
marketing email templates 2026,39.0,3.84,0.18,79.2,,,,,,
vs marketing email templates,2012.0,8.38,0.02,88.2,,,,,,
guide marketing email templates,423.0,6.91,0.97,86.5,,,,,,
tips marketing email templates,866.0,0.89,0.85,60.2,,,,,,
near me marketing email templates,160.0,5.23,0.15,71.6,,,,,,
marketing email templates price,1882.0,7.67,0.47,50.9,,,,,,
marketing email templates software,168.0,6.65,0.37,20.7,,,,,,
marketing email templates course,220.0,8.49,0.73,24.4,,,,,,
examples marketing email templates,383.0,7.7,0.24,60.7,,,,,,
app marketing email templates,465.0,6.3,0.99,18.6,,,,,,
marketing email templates review,130.0,3.19,0.07,47.8,,,,,,
checklist marketing email templates,582.0,3.15,0.85,51.8,,,,,,
template marketing email templates,1575.0,8.59,0.65,15.4,,,,,,
ideas marketing email templates,154.0,1.45,0.15,66.9,,,,,,
marketing email templates strategy,576.0,1.43,0.44,42.3,,,,,,
best email templates for marketing,254.0,0.48,0.61,38.6,,,,,,
how to email templates for marketing,23.0,0.32,0.25,46.1,,,,,,
email templates for marketing free,174.0,3.52,0.53,58.4,,,,,,
email templates for marketing for beginners,543.0,3.23,0.42,14.0,,,,,,
tools email templates for marketing,914.0,0.4,0.6,73.7,,,,,,
email templates for marketing 2026,636.0,5.76,0.93,93.3,,,,,,
email templates for marketing vs,148.0,5.01,0.15,35.3,,,,,,
guide email templates for marketing,350.0,4.18,0.84,34.2,,,,,,
email templates for marketing tips,5800.0,4.38,0.13,9.7,,,,,,
near me email templates for marketing,512.0,4.64,0.09,43.1,,,,,,
price email templates for marketing,412.0,8.75,0.26,50.4,,,,,,
software email templates for marketing,44.0,2.66,0.86,40.1,,,,,,
course email templates for marketing,2870.0,1.84,0.3,7.8,,,,,,
email templates for marketing examples,1218.0,6.18,0.18,65.7,,,,,,
email templates for marketing app,1609.0,3.27,0.72,47.0,,,,,,
email templates for marketing review,90.0,5.23,0.21,86.0,,,,,,
email templates for marketing checklist,1274.0,4.55,0.12,26.5,,,,,,
template email templates for marketing,437.0,7.3,0.94,59.6,,,,,,
ideas email templates for marketing,78.0,8.94,0.34,19.7,,,,,,
strategy email templates for marketing,253.0,1.77,0.61,6.3,,,,,,
best email promotion template,300.0,0.55,0.11,26.6,,,,,,
email promotion template how to,439.0,1.9,0.38,39.7,,,,,,
email promotion template free,102.0,0.99,0.03,23.2,,,,,,
for beginners email promotion template,1869.0,8.37,0.5,52.9,,,,,,
email promotion template tools,813.0,6.93,0.84,85.6,,,,,,
email promotion template 2026,464.0,7.3,0.31,88.6,,,,,,
email promotion template vs,4085.0,6.98,0.09,64.1,,,,,,
email promotion template guide,265.0,7.23,0.6,82.1,,,,,,
email promotion template tips,553.0,3.84,0.04,45.3,,,,,,
email promotion template near me,840.0,3.94,0.88,29.3,,,,,,
price email promotion template,1285.0,3.08,0.5,42.6,,,,,,
email promotion template software,386.0,1.54,0.35,55.9,,,,,,
email promotion template course,2003.0,2.46,0.97,75.6,,,,,,
examples email promotion template,121.0,1.45,0.53,20.3,,,,,,
app email promotion template,2666.0,2.52,0.93,15.4,,,,,,
review email promotion template,137.0,0.72,0.6,78.4,,,,,,
email promotion template checklist,488.0,2.48,0.66,15.7,,,,,,
template email promotion template,564.0,1.84,0.32,57.9,,,,,,
ideas email promotion template,132.0,1.58,0.1,95.0,,,,,,
email promotion template strategy,2840.0,4.44,0.92,12.9,,,,,,
email marketing template best,31.0,8.54,0.31,37.0,,,,,,
email marketing template how to,257.0,1.87,0.9,27.8,,,,,,
free email marketing template,864.0,0.54,0.65,35.5,,,,,,
for beginners email marketing template,24.0,8.56,0.75,83.9,,,,,,
email marketing template tools,199.0,3.44,0.54,31.7,,,,,,
email marketing template 2026,90.0,2.44,0.39,22.7,,,,,,
email marketing template vs,412.0,3.62,0.35,53.1,,,,,,
guide email marketing template,462.0,5.37,0.97,52.0,,,,,,
tips email marketing template,777.0,0.72,0.43,67.8,,,,,,
near me email marketing template,2800.0,1.02,0.56,16.4,,,,,,
price email marketing template,348.0,6.57,0.87,61.6,,,,,,
software email marketing template,458.0,7.61,0.87,8.3,,,,,,
course email marketing template,961.0,7.77,0.65,42.8,,,,,,
email marketing template examples,58.0,6.39,0.2,13.4,,,,,,
app email marketing template,352.0,1.96,0.29,92.5,,,,,,
review email marketing template,49.0,2.91,0.3,8.6,,,,,,
checklist email marketing template,132.0,0.24,0.73,90.4,,,,,,
template email marketing template,1110.0,4.48,0.44,34.2,,,,,,
ideas email marketing template,584.0,5.46,0.9,94.6,,,,,,
email marketing template strategy,496.0,1.79,0.35,30.9,,,,,,
marketing email template best,292.0,4.57,0.92,7.9,,,,,,
marketing email template how to,1039.0,0.91,0.26,93.7,,,,,,
marketing email template free,6831.0,5.25,0.5,57.2,,,,,,
marketing email template for beginners,2116.0,1.42,0.43,67.1,,,,,,
tools marketing email template,12285.0,5.2,0.07,20.3,,,,,,
marketing email template 2026,2450.0,2.73,0.72,11.0,,,,,,
vs marketing email template,130.0,0.98,0.02,10.1,,,,,,
guide marketing email template,6.0,5.02,0.43,76.6,,,,,,
marketing email template tips,411.0,8.9,0.15,79.8,,,,,,
marketing email template near me,3143.0,8.0,0.67,66.7,,,,,,
marketing email template price,740.0,3.43,0.52,46.6,,,,,,
marketing email template software,2231.0,2.41,0.37,18.5,,,,,,
course marketing email template,3658.0,1.38,0.69,81.3,,,,,,
marketing email template examples,596.0,0.28,0.05,73.6,,,,,,
app marketing email template,1410.0,6.78,0.07,58.3,,,,,,
review marketing email template,18.0,0.3,0.6,94.2,,,,,,
marketing email template checklist,142.0,1.29,0.56,58.7,,,,,,
template marketing email template,381.0,8.05,0.81,27.3,,,,,,
ideas marketing email template,655.0,3.1,0.93,66.4,,,,,,
strategy marketing email template,237.0,4.93,0.49,14.7,,,,,,
email marketing templates best,225.0,0.79,0.93,16.1,,,,,,
email marketing templates how to,339.0,1.05,0.9,70.3,,,,,,
email marketing templates free,141.0,5.76,0.76,79.5,,,,,,
for beginners email marketing templates,40.0,3.04,0.7,91.1,,,,,,
tools email marketing templates,1099.0,4.05,0.76,94.8,,,,,,
email marketing templates 2026,33.0,4.95,0.48,56.4,,,,,,
email marketing templates vs,306.0,5.33,0.59,64.2,,,,,,
guide email marketing templates,615.0,7.15,0.62,53.4,,,,,,
tips email marketing templates,34.0,2.6,0.53,83.6,,,,,,
near me email marketing templates,104.0,5.41,0.22,71.1,,,,,,
price email marketing templates,3087.0,5.4,0.34,45.2,,,,,,
software email marketing templates,24.0,4.77,0.37,9.5,,,,,,
email marketing templates course,2209.0,3.49,0.94,50.5,,,,,,
email marketing templates examples,41.0,3.18,0.82,39.5,,,,,,
app email marketing templates,95.0,1.18,0.61,91.3,,,,,,
email marketing templates review,1795.0,8.33,0.88,52.0,,,,,,
checklist email marketing templates,1223.0,7.41,0.5,8.0,,,,,,
template email marketing templates,1278.0,7.5,0.28,9.8,,,,,,
ideas email marketing templates,116.0,4.89,0.64,46.6,,,,,,
email marketing templates strategy,25.0,1.05,0.23,80.3,,,,,,
email campaign best,67.0,5.03,0.22,19.7,,,,,,
how to email campaign,1088.0,5.71,0.91,18.6,,,,,,
free email campaign,968.0,7.5,0.63,60.8,,,,,,
for beginners email campaign,1265.0,0.35,0.96,57.7,,,,,,
tools email campaign,382.0,0.31,0.51,50.6,,,,,,
email campaign 2026,3186.0,2.4,0.53,38.8,,,,,,
vs email campaign,140.0,3.01,0.29,53.9,,,,,,
email campaign guide,335.0,8.56,0.29,67.3,,,,,,
email campaign tips,586.0,4.28,0.03,60.6,,,,,,
near me email campaign,3954.0,4.75,0.6,40.6,,,,,,
email campaign price,5219.0,5.96,1.0,6.4,,,,,,
software email campaign,410.0,7.48,0.55,60.8,,,,,,
course email campaign,5845.0,1.28,0.93,7.3,,,,,,
examples email campaign,6902.0,1.91,0.0,45.1,,,,,,
email campaign app,178.0,4.17,0.4,74.1,,,,,,
review email campaign,310.0,1.29,0.3,87.2,,,,,,
email campaign checklist,1014.0,8.49,0.95,42.0,,,,,,
template email campaign,1314.0,6.83,0.03,18.0,,,,,,
ideas email campaign,29.0,6.06,0.35,84.8,,,,,,
strategy email campaign,17.0,7.0,0.27,49.5,,,,,,
email campaigns best,3472.0,7.44,0.9,84.0,,,,,,
how to email campaigns,5032.0,8.4,0.57,43.0,,,,,,
free email campaigns,26.0,2.74,0.24,12.4,,,,,,
email campaigns for beginners,530.0,5.75,0.52,43.6,,,,,,
email campaigns tools,2695.0,7.44,0.2,69.5,,,,,,
2026 email campaigns,671.0,7.79,0.29,84.3,,,,,,
vs email campaigns,641.0,6.05,0.85,94.4,,,,,,
email campaigns guide,1175.0,6.75,0.45,88.4,,,,,,
email campaigns tips,22.0,1.13,0.23,80.7,,,,,,
email campaigns near me,548.0,2.36,0.49,77.5,,,,,,
price email campaigns,1395.0,5.26,0.47,60.3,,,,,,
email campaigns software,224.0,4.35,0.58,50.1,,,,,,
email campaigns course,126.0,6.76,0.34,77.1,,,,,,
examples email campaigns,554.0,5.33,0.29,71.5,,,,,,
email campaigns app,118.0,2.45,0.51,90.4,,,,,,
email campaigns review,406.0,8.89,0.87,19.9,,,,,,
checklist email campaigns,246.0,3.66,0.87,67.0,,,,,,
template email campaigns,353.0,7.35,0.71,47.2,,,,,,
ideas email campaigns,4724.0,1.7,0.64,92.5,,,,,,
email campaigns strategy,23.0,7.77,0.23,50.3,,,,,,
best jobs for email marketing,603.0,5.1,0.51,77.7,,,,,,
jobs for email marketing how to,141.0,1.68,0.74,75.6,,,,,,
jobs for email marketing free,221.0,8.06,0.0,31.9,,,,,,
for beginners jobs for email marketing,3477.0,2.59,0.46,21.3,,,,,,
tools jobs for email marketing,4224.0,5.26,0.09,81.0,,,,,,
jobs for email marketing 2026,289.0,3.37,0.78,23.6,,,,,,
jobs for email marketing vs,28.0,0.49,0.23,70.2,,,,,,
guide jobs for email marketing,85.0,7.96,0.8,83.3,,,,,,
tips jobs for email marketing,848.0,4.82,0.65,87.7,,,,,,
jobs for email marketing near me,76.0,0.84,0.94,45.1,,,,,,
price jobs for email marketing,735.0,8.92,0.16,77.0,,,,,,
software jobs for email marketing,1164.0,6.84,0.35,63.4,,,,,,
course jobs for email marketing,479.0,1.39,0.12,14.3,,,,,,
examples jobs for email marketing,2793.0,2.11,0.69,66.8,,,,,,
app jobs for email marketing,103.0,3.59,0.84,11.8,,,,,,
review jobs for email marketing,57.0,7.65,0.58,61.4,,,,,,
jobs for email marketing checklist,97.0,6.98,1.0,49.3,,,,,,
jobs for email marketing template,1065.0,1.25,0.24,34.6,,,,,,
ideas jobs for email marketing,1937.0,1.66,0.04,83.6,,,,,,
strategy jobs for email marketing,725.0,0.45,0.56,30.4,,,,,,
best marketing email jobs,66.0,8.33,0.29,66.1,,,,,,
marketing email jobs how to,142.0,8.83,0.74,46.9,,,,,,
marketing email jobs free,142.0,6.68,0.22,45.6,,,,,,
marketing email jobs for beginners,1722.0,6.22,0.64,63.5,,,,,,
marketing email jobs tools,20996.0,0.6,0.79,44.0,,,,,,
marketing email jobs 2026,3853.0,2.04,0.59,25.9,,,,,,
marketing email jobs vs,464.0,3.51,0.38,43.8,,,,,,
guide marketing email jobs,3712.0,6.87,0.94,64.5,,,,,,
marketing email jobs tips,1111.0,3.85,0.53,33.6,,,,,,
marketing email jobs near me,273.0,1.29,0.41,55.1,,,,,,
price marketing email jobs,474.0,5.67,0.46,6.8,,,,,,
marketing email jobs software,171.0,2.11,0.27,41.1,,,,,,
course marketing email jobs,407.0,1.62,0.09,54.5,,,,,,
marketing email jobs examples,1429.0,2.15,0.02,89.7,,,,,,
marketing email jobs app,409.0,1.49,0.98,60.6,,,,,,
review marketing email jobs,16998.0,0.98,0.97,23.4,,,,,,
checklist marketing email jobs,845.0,3.58,0.93,18.4,,,,,,
template marketing email jobs,451.0,5.91,0.97,10.2,,,,,,
ideas marketing email jobs,148.0,6.4,0.15,53.0,,,,,,
strategy marketing email jobs,1744.0,1.56,0.24,81.9,,,,,,
email advertising jobs best,117.0,8.99,0.01,19.5,,,,,,
how to email advertising jobs,106.0,5.39,0.68,57.9,,,,,,
email advertising jobs free,79.0,5.43,0.21,55.7,,,,,,
for beginners email advertising jobs,951.0,4.35,0.32,12.7,,,,,,
email advertising jobs tools,480.0,8.88,0.22,78.3,,,,,,
email advertising jobs 2026,731.0,3.88,0.32,76.9,,,,,,
vs email advertising jobs,402.0,1.55,0.78,18.3,,,,,,
guide email advertising jobs,245.0,3.16,0.16,6.1,,,,,,
email advertising jobs tips,154.0,7.22,0.97,14.1,,,,,,
near me email advertising jobs,453.0,4.98,0.32,30.5,,,,,,
price email advertising jobs,1866.0,4.33,0.65,16.5,,,,,,
software email advertising jobs,415.0,7.41,0.65,68.9,,,,,,
course email advertising jobs,402.0,5.6,0.28,14.0,,,,,,
examples email advertising jobs,6288.0,2.32,0.06,54.4,,,,,,
email advertising jobs app,59.0,7.16,0.82,32.9,,,,,,
review email advertising jobs,611.0,4.36,0.66,23.9,,,,,,
checklist email advertising jobs,2362.0,7.5,0.59,27.0,,,,,,
template email advertising jobs,3403.0,7.01,0.59,15.0,,,,,,
email advertising jobs ideas,418.0,2.78,0.89,73.6,,,,,,
strategy email advertising jobs,760.0,6.44,0.95,13.2,,,,,,
email marketing careers best,259.0,6.73,0.47,56.4,,,,,,
email marketing careers how to,478.0,2.55,0.86,59.2,,,,,,
email marketing careers free,636.0,0.77,0.25,25.7,,,,,,
for beginners email marketing careers,145.0,5.64,0.0,21.6,,,,,,
tools email marketing careers,385.0,8.33,0.76,45.3,,,,,,
2026 email marketing careers,53.0,4.26,0.64,87.7,,,,,,
email marketing careers vs,352.0,1.06,0.65,75.5,,,,,,
guide email marketing careers,206.0,1.53,0.22,29.3,,,,,,
tips email marketing careers,1054.0,2.35,0.88,38.7,,,,,,
email marketing careers near me,127.0,1.8,0.73,45.4,,,,,,
email marketing careers price,2626.0,7.38,0.72,83.2,,,,,,
software email marketing careers,201.0,5.58,0.61,29.1,,,,,,
email marketing careers course,13900.0,6.0,0.78,73.5,,,,,,
email marketing careers examples,172.0,4.19,0.55,87.7,,,,,,
app email marketing careers,181.0,7.68,0.96,46.9,,,,,,
email marketing careers review,128.0,3.63,0.26,20.3,,,,,,
checklist email marketing careers,52.0,8.64,0.76,62.7,,,,,,
template email marketing careers,63.0,5.89,0.19,89.4,,,,,,
email marketing careers ideas,349.0,6.46,0.66,45.6,,,,,,
strategy email marketing careers,106.0,6.13,0.27,29.6,,,,,,
careers in email marketing best,883.0,3.12,0.45,22.1,,,,,,
careers in email marketing how to,104.0,1.33,0.69,90.0,,,,,,
careers in email marketing free,197.0,1.07,0.04,69.9,,,,,,
for beginners careers in email marketing,16443.0,0.7,0.78,38.9,,,,,,
careers in email marketing tools,775.0,8.96,0.06,79.4,,,,,,
2026 careers in email marketing,38.0,6.46,0.86,21.5,,,,,,
careers in email marketing vs,30.0,3.31,0.12,21.8,,,,,,
careers in email marketing guide,569.0,0.7,0.92,33.1,,,,,,
tips careers in email marketing,103.0,1.45,0.71,59.1,,,,,,
near me careers in email marketing,1645.0,1.86,0.08,59.4,,,,,,
price careers in email marketing,150.0,6.45,0.98,66.0,,,,,,
careers in email marketing software,1302.0,3.41,0.0,50.7,,,,,,
course careers in email marketing,491.0,4.53,0.17,10.2,,,,,,
careers in email marketing examples,4554.0,7.8,0.14,30.9,,,,,,
careers in email marketing app,320.0,5.07,0.7,63.3,,,,,,
careers in email marketing review,1131.0,1.03,0.15,88.9,,,,,,
checklist careers in email marketing,749.0,8.27,0.65,88.5,,,,,,
careers in email marketing template,436.0,0.75,0.11,13.6,,,,,,
careers in email marketing ideas,1995.0,7.16,0.59,18.2,,,,,,
strategy careers in email marketing,122.0,0.31,0.28,34.8,,,,,,
email marketing tools free best,1412.0,6.89,0.7,17.5,,,,,,
how to email marketing tools free,103.0,1.91,0.65,48.5,,,,,,
email marketing tools free free,22195.0,4.76,0.1,19.8,,,,,,
email marketing tools free for beginners,915.0,2.71,0.36,34.0,,,,,,
tools email marketing tools free,108.0,8.29,0.3,15.3,,,,,,
2026 email marketing tools free,1133.0,7.26,0.88,47.5,,,,,,
vs email marketing tools free,1472.0,2.58,0.49,8.4,,,,,,
guide email marketing tools free,42.0,2.92,0.57,8.9,,,,,,
email marketing tools free tips,92.0,0.83,0.48,35.5,,,,,,
email marketing tools free near me,117.0,6.92,0.95,17.6,,,,,,
price email marketing tools free,57.0,5.85,0.71,68.4,,,,,,
software email marketing tools free,2310.0,4.89,0.32,14.5,,,,,,
course email marketing tools free,828.0,2.63,0.09,22.2,,,,,,
examples email marketing tools free,367.0,3.91,0.09,44.0,,,,,,
email marketing tools free app,55.0,5.3,0.49,48.8,,,,,,
review email marketing tools free,458.0,4.57,0.48,7.4,,,,,,
checklist email marketing tools free,102.0,2.45,1.0,69.7,,,,,,
email marketing tools free template,45.0,0.42,0.6,11.4,,,,,,
ideas email marketing tools free,194.0,5.01,0.62,31.3,,,,,,
email marketing tools free strategy,71.0,1.1,0.09,33.0,,,,,,
free email marketing tools best,835.0,6.43,0.8,59.4,,,,,,
how to free email marketing tools,533.0,7.67,0.51,25.1,,,,,,
free free email marketing tools,231.0,0.43,0.24,38.0,,,,,,
free email marketing tools for beginners,243.0,7.97,0.29,51.9,,,,,,
free email marketing tools tools,193.0,1.59,0.1,50.3,,,,,,
2026 free email marketing tools,118.0,5.39,0.77,40.3,,,,,,
free email marketing tools vs,22.0,0.54,0.33,49.6,,,,,,
free email marketing tools guide,221.0,4.43,0.68,65.0,,,,,,
free email marketing tools tips,132.0,5.35,0.6,33.3,,,,,,
free email marketing tools near me,86.0,5.9,0.14,44.7,,,,,,
price free email marketing tools,168.0,7.73,0.16,50.7,,,,,,
free email marketing tools software,506.0,8.26,0.45,90.9,,,,,,
free email marketing tools course,41471.0,8.32,0.56,23.2,,,,,,
examples free email marketing tools,207.0,8.51,0.44,29.2,,,,,,
free email marketing tools app,2061.0,8.77,0.03,71.6,,,,,,
review free email marketing tools,1287.0,1.17,0.69,63.3,,,,,,
free email marketing tools checklist,1579.0,4.81,0.91,84.0,,,,,,
template free email marketing tools,272.0,2.42,0.51,14.1,,,,,,
ideas free email marketing tools,438.0,4.7,0.05,32.0,,,,,,
free email marketing tools strategy,35.0,7.12,0.06,81.5,,,,,,
best free mailer,44.0,6.0,0.4,18.9,,,,,,
how to free mailer,101.0,7.93,0.92,78.9,,,,,,
free free mailer,240.0,8.86,0.25,11.8,,,,,,
for beginners free mailer,87.0,3.04,0.01,58.7,,,,,,
free mailer tools,100.0,0.56,0.36,84.1,,,,,,
free mailer 2026,635.0,6.86,0.33,78.9,,,,,,
vs free mailer,168.0,0.21,0.04,94.2,,,,,,
guide free mailer,94.0,8.14,0.02,76.3,,,,,,
free mailer tips,147.0,0.26,0.29,72.6,,,,,,
near me free mailer,39.0,2.85,0.31,92.0,,,,,,
free mailer price,83.0,5.06,0.41,54.7,,,,,,
free mailer software,24.0,8.2,0.93,55.8,,,,,,
free mailer course,1954.0,7.58,0.56,68.0,,,,,,
examples free mailer,232.0,6.77,0.21,49.9,,,,,,
app free mailer,379.0,7.73,0.61,16.6,,,,,,
review free mailer,76.0,6.87,0.39,81.9,,,,,,
free mailer checklist,2546.0,0.21,0.64,69.6,,,,,,
template free mailer,27492.0,7.33,0.68,30.0,,,,,,
ideas free mailer,1324.0,8.89,0.97,87.7,,,,,,
strategy free mailer,59.0,1.72,0.54,73.9,,,,,,
best email marketing positions,7241.0,1.16,0.38,50.5,,,,,,
email marketing positions how to,2119.0,1.55,0.84,48.6,,,,,,
email marketing positions free,381.0,4.37,0.16,68.5,,,,,,
for beginners email marketing positions,3614.0,5.41,0.15,32.3,,,,,,
tools email marketing positions,1284.0,8.0,0.23,34.7,,,,,,
email marketing positions 2026,843.0,8.98,0.11,81.7,,,,,,
vs email marketing positions,1643.0,3.23,0.52,31.3,,,,,,
guide email marketing positions,56.0,8.35,0.62,51.3,,,,,,
tips email marketing positions,414.0,8.16,0.18,92.6,,,,,,
near me email marketing positions,1497.0,4.45,0.84,32.6,,,,,,
price email marketing positions,282.0,2.9,0.45,34.0,,,,,,
email marketing positions software,3502.0,2.46,0.75,11.6,,,,,,
course email marketing positions,984.0,3.73,0.72,87.4,,,,,,
examples email marketing positions,514.0,4.46,0.78,31.3,,,,,,
app email marketing positions,85.0,7.29,0.09,9.0,,,,,,
review email marketing positions,688.0,4.06,0.29,16.7,,,,,,
checklist email marketing positions,1080.0,8.43,0.0,17.9,,,,,,
email marketing positions template,101.0,2.19,0.66,34.5,,,,,,
ideas email marketing positions,340.0,5.5,0.69,37.9,,,,,,
email marketing positions strategy,818.0,8.69,0.62,30.0,,,,,,
jobs in email marketing best,118.0,6.08,0.56,84.7,,,,,,
how to jobs in email marketing,270.0,1.87,0.11,91.9,,,,,,
free jobs in email marketing,946.0,5.38,0.06,79.0,,,,,,
jobs in email marketing for beginners,1620.0,4.9,0.28,7.7,,,,,,
tools jobs in email marketing,116.0,0.66,0.76,36.5,,,,,,
jobs in email marketing 2026,3203.0,7.76,0.3,23.9,,,,,,
jobs in email marketing vs,1445.0,3.0,0.08,19.3,,,,,,
jobs in email marketing guide,377.0,0.7,0.21,86.8,,,,,,
tips jobs in email marketing,931.0,2.32,0.42,24.0,,,,,,
jobs in email marketing near me,367.0,5.27,0.36,60.0,,,,,,
jobs in email marketing price,121.0,7.16,0.88,34.0,,,,,,
software jobs in email marketing,790.0,0.67,0.74,20.4,,,,,,
jobs in email marketing course,28.0,1.82,0.09,36.3,,,,,,
examples jobs in email marketing,3594.0,3.56,0.04,59.0,,,,,,
jobs in email marketing app,1312.0,6.82,0.42,31.9,,,,,,
jobs in email marketing review,201.0,3.98,0.88,27.0,,,,,,
checklist jobs in email marketing,2410.0,0.74,0.15,34.8,,,,,,
template jobs in email marketing,157.0,6.66,0.87,73.3,,,,,,
ideas jobs in email marketing,432.0,7.7,0.83,70.7,,,,,,
strategy jobs in email marketing,2406.0,4.38,0.64,51.3,,,,,,
best email marketing job,271.0,7.41,0.8,91.6,,,,,,
email marketing job how to,4900.0,6.86,0.94,86.6,,,,,,
free email marketing job,3410.0,1.67,0.97,28.0,,,,,,
for beginners email marketing job,592.0,4.08,0.21,22.0,,,,,,
tools email marketing job,284.0,0.99,0.72,27.5,,,,,,
2026 email marketing job,737.0,1.96,0.08,51.0,,,,,,
email marketing job vs,409.0,4.29,0.34,28.5,,,,,,
email marketing job guide,888.0,1.65,0.99,34.4,,,,,,
email marketing job tips,83.0,0.71,0.79,51.1,,,,,,
email marketing job near me,936.0,5.75,0.94,91.5,,,,,,
price email marketing job,65.0,7.17,0.49,68.4,,,,,,
email marketing job software,354.0,8.66,0.08,80.3,,,,,,
course email marketing job,141.0,4.82,0.93,91.4,,,,,,
email marketing job examples,105.0,6.34,0.22,34.2,,,,,,
email marketing job app,308.0,5.15,0.65,63.4,,,,,,
review email marketing job,1099.0,2.61,0.02,23.6,,,,,,
email marketing job checklist,1278.0,0.38,0.16,64.9,,,,,,
template email marketing job,1146.0,7.22,0.57,17.4,,,,,,
ideas email marketing job,568.0,3.99,0.39,43.5,,,,,,
email marketing job strategy,1155.0,7.6,0.77,61.5,,,,,,
best emailing campaign,194.0,6.56,0.54,29.4,,,,,,
emailing campaign how to,129.0,5.69,0.48,60.9,,,,,,
emailing campaign free,33.0,2.75,0.44,66.7,,,,,,
emailing campaign for beginners,156.0,2.69,0.68,62.8,,,,,,
tools emailing campaign,299.0,6.64,0.71,26.3,,,,,,
emailing campaign 2026,1260.0,2.64,0.37,40.2,,,,,,
vs emailing campaign,1614.0,7.28,0.44,68.6,,,,,,
emailing campaign guide,53.0,0.45,0.68,35.9,,,,,,
tips emailing campaign,103.0,5.16,0.26,60.8,,,,,,
emailing campaign near me,25.0,1.99,0.11,15.8,,,,,,
price emailing campaign,246.0,0.22,0.95,6.8,,,,,,
emailing campaign software,4117.0,8.25,0.71,46.7,,,,,,
course emailing campaign,1022.0,8.88,0.85,88.6,,,,,,
emailing campaign examples,249.0,6.04,0.52,52.1,,,,,,
app emailing campaign,7.0,2.94,0.4,17.0,,,,,,
emailing campaign review,602.0,7.33,0.7,52.7,,,,,,
emailing campaign checklist,213.0,7.35,0.88,54.2,,,,,,
template emailing campaign,257.0,4.38,0.87,39.8,,,,,,
emailing campaign ideas,246.0,4.76,0.54,64.4,,,,,,
emailing campaign strategy,74.0,7.83,0.35,88.1,,,,,,
email marketing jobs best,3451.0,4.92,0.83,17.5,,,,,,
how to email marketing jobs,312.0,5.36,0.51,8.2,,,,,,
email marketing jobs free,458.0,3.22,0.65,49.8,,,,,,
email marketing jobs for beginners,119.0,1.83,0.19,59.7,,,,,,
email marketing jobs tools,462.0,2.05,0.09,83.8,,,,,,
email marketing jobs 2026,729.0,8.64,0.94,69.3,,,,,,
email marketing jobs vs,30.0,8.9,0.95,14.5,,,,,,
email marketing jobs guide,938.0,1.34,0.69,29.6,,,,,,
email marketing jobs tips,59.0,4.58,0.16,43.9,,,,,,
email marketing jobs near me,57.0,1.48,0.52,22.7,,,,,,
email marketing jobs price,2575.0,0.68,0.14,49.4,,,,,,
software email marketing jobs,272.0,4.08,0.58,26.1,,,,,,
email marketing jobs course,82.0,2.14,0.47,94.1,,,,,,
examples email marketing jobs,155.0,3.92,0.08,34.1,,,,,,
email marketing jobs app,285.0,1.04,0.45,35.6,,,,,,
email marketing jobs review,84.0,3.34,0.85,26.7,,,,,,
checklist email marketing jobs,55.0,4.56,0.15,19.5,,,,,,
template email marketing jobs,562.0,1.72,0.93,8.9,,,,,,
ideas email marketing jobs,1095.0,2.41,0.45,12.9,,,,,,
strategy email marketing jobs,46.0,1.9,0.31,86.2,,,,,,
best email marketing platform,2098.0,5.94,0.66,48.2,,,,,,
how to email marketing platform,446.0,3.32,0.64,54.2,,,,,,
email marketing platform free,542.0,2.96,0.85,39.1,,,,,,
for beginners email marketing platform,21.0,6.83,0.14,88.2,,,,,,
email marketing platform tools,365.0,2.33,0.27,38.0,,,,,,
2026 email marketing platform,129.0,6.09,0.55,45.4,,,,,,
vs email marketing platform,3012.0,2.78,0.95,40.6,,,,,,
guide email marketing platform,90.0,6.39,0.16,57.8,,,,,,
email marketing platform tips,560.0,2.68,0.7,86.9,,,,,,
email marketing platform near me,644.0,5.89,0.42,20.7,,,,,,
email marketing platform price,274.0,5.91,0.57,19.1,,,,,,
email marketing platform software,74.0,2.61,0.73,32.9,,,,,,
course email marketing platform,85.0,4.95,0.62,11.6,,,,,,
email marketing platform examples,1839.0,6.93,0.84,21.8,,,,,,
email marketing platform app,1545.0,5.4,0.62,66.8,,,,,,
review email marketing platform,250.0,6.0,0.56,32.5,,,,,,
checklist email marketing platform,592.0,6.47,0.73,87.4,,,,,,
template email marketing platform,3878.0,7.48,0.77,50.0,,,,,,
ideas email marketing platform,694.0,5.39,0.87,33.6,,,,,,
email marketing platform strategy,153.0,7.22,0.89,39.7,,,,,,
best email marketing platforms,201.0,4.77,0.48,76.9,,,,,,
how to email marketing platforms,10919.0,5.72,0.43,50.9,,,,,,
free email marketing platforms,321.0,4.63,0.86,68.8,,,,,,
for beginners email marketing platforms,314.0,4.85,0.03,39.5,,,,,,
email marketing platforms tools,347.0,0.47,0.69,44.2,,,,,,
email marketing platforms 2026,1478.0,4.37,0.58,5.6,,,,,,
vs email marketing platforms,1988.0,4.17,0.21,52.1,,,,,,
email marketing platforms guide,117.0,3.69,0.64,27.4,,,,,,
email marketing platforms tips,318.0,4.92,0.46,91.6,,,,,,
near me email marketing platforms,8.0,2.8,0.79,55.0,,,,,,
price email marketing platforms,1466.0,5.96,0.9,70.3,,,,,,
email marketing platforms software,118.0,4.46,0.92,77.6,,,,,,
email marketing platforms course,442.0,0.81,0.49,12.3,,,,,,
examples email marketing platforms,921.0,7.56,0.28,51.7,,,,,,
email marketing platforms app,521.0,1.74,0.1,23.5,,,,,,
review email marketing platforms,10.0,5.61,0.75,72.6,,,,,,
email marketing platforms checklist,932.0,4.15,0.2,67.9,,,,,,
email marketing platforms template,2187.0,1.2,0.57,21.7,,,,,,
ideas email marketing platforms,1210.0,8.79,0.68,21.4,,,,,,
email marketing platforms strategy,1835.0,1.54,0.22,83.5,,,,,,
best email marketing software,127.0,5.1,0.26,92.9,,,,,,
email marketing software how to,3210.0,7.0,0.07,20.5,,,,,,
email marketing software free,71759.0,5.97,0.78,79.5,,,,,,
email marketing software for beginners,464.0,6.52,0.26,81.9,,,,,,
email marketing software tools,3575.0,7.24,0.34,18.5,,,,,,
email marketing software 2026,693.0,7.65,0.07,7.7,,,,,,
email marketing software vs,55.0,2.66,0.96,84.9,,,,,,
email marketing software guide,73.0,6.24,0.51,43.1,,,,,,
tips email marketing software,1002.0,6.86,1.0,48.1,,,,,,
near me email marketing software,80.0,2.06,0.04,41.4,,,,,,
price email marketing software,124.0,6.36,0.01,37.0,,,,,,
software email marketing software,386.0,8.09,0.16,86.9,,,,,,
email marketing software course,9725.0,5.52,0.08,10.9,,,,,,
email marketing software examples,2741.0,7.32,0.4,45.0,,,,,,
app email marketing software,650.0,6.25,0.47,69.2,,,,,,
review email marketing software,3243.0,0.31,0.13,54.8,,,,,,
email marketing software checklist,240.0,5.72,0.52,76.8,,,,,,
email marketing software template,336.0,5.65,0.93,75.9,,,,,,
ideas email marketing software,225.0,7.45,0.55,60.7,,,,,,
email marketing software strategy,143.0,5.05,0.06,71.7,,,,,,
best e mail marketing course,1567.0,1.1,0.94,11.1,,,,,,
e mail marketing course how to,2550.0,0.82,0.02,7.2,,,,,,
free e mail marketing course,1054.0,1.32,0.12,56.2,,,,,,
e mail marketing course for beginners,83.0,8.56,0.77,83.9,,,,,,
tools e mail marketing course,855.0,1.81,0.07,64.0,,,,,,
e mail marketing course 2026,831.0,6.29,0.95,33.2,,,,,,
e mail marketing course vs,2156.0,2.34,0.54,64.4,,,,,,
guide e mail marketing course,200.0,4.38,0.59,18.2,,,,,,
e mail marketing course tips,674.0,1.25,0.51,19.9,,,,,,
near me e mail marketing course,729.0,6.57,0.2,85.7,,,,,,
e mail marketing course price,281.0,3.02,0.23,47.4,,,,,,
software e mail marketing course,1335.0,2.87,0.15,69.8,,,,,,
course e mail marketing course,145.0,6.89,0.52,63.8,,,,,,
e mail marketing course examples,110.0,1.79,0.76,19.1,,,,,,
app e mail marketing course,150.0,6.77,0.02,29.6,,,,,,
e mail marketing course review,136.0,8.29,0.38,83.8,,,,,,
e mail marketing course checklist,9297.0,0.66,0.74,18.6,,,,,,
e mail marketing course template,430.0,0.32,0.0,51.0,,,,,,
e mail marketing course ideas,178.0,5.6,0.23,58.3,,,,,,
e mail marketing course strategy,42.0,1.42,0.24,7.7,,,,,,
email marketing definition best,818.0,7.52,0.37,56.8,,,,,,
how to email marketing definition,3995.0,2.28,0.3,32.2,,,,,,
email marketing definition free,199.0,7.93,0.91,14.9,,,,,,
email marketing definition for beginners,357.0,4.51,0.55,6.8,,,,,,
tools email marketing definition,13.0,5.95,0.66,52.5,,,,,,
email marketing definition 2026,461.0,5.34,0.04,79.2,,,,,,
email marketing definition vs,234.0,3.08,0.97,20.7,,,,,,
email marketing definition guide,231.0,6.0,0.99,26.2,,,,,,
tips email marketing definition,308.0,5.9,0.04,49.6,,,,,,
near me email marketing definition,73.0,2.29,0.83,92.3,,,,,,
email marketing definition price,330.0,7.16,0.24,82.8,,,,,,
email marketing definition software,822.0,1.19,0.29,53.0,,,,,,
course email marketing definition,1008.0,8.97,0.11,29.4,,,,,,
email marketing definition examples,80.0,4.55,0.86,74.4,,,,,,
email marketing definition app,201.0,5.64,0.46,16.8,,,,,,
email marketing definition review,144.0,1.85,0.76,33.9,,,,,,
checklist email marketing definition,582.0,7.92,0.12,15.3,,,,,,
email marketing definition template,1235.0,2.83,0.76,27.1,,,,,,
email marketing definition ideas,643.0,7.01,0.85,71.0,,,,,,
strategy email marketing definition,47.0,6.2,0.23,54.6,,,,,,
best free email marketing tool,50.0,5.95,0.48,50.3,,,,,,
free email marketing tool how to,891.0,7.82,0.14,37.9,,,,,,
free email marketing tool free,213.0,8.91,0.49,37.0,,,,,,
free email marketing tool for beginners,15.0,2.42,0.73,30.5,,,,,,
free email marketing tool tools,762.0,0.21,0.68,27.5,,,,,,
2026 free email marketing tool,278.0,6.57,0.02,68.3,,,,,,
vs free email marketing tool,158.0,2.61,0.81,19.4,,,,,,
guide free email marketing tool,372.0,0.53,0.55,56.8,,,,,,
free email marketing tool tips,396.0,1.63,0.36,81.4,,,,,,
free email marketing tool near me,130.0,0.9,0.49,11.8,,,,,,
price free email marketing tool,593.0,7.68,0.98,65.5,,,,,,
software free email marketing tool,378.0,8.23,0.64,84.5,,,,,,
free email marketing tool course,5118.0,6.62,0.2,24.0,,,,,,
examples free email marketing tool,104.0,1.8,0.33,40.8,,,,,,
app free email marketing tool,196.0,8.88,0.65,68.0,,,,,,
free email marketing tool review,2055.0,2.12,0.11,92.6,,,,,,
checklist free email marketing tool,1241.0,6.14,0.47,34.1,,,,,,
free email marketing tool template,312.0,5.03,0.45,51.1,,,,,,
free email marketing tool ideas,1357.0,5.82,0.9,14.8,,,,,,
strategy free email marketing tool,1310.0,3.11,0.2,28.9,,,,,,
courses on email marketing best,1917.0,3.07,0.27,63.4,,,,,,
courses on email marketing how to,3453.0,6.27,0.18,24.9,,,,,,
courses on email marketing free,398.0,4.37,0.04,29.6,,,,,,
for beginners courses on email marketing,1136.0,2.09,0.31,46.7,,,,,,
tools courses on email marketing,941.0,1.31,0.12,42.5,,,,,,
2026 courses on email marketing,495.0,1.14,0.57,19.0,,,,,,
vs courses on email marketing,690.0,4.2,0.08,57.1,,,,,,
courses on email marketing guide,1322.0,3.2,0.87,29.6,,,,,,
courses on email marketing tips,134.0,0.51,0.28,64.4,,,,,,
courses on email marketing near me,4.0,1.36,0.08,83.7,,,,,,
price courses on email marketing,787.0,6.89,0.74,94.7,,,,,,
courses on email marketing software,643.0,4.19,0.86,70.6,,,,,,
courses on email marketing course,10.0,6.6,0.85,41.0,,,,,,
examples courses on email marketing,504.0,4.41,0.52,74.8,,,,,,
app courses on email marketing,3836.0,3.21,0.37,17.1,,,,,,
courses on email marketing review,4100.0,3.97,0.17,36.2,,,,,,
checklist courses on email marketing,1255.0,5.58,0.9,56.0,,,,,,
courses on email marketing template,6875.0,5.4,0.51,18.4,,,,,,
courses on email marketing ideas,339.0,2.55,0.61,11.3,,,,,,
courses on email marketing strategy,210.0,2.48,0.61,41.9,,,,,,
email-marketing course best,176.0,3.22,0.24,86.8,,,,,,
how to email-marketing course,978.0,0.64,0.13,62.5,,,,,,
email-marketing course free,6369.0,7.06,0.29,11.4,,,,,,
email-marketing course for beginners,85.0,5.63,0.87,15.0,,,,,,
email-marketing course tools,645.0,3.4,0.48,88.2,,,,,,
2026 email-marketing course,162.0,8.91,0.07,88.9,,,,,,
vs email-marketing course,378.0,8.31,0.51,44.5,,,,,,
email-marketing course guide,283.0,5.21,0.21,68.8,,,,,,
tips email-marketing course,501.0,0.24,0.45,5.5,,,,,,
email-marketing course near me,97.0,0.92,0.28,64.0,,,,,,
email-marketing course price,17695.0,8.26,0.59,92.0,,,,,,
software email-marketing course,123.0,6.8,0.14,66.6,,,,,,
email-marketing course course,506.0,2.61,0.96,33.4,,,,,,
email-marketing course examples,98.0,4.42,0.84,73.2,,,,,,
email-marketing course app,158.0,0.61,0.46,78.3,,,,,,
review email-marketing course,301.0,5.43,0.44,57.1,,,,,,
checklist email-marketing course,132.0,4.67,0.94,43.5,,,,,,
email-marketing course template,2035.0,4.61,0.54,54.7,,,,,,
ideas email-marketing course,603.0,6.05,0.7,42.0,,,,,,
email-marketing course strategy,120.0,3.84,0.79,86.8,,,,,,
best email marketing free tools,107.0,6.2,0.74,34.9,,,,,,
how to email marketing free tools,620.0,0.29,0.12,19.0,,,,,,
free email marketing free tools,236.0,2.62,0.43,40.5,,,,,,
email marketing free tools for beginners,656.0,5.97,0.14,74.8,,,,,,
email marketing free tools tools,13.0,7.29,0.13,12.8,,,,,,
2026 email marketing free tools,1366.0,5.75,0.02,30.1,,,,,,
vs email marketing free tools,358.0,2.59,0.78,64.6,,,,,,
email marketing free tools guide,83.0,2.29,0.44,62.2,,,,,,
email marketing free tools tips,47.0,6.32,0.58,51.7,,,,,,
near me email marketing free tools,91.0,6.19,0.39,37.7,,,,,,
email marketing free tools price,4489.0,5.5,0.34,82.4,,,,,,
software email marketing free tools,42.0,6.32,0.39,95.0,,,,,,
email marketing free tools course,242.0,4.09,0.27,67.3,,,,,,
email marketing free tools examples,56.0,4.66,0.89,76.3,,,,,,
email marketing free tools app,112.0,1.78,0.88,68.9,,,,,,
review email marketing free tools,410.0,1.27,0.68,24.5,,,,,,
email marketing free tools checklist,1211.0,3.61,0.94,34.2,,,,,,
template email marketing free tools,1435.0,8.3,0.41,40.1,,,,,,
email marketing free tools ideas,910.0,7.94,0.47,35.7,,,,,,
email marketing free tools strategy,7828.0,6.51,0.29,73.2,,,,,,
best email marketing class,225.0,2.41,0.63,18.8,,,,,,
email marketing class how to,6777.0,5.76,0.19,82.3,,,,,,
email marketing class free,147.0,8.86,0.53,77.1,,,,,,
for beginners email marketing class,204.0,5.97,0.69,25.5,,,,,,
tools email marketing class,21.0,8.83,0.23,26.3,,,,,,
2026 email marketing class,19.0,3.38,0.71,19.3,,,,,,
email marketing class vs,89.0,2.34,0.24,5.8,,,,,,
email marketing class guide,1561.0,0.47,0.62,61.4,,,,,,
email marketing class tips,298.0,7.88,0.58,42.1,,,,,,
email marketing class near me,44.0,7.34,0.91,87.0,,,,,,
email marketing class price,985.0,1.61,0.31,35.0,,,,,,
software email marketing class,104.0,8.29,0.1,5.6,,,,,,
course email marketing class,528.0,3.33,0.6,25.1,,,,,,
email marketing class examples,1644.0,3.31,0.62,24.6,,,,,,
app email marketing class,606.0,1.67,0.04,44.6,,,,,,
review email marketing class,566.0,6.38,0.4,26.1,,,,,,
checklist email marketing class,44.0,6.59,0.2,31.2,,,,,,
template email marketing class,1014.0,5.49,0.44,87.8,,,,,,
ideas email marketing class,448.0,5.74,0.64,59.8,,,,,,
email marketing class strategy,1309.0,5.41,0.03,5.7,,,,,,
best email marketing in digital marketing,854.0,4.82,0.61,22.8,,,,,,
how to email marketing in digital marketing,30.0,7.98,0.76,26.7,,,,,,
email marketing in digital marketing free,1396.0,3.7,0.25,94.9,,,,,,
email marketing in digital marketing for beginners,2425.0,1.6,0.98,25.3,,,,,,
email marketing in digital marketing tools,102.0,1.26,0.82,29.7,,,,,,
2026 email marketing in digital marketing,592.0,5.5,0.06,20.2,,,,,,
email marketing in digital marketing vs,184.0,1.48,0.92,51.2,,,,,,
guide email marketing in digital marketing,3221.0,2.63,0.5,31.5,,,,,,
email marketing in digital marketing tips,116.0,4.65,0.98,25.1,,,,,,
email marketing in digital marketing near me,454.0,3.28,0.72,20.7,,,,,,
price email marketing in digital marketing,1032.0,0.65,0.93,42.2,,,,,,
software email marketing in digital marketing,218.0,8.45,0.29,42.1,,,,,,
course email marketing in digital marketing,48.0,3.41,0.99,55.0,,,,,,
examples email marketing in digital marketing,503.0,7.49,0.86,55.7,,,,,,
email marketing in digital marketing app,541.0,5.61,0.83,45.5,,,,,,
email marketing in digital marketing review,724.0,4.69,0.84,20.5,,,,,,
checklist email marketing in digital marketing,365.0,8.44,0.12,88.4,,,,,,
template email marketing in digital marketing,241.0,0.67,0.51,61.0,,,,,,
email marketing in digital marketing ideas,257.0,5.08,0.55,8.8,,,,,,
email marketing in digital marketing strategy,33.0,8.27,0.98,32.0,,,,,,
email marketing course best,59.0,4.4,0.87,50.0,,,,,,
email marketing course how to,215.0,2.2,0.84,60.9,,,,,,
free email marketing course,125.0,8.38,0.33,80.1,,,,,,
for beginners email marketing course,7.0,8.07,0.28,64.3,,,,,,
email marketing course tools,2304.0,2.11,0.06,5.3,,,,,,
email marketing course 2026,44.0,4.21,0.3,94.2,,,,,,
vs email marketing course,406.0,3.85,0.65,71.0,,,,,,
email marketing course guide,3160.0,1.29,0.33,69.5,,,,,,
tips email marketing course,1861.0,0.61,0.17,9.4,,,,,,
email marketing course near me,422.0,4.64,0.53,64.2,,,,,,
email marketing course price,424.0,6.13,0.05,83.0,,,,,,
email marketing course software,259.0,8.08,0.57,59.8,,,,,,
course email marketing course,2514.0,6.14,0.88,92.7,,,,,,
email marketing course examples,2587.0,6.83,0.54,28.2,,,,,,
email marketing course app,144.0,4.24,0.17,6.8,,,,,,
email marketing course review,1170.0,0.84,0.07,45.6,,,,,,
email marketing course checklist,8480.0,8.22,0.4,45.4,,,,,,
email marketing course template,865.0,2.78,0.12,14.2,,,,,,
ideas email marketing course,87.0,1.11,0.48,44.8,,,,,,
email marketing course strategy,426.0,1.9,0.24,77.0,,,,,,
best free tools for email marketing,1005.0,3.76,0.71,61.4,,,,,,
free tools for email marketing how to,4768.0,4.05,0.56,17.5,,,,,,
free tools for email marketing free,1075.0,2.5,0.46,63.8,,,,,,
for beginners free tools for email marketing,187.0,1.11,0.82,48.1,,,,,,
free tools for email marketing tools,455.0,7.28,0.75,83.8,,,,,,
2026 free tools for email marketing,179.0,3.95,0.19,63.6,,,,,,
vs free tools for email marketing,815.0,7.99,0.37,9.5,,,,,,
free tools for email marketing guide,32.0,8.27,0.49,91.1,,,,,,
tips free tools for email marketing,57.0,7.77,0.38,73.1,,,,,,
near me free tools for email marketing,1088.0,1.76,0.73,91.2,,,,,,
free tools for email marketing price,16.0,3.53,0.2,15.1,,,,,,
software free tools for email marketing,103.0,2.9,0.61,34.9,,,,,,
free tools for email marketing course,11472.0,6.08,0.76,57.5,,,,,,
examples free tools for email marketing,8863.0,2.51,0.09,54.9,,,,,,
app free tools for email marketing,148.0,3.15,0.01,61.9,,,,,,
review free tools for email marketing,719.0,1.82,0.28,43.3,,,,,,
free tools for email marketing checklist,1247.0,5.82,0.35,40.6,,,,,,
free tools for email marketing template,659.0,3.78,0.33,12.8,,,,,,
ideas free tools for email marketing,69.0,0.56,0.15,18.2,,,,,,
strategy free tools for email marketing,99.0,4.05,0.34,73.9,,,,,,
best best email marketing tools,89.0,1.62,0.36,74.8,,,,,,
how to best email marketing tools,176.0,7.5,0.28,35.6,,,,,,
best email marketing tools free,2427.0,5.33,0.3,11.2,,,,,,
for beginners best email marketing tools,3074.0,6.06,0.2,87.2,,,,,,
tools best email marketing tools,266.0,5.93,0.9,88.5,,,,,,
2026 best email marketing tools,179.0,3.4,0.82,63.0,,,,,,
best email marketing tools vs,667.0,8.12,0.88,90.7,,,,,,
best email marketing tools guide,1316.0,7.49,0.32,18.1,,,,,,
tips best email marketing tools,285.0,5.46,0.65,66.4,,,,,,
best email marketing tools near me,3427.0,2.1,0.83,24.7,,,,,,
price best email marketing tools,837.0,1.86,0.24,75.1,,,,,,
best email marketing tools software,1564.0,4.21,0.93,55.6,,,,,,
best email marketing tools course,42.0,4.28,0.43,42.0,,,,,,
best email marketing tools examples,2127.0,6.25,0.04,66.4,,,,,,
best email marketing tools app,485.0,1.49,0.55,70.6,,,,,,
best email marketing tools review,716.0,2.19,0.82,29.1,,,,,,
checklist best email marketing tools,97.0,1.86,0.73,47.2,,,,,,
best email marketing tools template,104.0,1.5,0.35,39.6,,,,,,
best email marketing tools ideas,132.0,0.25,0.93,63.1,,,,,,
strategy best email marketing tools,119.0,8.36,0.6,37.2,,,,,,
email marketing strategies best,493.0,3.96,0.73,13.3,,,,,,
how to email marketing strategies,85.0,8.51,0.16,16.6,,,,,,
free email marketing strategies,1259.0,6.7,0.96,29.3,,,,,,
for beginners email marketing strategies,40.0,4.93,0.45,5.5,,,,,,
tools email marketing strategies,8382.0,1.74,0.93,52.7,,,,,,
email marketing strategies 2026,733.0,1.89,0.06,66.7,,,,,,
email marketing strategies vs,1330.0,6.71,0.06,77.9,,,,,,
guide email marketing strategies,544.0,4.76,0.1,61.9,,,,,,
email marketing strategies tips,68.0,2.03,0.68,16.5,,,,,,
email marketing strategies near me,629.0,5.24,1.0,7.3,,,,,,
email marketing strategies price,1483.0,3.42,0.88,87.1,,,,,,
software email marketing strategies,190.0,3.83,0.75,33.1,,,,,,
course email marketing strategies,8039.0,3.05,0.86,27.5,,,,,,
examples email marketing strategies,1243.0,0.41,0.25,20.4,,,,,,
app email marketing strategies,1550.0,5.71,0.87,37.6,,,,,,
email marketing strategies review,276.0,7.12,0.59,14.1,,,,,,
checklist email marketing strategies,712.0,3.08,0.11,93.3,,,,,,
email marketing strategies template,99.0,1.48,0.57,44.9,,,,,,
email marketing strategies ideas,154.0,6.13,0.28,87.4,,,,,,
email marketing strategies strategy,2353.0,3.22,0.84,51.7,,,,,,
marketing email strategy best,55.0,6.82,0.3,59.6,,,,,,
marketing email strategy how to,422.0,8.66,0.55,58.9,,,,,,
free marketing email strategy,180.0,2.75,0.97,61.0,,,,,,
for beginners marketing email strategy,1698.0,2.73,0.06,36.5,,,,,,
marketing email strategy tools,308.0,7.94,0.3,35.0,,,,,,
2026 marketing email strategy,467.0,8.38,0.36,14.1,,,,,,
marketing email strategy vs,79.0,2.37,0.66,19.1,,,,,,
marketing email strategy guide,359.0,1.5,0.02,50.1,,,,,,
tips marketing email strategy,1201.0,1.33,0.98,65.9,,,,,,
near me marketing email strategy,383.0,6.34,0.38,34.2,,,,,,
price marketing email strategy,5634.0,8.57,0.57,31.5,,,,,,
marketing email strategy software,2729.0,3.96,0.79,57.6,,,,,,
marketing email strategy course,81.0,5.78,0.92,42.2,,,,,,
examples marketing email strategy,3696.0,4.88,0.07,85.8,,,,,,
app marketing email strategy,820.0,5.1,0.06,58.8,,,,,,
marketing email strategy review,1046.0,0.61,0.71,30.8,,,,,,
checklist marketing email strategy,413.0,2.2,0.44,80.2,,,,,,
template marketing email strategy,140.0,4.1,0.31,62.7,,,,,,
ideas marketing email strategy,295.0,5.55,0.73,74.2,,,,,,
marketing email strategy strategy,977.0,3.91,0.18,42.9,,,,,,
how to do email marketing best,78.0,6.08,0.26,69.0,,,,,,
how to do email marketing how to,64.0,3.64,0.8,75.6,,,,,,
how to do email marketing free,39.0,0.92,0.43,21.4,,,,,,
for beginners how to do email marketing,3423.0,5.4,0.36,31.0,,,,,,
how to do email marketing tools,120.0,7.24,0.13,72.2,,,,,,
how to do email marketing 2026,558.0,4.85,0.13,23.9,,,,,,
vs how to do email marketing,377.0,8.05,0.66,79.9,,,,,,
guide how to do email marketing,14.0,3.38,0.55,51.4,,,,,,
tips how to do email marketing,995.0,5.29,0.75,38.3,,,,,,
near me how to do email marketing,1773.0,1.73,0.58,42.9,,,,,,
how to do email marketing price,935.0,1.92,0.77,85.3,,,,,,
software how to do email marketing,846.0,4.9,0.86,72.5,,,,,,
how to do email marketing course,16879.0,8.13,0.85,9.8,,,,,,
examples how to do email marketing,3015.0,0.76,0.76,53.3,,,,,,
how to do email marketing app,240.0,7.59,0.06,60.4,,,,,,
review how to do email marketing,740.0,8.85,0.69,14.4,,,,,,
how to do email marketing checklist,841.0,8.97,0.1,14.0,,,,,,
template how to do email marketing,173.0,0.8,0.89,77.0,,,,,,
ideas how to do email marketing,520.0,3.04,0.91,31.9,,,,,,
how to do email marketing strategy,304.0,6.19,0.9,19.0,,,,,,
best email marketing pics,3020.0,6.08,0.91,39.3,,,,,,
how to email marketing pics,291.0,7.13,0.9,66.2,,,,,,
email marketing pics free,142.0,8.6,0.97,92.1,,,,,,
email marketing pics for beginners,343.0,6.89,0.75,12.7,,,,,,
tools email marketing pics,536.0,4.54,0.24,9.8,,,,,,
email marketing pics 2026,737.0,6.75,0.93,47.3,,,,,,
email marketing pics vs,7167.0,5.62,0.35,72.2,,,,,,
guide email marketing pics,398.0,2.34,0.53,25.1,,,,,,
email marketing pics tips,969.0,5.03,0.72,12.9,,,,,,
near me email marketing pics,2195.0,4.29,0.87,26.9,,,,,,
price email marketing pics,431.0,7.37,0.81,46.7,,,,,,
software email marketing pics,177.0,1.37,0.11,74.5,,,,,,
course email marketing pics,519.0,8.18,0.66,40.7,,,,,,
email marketing pics examples,1813.0,6.89,0.56,50.8,,,,,,
app email marketing pics,883.0,7.51,0.06,72.9,,,,,,
review email marketing pics,246.0,6.18,0.72,52.1,,,,,,
checklist email marketing pics,1443.0,1.98,0.35,41.9,,,,,,
template email marketing pics,90.0,6.54,0.17,38.0,,,,,,
email marketing pics ideas,105.0,2.38,0.53,76.3,,,,,,
strategy email marketing pics,1083.0,3.13,0.65,54.5,,,,,,
email marketing images best,25.0,4.71,0.47,22.9,,,,,,
email marketing images how to,90.0,2.58,0.57,46.6,,,,,,
free email marketing images,122.0,2.13,0.1,75.7,,,,,,
for beginners email marketing images,41.0,0.41,0.25,8.9,,,,,,
tools email marketing images,819.0,4.72,0.55,27.7,,,,,,
2026 email marketing images,506.0,5.88,0.73,65.6,,,,,,
email marketing images vs,54.0,6.5,0.13,22.6,,,,,,
guide email marketing images,243.0,1.25,0.15,19.9,,,,,,
email marketing images tips,2212.0,1.75,0.71,30.3,,,,,,
email marketing images near me,881.0,7.11,0.96,49.3,,,,,,
email marketing images price,332.0,1.59,0.84,12.6,,,,,,
software email marketing images,109.0,4.76,0.85,7.5,,,,,,
course email marketing images,2.0,7.6,0.53,10.5,,,,,,
examples email marketing images,239.0,1.42,0.8,46.8,,,,,,
app email marketing images,504.0,5.69,0.29,17.0,,,,,,
review email marketing images,18173.0,4.86,0.27,28.8,,,,,,
checklist email marketing images,164.0,7.04,0.87,31.4,,,,,,
email marketing images template,370.0,6.77,0.3,55.5,,,,,,
email marketing images ideas,3172.0,7.39,0.88,9.1,,,,,,
strategy email marketing images,90.0,2.92,0.25,29.1,,,,,,
best email marketing pictures,126.0,3.67,0.66,80.2,,,,,,
how to email marketing pictures,2157.0,1.5,0.82,8.4,,,,,,
email marketing pictures free,173.0,6.07,0.37,63.7,,,,,,
email marketing pictures for beginners,1517.0,4.23,0.05,43.7,,,,,,
tools email marketing pictures,778.0,0.86,0.67,32.8,,,,,,
email marketing pictures 2026,296.0,4.58,0.31,67.5,,,,,,
email marketing pictures vs,224.0,2.72,0.62,76.9,,,,,,
email marketing pictures guide,119.0,4.91,1.0,92.2,,,,,,
email marketing pictures tips,382.0,3.24,0.16,64.9,,,,,,
near me email marketing pictures,828.0,7.48,0.34,65.0,,,,,,
email marketing pictures price,948.0,3.53,0.95,48.5,,,,,,
email marketing pictures software,45.0,8.68,0.91,56.5,,,,,,
email marketing pictures course,2220.0,7.38,0.86,78.7,,,,,,
email marketing pictures examples,832.0,0.74,0.5,64.0,,,,,,
app email marketing pictures,805.0,7.74,0.76,68.3,,,,,,
email marketing pictures review,417.0,1.26,0.06,19.1,,,,,,
checklist email marketing pictures,2756.0,8.55,0.98,85.4,,,,,,
email marketing pictures template,368.0,7.58,0.87,18.7,,,,,,
email marketing pictures ideas,1549.0,1.73,0.37,46.0,,,,,,
email marketing pictures strategy,276.0,8.95,0.88,87.1,,,,,,
email campaign marketing best,4968.0,3.95,0.45,5.5,,,,,,
how to email campaign marketing,316.0,3.66,0.1,29.0,,,,,,
free email campaign marketing,110.0,5.0,0.85,25.3,,,,,,
email campaign marketing for beginners,954.0,1.38,0.57,77.7,,,,,,
tools email campaign marketing,496.0,3.75,0.15,41.1,,,,,,
email campaign marketing 2026,23525.0,4.48,0.23,31.0,,,,,,
email campaign marketing vs,1546.0,0.64,0.01,21.5,,,,,,
guide email campaign marketing,279.0,5.71,0.36,11.2,,,,,,
tips email campaign marketing,1269.0,0.49,0.57,12.5,,,,,,
email campaign marketing near me,1090.0,4.53,0.24,36.4,,,,,,
price email campaign marketing,106.0,1.23,0.62,59.6,,,,,,
software email campaign marketing,26.0,4.93,0.64,17.6,,,,,,
course email campaign marketing,1300.0,7.63,0.84,43.7,,,,,,
examples email campaign marketing,4413.0,1.34,0.37,59.0,,,,,,
email campaign marketing app,355.0,2.5,0.95,42.0,,,,,,
review email campaign marketing,298.0,1.36,0.86,5.0,,,,,,
email campaign marketing checklist,172.0,6.24,0.34,11.0,,,,,,
email campaign marketing template,295.0,4.91,0.12,30.9,,,,,,
ideas email campaign marketing,195.0,2.52,0.33,27.2,,,,,,
strategy email campaign marketing,580.0,1.81,0.45,22.0,,,,,,
marketing email campaign best,4537.0,5.83,0.61,63.5,,,,,,
how to marketing email campaign,1474.0,8.28,0.73,77.4,,,,,,
free marketing email campaign,47.0,2.69,0.42,13.7,,,,,,
marketing email campaign for beginners,1267.0,0.23,0.93,67.0,,,,,,
tools marketing email campaign,41.0,5.22,0.89,63.7,,,,,,
2026 marketing email campaign,323.0,6.35,0.98,43.2,,,,,,
marketing email campaign vs,153.0,3.94,0.99,68.6,,,,,,
marketing email campaign guide,3497.0,3.99,0.04,52.5,,,,,,
tips marketing email campaign,912.0,1.95,0.73,69.8,,,,,,
marketing email campaign near me,53.0,5.58,0.84,17.2,,,,,,
marketing email campaign price,181.0,0.59,0.42,75.9,,,,,,
marketing email campaign software,66.0,8.91,0.51,49.8,,,,,,
course marketing email campaign,1060.0,1.5,0.68,40.6,,,,,,
marketing email campaign examples,184.0,7.65,0.03,72.5,,,,,,
marketing email campaign app,852.0,2.38,0.16,53.0,,,,,,
review marketing email campaign,71.0,4.04,0.44,24.4,,,,,,
checklist marketing email campaign,623.0,4.69,0.11,48.7,,,,,,
marketing email campaign template,8757.0,4.02,0.91,49.1,,,,,,
ideas marketing email campaign,77.0,3.3,0.08,42.9,,,,,,
strategy marketing email campaign,6112.0,5.18,0.64,21.0,,,,,,
images of email marketing best,185.0,1.67,0.09,89.4,,,,,,
how to images of email marketing,1803.0,3.53,0.83,23.4,,,,,,
images of email marketing free,5505.0,8.23,0.92,63.6,,,,,,
images of email marketing for beginners,2856.0,2.36,0.88,17.5,,,,,,
images of email marketing tools,140.0,4.19,0.84,11.7,,,,,,
2026 images of email marketing,195.0,0.45,0.46,24.9,,,,,,
vs images of email marketing,271.0,0.51,0.73,23.9,,,,,,
guide images of email marketing,2776.0,6.97,0.27,40.1,,,,,,
images of email marketing tips,44.0,5.13,0.5,92.2,,,,,,
images of email marketing near me,328.0,6.53,0.93,86.7,,,,,,
price images of email marketing,378.0,7.2,0.8,63.0,,,,,,
images of email marketing software,18.0,2.0,0.5,51.9,,,,,,
images of email marketing course,121.0,0.98,0.69,81.4,,,,,,
images of email marketing examples,33.0,1.58,0.85,90.7,,,,,,
images of email marketing app,155.0,4.65,0.53,68.6,,,,,,
images of email marketing review,1101.0,2.23,0.38,82.9,,,,,,
images of email marketing checklist,25.0,1.82,0.85,57.1,,,,,,
images of email marketing template,127.0,4.68,0.47,72.2,,,,,,
images of email marketing ideas,1434.0,3.17,0.15,69.2,,,,,,
strategy images of email marketing,568.0,7.95,0.45,30.6,,,,,,
best email marketing campaign,1454.0,6.6,0.49,67.0,,,,,,
how to email marketing campaign,203.0,6.92,0.43,29.6,,,,,,
email marketing campaign free,91.0,8.5,0.51,47.5,,,,,,
email marketing campaign for beginners,501.0,4.78,0.13,83.2,,,,,,
email marketing campaign tools,126.0,2.01,0.55,68.2,,,,,,
2026 email marketing campaign,157.0,8.77,0.7,30.6,,,,,,
email marketing campaign vs,261.0,7.91,0.29,46.7,,,,,,
guide email marketing campaign,3743.0,6.0,0.75,20.6,,,,,,
tips email marketing campaign,258.0,1.33,0.98,23.1,,,,,,
email marketing campaign near me,409.0,3.01,0.13,59.1,,,,,,
price email marketing campaign,282.0,1.57,0.56,78.2,,,,,,
email marketing campaign software,2216.0,0.22,0.52,22.5,,,,,,
course email marketing campaign,2652.0,2.04,0.65,24.1,,,,,,
email marketing campaign examples,270.0,4.02,0.95,53.1,,,,,,
email marketing campaign app,1619.0,1.99,0.88,67.2,,,,,,
email marketing campaign review,173.0,6.09,0.78,12.2,,,,,,
email marketing campaign checklist,72.0,3.68,0.47,17.3,,,,,,
email marketing campaign template,706.0,1.16,0.92,58.9,,,,,,
email marketing campaign ideas,337.0,2.96,0.85,56.8,,,,,,
email marketing campaign strategy,939.0,7.57,0.81,25.3,,,,,,
email marketing picture best,59.0,4.32,0.68,73.5,,,,,,
email marketing picture how to,177.0,4.52,0.27,65.1,,,,,,
free email marketing picture,24.0,6.57,0.51,69.2,,,,,,
email marketing picture for beginners,4254.0,6.49,0.27,55.0,,,,,,
tools email marketing picture,9379.0,7.82,0.4,59.6,,,,,,
2026 email marketing picture,943.0,1.21,0.05,76.1,,,,,,
email marketing picture vs,5660.0,3.26,0.76,46.9,,,,,,
guide email marketing picture,1746.0,8.77,0.89,27.9,,,,,,
tips email marketing picture,613.0,8.92,0.26,64.8,,,,,,
near me email marketing picture,577.0,7.66,0.01,44.8,,,,,,
email marketing picture price,35.0,5.36,0.91,34.4,,,,,,
software email marketing picture,422.0,7.0,0.04,89.9,,,,,,
email marketing picture course,92.0,5.26,0.79,18.4,,,,,,
email marketing picture examples,408.0,1.52,0.47,70.8,,,,,,
app email marketing picture,4163.0,2.87,0.97,45.4,,,,,,
email marketing picture review,114.0,3.21,1.0,32.2,,,,,,
email marketing picture checklist,424.0,0.94,0.27,94.3,,,,,,
template email marketing picture,98.0,4.15,0.17,16.1,,,,,,
ideas email marketing picture,487.0,6.74,0.89,27.2,,,,,,
strategy email marketing picture,655.0,2.48,0.85,8.2,,,,,,
best images for email marketing,69.0,2.66,0.86,26.6,,,,,,
how to images for email marketing,180.0,1.61,0.38,81.9,,,,,,
images for email marketing free,397.0,2.22,0.45,36.7,,,,,,
images for email marketing for beginners,86.0,4.06,0.69,56.8,,,,,,
tools images for email marketing,50.0,8.11,0.7,52.9,,,,,,
2026 images for email marketing,74.0,4.01,0.62,44.9,,,,,,
vs images for email marketing,89.0,8.65,0.82,59.2,,,,,,
guide images for email marketing,325.0,4.42,0.26,5.3,,,,,,
tips images for email marketing,7.0,4.72,0.25,67.4,,,,,,
images for email marketing near me,73.0,9.0,0.35,27.0,,,,,,
images for email marketing price,103.0,3.67,0.02,15.3,,,,,,
images for email marketing software,549.0,6.64,0.11,82.9,,,,,,
images for email marketing course,1005.0,0.29,0.72,28.1,,,,,,
examples images for email marketing,5336.0,8.87,0.13,42.1,,,,,,
app images for email marketing,1340.0,2.55,0.81,29.6,,,,,,
images for email marketing review,148.0,0.31,0.91,62.8,,,,,,
checklist images for email marketing,2788.0,6.36,0.68,10.4,,,,,,
template images for email marketing,63.0,7.17,0.26,16.0,,,,,,
ideas images for email marketing,1172.0,3.6,0.02,78.6,,,,,,
images for email marketing strategy,108.0,5.73,0.1,11.5,,,,,,
email marketing pic best,292.0,2.94,0.66,94.0,,,,,,
how to email marketing pic,174.0,4.78,0.38,59.0,,,,,,
free email marketing pic,1836.0,3.93,0.33,84.5,,,,,,
email marketing pic for beginners,20.0,2.44,0.72,77.6,,,,,,
email marketing pic tools,2635.0,7.63,0.37,33.9,,,,,,
2026 email marketing pic,1738.0,6.21,0.14,44.2,,,,,,
vs email marketing pic,151.0,4.22,0.66,84.9,,,,,,
guide email marketing pic,45.0,2.16,0.35,89.8,,,,,,
tips email marketing pic,1994.0,4.38,0.45,10.3,,,,,,
near me email marketing pic,2098.0,4.22,0.28,35.9,,,,,,
email marketing pic price,260.0,5.1,0.23,61.1,,,,,,
software email marketing pic,3350.0,4.23,0.49,20.0,,,,,,
course email marketing pic,38.0,1.58,0.15,82.1,,,,,,
email marketing pic examples,380.0,5.72,0.84,71.6,,,,,,
app email marketing pic,406.0,4.16,0.39,39.1,,,,,,
email marketing pic review,444.0,3.93,0.39,8.1,,,,,,
email marketing pic checklist,398.0,5.29,0.81,53.8,,,,,,
template email marketing pic,979.0,1.06,0.98,6.3,,,,,,
ideas email marketing pic,140.0,3.12,0.6,37.6,,,,,,
email marketing pic strategy,359.0,1.03,0.1,60.0,,,,,,
best email marketing campaigns,21.0,6.29,0.02,29.4,,,,,,
how to email marketing campaigns,233.0,4.06,0.08,76.9,,,,,,
free email marketing campaigns,716.0,2.34,0.04,58.2,,,,,,
for beginners email marketing campaigns,183.0,2.99,0.64,79.9,,,,,,
email marketing campaigns tools,1517.0,3.65,0.35,57.5,,,,,,
email marketing campaigns 2026,53.0,4.74,0.39,40.5,,,,,,
vs email marketing campaigns,9.0,6.56,0.38,39.6,,,,,,
guide email marketing campaigns,966.0,5.97,0.5,45.8,,,,,,
tips email marketing campaigns,326.0,7.65,0.37,34.4,,,,,,
near me email marketing campaigns,139.0,5.76,0.56,74.5,,,,,,
email marketing campaigns price,151.0,1.59,0.41,64.8,,,,,,
email marketing campaigns software,453.0,7.99,0.77,52.4,,,,,,
course email marketing campaigns,1155.0,7.14,0.17,30.7,,,,,,
email marketing campaigns examples,165.0,4.62,0.19,62.1,,,,,,
email marketing campaigns app,33.0,8.73,0.66,89.3,,,,,,
email marketing campaigns review,760.0,5.25,0.56,6.3,,,,,,
checklist email marketing campaigns,26.0,6.75,0.49,60.7,,,,,,
email marketing campaigns template,137.0,3.73,0.16,10.0,,,,,,
ideas email marketing campaigns,102.0,8.08,0.7,94.2,,,,,,
strategy email marketing campaigns,8015.0,5.49,0.08,25.0,,,,,,
images in email marketing best,917.0,8.59,1.0,38.4,,,,,,
how to images in email marketing,221.0,1.43,0.34,26.0,,,,,,
images in email marketing free,3789.0,1.19,0.22,86.5,,,,,,
images in email marketing for beginners,1028.0,4.85,0.35,51.6,,,,,,
images in email marketing tools,247.0,5.16,0.68,56.1,,,,,,
images in email marketing 2026,4551.0,2.19,0.5,7.3,,,,,,
images in email marketing vs,1342.0,1.16,0.06,63.7,,,,,,
images in email marketing guide,124.0,8.45,0.96,43.3,,,,,,
images in email marketing tips,22.0,5.73,0.62,34.0,,,,,,
images in email marketing near me,49.0,1.56,0.12,88.4,,,,,,
images in email marketing price,6291.0,8.54,0.36,52.4,,,,,,
software images in email marketing,51.0,4.4,0.82,72.1,,,,,,
course images in email marketing,165.0,3.46,0.75,59.3,,,,,,
examples images in email marketing,3715.0,6.8,0.89,36.4,,,,,,
app images in email marketing,254.0,5.43,0.75,76.2,,,,,,
images in email marketing review,325.0,3.14,0.17,28.4,,,,,,
checklist images in email marketing,204.0,8.78,0.24,70.1,,,,,,
template images in email marketing,225.0,5.87,0.71,86.5,,,,,,
ideas images in email marketing,6689.0,2.58,0.71,49.5,,,,,,
strategy images in email marketing,9014.0,3.57,0.77,70.1,,,,,,
best questions on email,127.0,8.04,0.6,92.0,,,,,,
questions on email how to,384.0,6.51,0.48,30.9,,,,,,
free questions on email,28.0,8.2,0.36,20.8,,,,,,
for beginners questions on email,229.0,1.04,0.56,53.4,,,,,,
questions on email tools,7196.0,5.19,0.77,37.5,,,,,,
questions on email 2026,197.0,5.14,0.03,78.9,,,,,,
questions on email vs,204.0,6.41,0.97,91.9,,,,,,
questions on email guide,681.0,2.99,0.63,58.8,,,,,,
questions on email tips,431.0,0.71,0.13,28.2,,,,,,
near me questions on email,332.0,7.21,0.84,71.1,,,,,,
questions on email price,2340.0,6.73,0.74,86.1,,,,,,
software questions on email,282.0,8.03,0.45,78.0,,,,,,
questions on email course,412.0,4.85,0.07,92.9,,,,,,
questions on email examples,5774.0,2.34,0.97,39.3,,,,,,
questions on email app,1041.0,5.07,0.99,93.2,,,,,,
questions on email review,2553.0,1.08,0.52,59.0,,,,,,
questions on email checklist,58.0,8.12,0.0,25.6,,,,,,
questions on email template,11605.0,1.66,0.63,14.2,,,,,,
ideas questions on email,452.0,8.35,0.66,22.8,,,,,,
questions on email strategy,1071.0,8.67,0.96,39.4,,,,,,
email advertising best,298.0,2.77,0.98,24.9,,,,,,
email advertising how to,194.0,1.3,0.38,82.1,,,,,,
email advertising free,1329.0,3.78,0.17,6.1,,,,,,
email advertising for beginners,85.0,3.52,0.81,69.8,,,,,,
tools email advertising,50.0,6.43,0.67,24.5,,,,,,
email advertising 2026,228.0,7.21,0.46,25.5,,,,,,
vs email advertising,3090.0,8.61,0.81,80.5,,,,,,
guide email advertising,86.0,5.77,0.76,72.1,,,,,,
email advertising tips,165.0,3.09,0.48,56.6,,,,,,
near me email advertising,282.0,6.15,0.26,48.1,,,,,,
email advertising price,47.0,0.29,0.34,28.1,,,,,,
software email advertising,53.0,2.58,0.04,62.7,,,,,,
course email advertising,1365.0,1.5,0.96,57.6,,,,,,
examples email advertising,135.0,7.3,0.9,39.4,,,,,,
app email advertising,19.0,5.94,0.4,5.6,,,,,,
review email advertising,7579.0,2.76,1.0,33.5,,,,,,
email advertising checklist,6478.0,2.88,0.45,64.9,,,,,,
email advertising template,243.0,2.92,0.68,17.2,,,,,,
email advertising ideas,5348.0,1.57,0.42,69.2,,,,,,
strategy email advertising,3521.0,7.7,0.72,35.5,,,,,,
best email questions,3420.0,5.49,0.56,71.1,,,,,,
how to email questions,935.0,7.32,0.74,82.0,,,,,,
free email questions,174.0,1.66,0.59,45.4,,,,,,
for beginners email questions,76.0,8.4,0.42,69.6,,,,,,
email questions tools,668.0,0.39,0.5,54.1,,,,,,
2026 email questions,253.0,3.35,0.01,15.4,,,,,,
vs email questions,106.0,3.06,0.26,44.3,,,,,,
guide email questions,36.0,0.79,0.4,28.5,,,,,,
email questions tips,162.0,6.0,0.53,29.4,,,,,,
near me email questions,3702.0,7.2,0.96,16.8,,,,,,
price email questions,2495.0,6.29,0.37,36.0,,,,,,
email questions software,3779.0,5.54,0.4,53.9,,,,,,
email questions course,307.0,5.69,0.51,75.8,,,,,,
examples email questions,65.0,7.37,0.07,67.2,,,,,,
app email questions,488.0,1.92,0.21,22.8,,,,,,
review email questions,498.0,6.0,0.11,7.4,,,,,,
email questions checklist,878.0,8.9,0.3,25.0,,,,,,
email questions template,26.0,5.53,0.78,37.8,,,,,,
ideas email questions,1981.0,7.65,0.57,31.1,,,,,,
strategy email questions,778.0,4.3,0.99,84.1,,,,,,
email marketing kya hai best,564.0,5.49,0.53,51.3,,,,,,
how to email marketing kya hai,13.0,4.93,0.05,45.3,,,,,,
free email marketing kya hai,2543.0,0.65,0.88,79.4,,,,,,
for beginners email marketing kya hai,353.0,5.15,0.05,33.8,,,,,,
tools email marketing kya hai,83.0,3.35,0.86,87.7,,,,,,
email marketing kya hai 2026,2590.0,6.45,0.76,40.3,,,,,,
vs email marketing kya hai,2588.0,6.71,0.72,12.7,,,,,,
email marketing kya hai guide,328.0,8.41,0.91,76.8,,,,,,
email marketing kya hai tips,92.0,1.85,0.37,29.0,,,,,,
near me email marketing kya hai,339.0,5.89,0.98,66.8,,,,,,
email marketing kya hai price,1003.0,5.86,0.46,64.4,,,,,,
software email marketing kya hai,875.0,4.88,0.45,11.5,,,,,,
course email marketing kya hai,414.0,3.67,0.39,30.2,,,,,,
email marketing kya hai examples,17354.0,2.94,0.17,83.2,,,,,,
app email marketing kya hai,50.0,3.08,0.05,8.3,,,,,,
email marketing kya hai review,208.0,6.63,0.35,92.1,,,,,,
email marketing kya hai checklist,207.0,3.95,0.21,84.7,,,,,,
email marketing kya hai template,1444.0,3.62,0.9,62.8,,,,,,
email marketing kya hai ideas,352.0,8.14,0.55,30.7,,,,,,
strategy email marketing kya hai,1287.0,2.96,0.54,35.6,,,,,,
what is email marketing in digital marketing best,326.0,1.34,0.04,19.2,,,,,,
how to what is email marketing in digital marketing,3226.0,4.5,0.38,68.8,,,,,,
what is email marketing in digital marketing free,303.0,5.97,0.48,74.3,,,,,,
for beginners what is email marketing in digital marketing,996.0,1.82,0.09,20.2,,,,,,
tools what is email marketing in digital marketing,182.0,8.34,0.3,80.6,,,,,,
2026 what is email marketing in digital marketing,2652.0,5.03,0.15,12.1,,,,,,
vs what is email marketing in digital marketing,1436.0,3.28,0.36,39.1,,,,,,
guide what is email marketing in digital marketing,118.0,1.25,0.79,54.4,,,,,,
what is email marketing in digital marketing tips,257.0,2.17,0.26,6.3,,,,,,
what is email marketing in digital marketing near me,43.0,7.73,0.9,40.1,,,,,,
what is email marketing in digital marketing price,1070.0,2.44,0.32,51.4,,,,,,
software what is email marketing in digital marketing,478.0,8.64,0.58,58.0,,,,,,
what is email marketing in digital marketing course,242.0,6.69,0.1,58.5,,,,,,
examples what is email marketing in digital marketing,2334.0,2.01,0.88,46.5,,,,,,
what is email marketing in digital marketing app,2096.0,1.94,0.28,49.7,,,,,,
review what is email marketing in digital marketing,812.0,8.94,0.16,58.9,,,,,,
checklist what is email marketing in digital marketing,94.0,5.9,0.72,17.1,,,,,,
what is email marketing in digital marketing template,254.0,0.99,0.36,25.1,,,,,,
ideas what is email marketing in digital marketing,449.0,7.41,0.71,18.9,,,,,,
what is email marketing in digital marketing strategy,758.0,5.85,0.37,47.5,,,,,,
questions about email best,6592.0,2.96,0.42,59.3,,,,,,
how to questions about email,804.0,6.63,0.81,15.2,,,,,,
free questions about email,132.0,5.24,0.04,86.6,,,,,,
for beginners questions about email,430.0,2.07,0.18,75.3,,,,,,
tools questions about email,162.0,7.36,0.35,46.5,,,,,,
questions about email 2026,722.0,4.43,0.27,43.2,,,,,,
vs questions about email,434.0,8.26,0.55,74.2,,,,,,
questions about email guide,175.0,2.53,0.02,19.5,,,,,,
questions about email tips,26.0,9.0,0.76,14.7,,,,,,
near me questions about email,111.0,3.12,0.5,64.6,,,,,,
questions about email price,393.0,6.65,0.19,44.9,,,,,,
software questions about email,8.0,8.69,0.85,60.9,,,,,,
course questions about email,3234.0,5.0,0.06,67.8,,,,,,
examples questions about email,444.0,7.86,0.67,37.6,,,,,,
questions about email app,2993.0,3.3,0.46,20.0,,,,,,
questions about email review,63.0,7.07,0.77,39.5,,,,,,
questions about email checklist,24.0,0.97,0.39,9.1,,,,,,
questions about email template,3153.0,4.67,0.82,16.6,,,,,,
questions about email ideas,85.0,3.58,0.65,92.9,,,,,,
strategy questions about email,173.0,4.88,0.05,15.1,,,,,,
email campaign software best,454.0,6.11,0.3,24.9,,,,,,
how to email campaign software,1130.0,2.83,0.32,81.9,,,,,,
free email campaign software,135.0,2.78,0.12,44.6,,,,,,
email campaign software for beginners,363.0,0.52,0.63,86.6,,,,,,
tools email campaign software,316.0,8.56,0.08,37.3,,,,,,
email campaign software 2026,63.0,8.14,0.03,6.6,,,,,,
email campaign software vs,412.0,1.61,0.79,54.9,,,,,,
email campaign software guide,531.0,8.98,0.62,44.5,,,,,,
email campaign software tips,267.0,7.43,0.81,60.5,,,,,,
near me email campaign software,1359.0,6.39,0.4,59.0,,,,,,
price email campaign software,55.0,4.71,0.57,85.8,,,,,,
software email campaign software,556.0,0.77,0.32,85.7,,,,,,
course email campaign software,46.0,6.08,0.42,41.3,,,,,,
examples email campaign software,137.0,6.23,0.73,81.0,,,,,,
email campaign software app,15.0,1.14,0.14,42.6,,,,,,
email campaign software review,110.0,8.14,0.05,80.4,,,,,,
checklist email campaign software,2066.0,8.0,0.58,15.5,,,,,,
email campaign software template,12.0,8.55,0.57,38.6,,,,,,
email campaign software ideas,670.0,3.08,0.7,67.5,,,,,,
email campaign software strategy,682.0,3.59,0.32,68.0,,,,,,
best strategy for email marketing,36.0,4.85,0.04,24.3,,,,,,
how to strategy for email marketing,1317.0,7.03,0.14,54.6,,,,,,
strategy for email marketing free,2531.0,5.96,0.94,18.1,,,,,,
strategy for email marketing for beginners,170.0,3.44,0.63,51.1,,,,,,
tools strategy for email marketing,223.0,8.43,0.4,47.1,,,,,,
2026 strategy for email marketing,314.0,8.68,0.91,92.6,,,,,,
vs strategy for email marketing,79.0,4.17,0.85,7.1,,,,,,
guide strategy for email marketing,27.0,6.12,0.37,38.2,,,,,,
strategy for email marketing tips,161.0,3.79,0.22,27.3,,,,,,
near me strategy for email marketing,131.0,7.51,0.11,57.0,,,,,,
strategy for email marketing price,511.0,5.06,0.64,43.5,,,,,,
software strategy for email marketing,774.0,4.27,0.37,65.0,,,,,,
strategy for email marketing course,823.0,3.95,0.24,29.6,,,,,,
strategy for email marketing examples,984.0,7.51,0.77,44.4,,,,,,
strategy for email marketing app,4140.0,0.7,0.4,82.1,,,,,,
strategy for email marketing review,57.0,2.54,0.6,18.7,,,,,,
checklist strategy for email marketing,167.0,3.14,0.24,79.1,,,,,,
strategy for email marketing template,1256.0,4.08,0.09,44.6,,,,,,
ideas strategy for email marketing,1102.0,7.38,0.91,75.8,,,,,,
strategy strategy for email marketing,196.0,5.87,0.29,78.1,,,,,,
best strategies for email marketing,237.0,8.14,0.85,43.2,,,,,,
how to strategies for email marketing,2694.0,0.45,0.35,55.9,,,,,,
strategies for email marketing free,796.0,2.44,0.28,62.1,,,,,,
strategies for email marketing for beginners,3030.0,3.52,0.98,67.2,,,,,,
strategies for email marketing tools,27.0,0.98,0.95,66.6,,,,,,
strategies for email marketing 2026,68.0,7.89,0.2,68.6,,,,,,
vs strategies for email marketing,214.0,4.64,0.22,39.1,,,,,,
guide strategies for email marketing,222.0,7.65,0.54,26.5,,,,,,
tips strategies for email marketing,399.0,1.76,0.41,62.1,,,,,,
near me strategies for email marketing,6449.0,7.91,0.38,29.4,,,,,,
strategies for email marketing price,183.0,3.32,0.48,25.1,,,,,,
software strategies for email marketing,275.0,3.19,0.95,7.8,,,,,,
strategies for email marketing course,661.0,6.37,0.25,54.9,,,,,,
strategies for email marketing examples,303.0,6.0,0.97,46.0,,,,,,
app strategies for email marketing,195.0,2.99,0.25,93.9,,,,,,
strategies for email marketing review,218.0,1.49,0.8,21.7,,,,,,
checklist strategies for email marketing,117.0,0.99,0.69,59.3,,,,,,
strategies for email marketing template,326.0,6.53,0.74,34.4,,,,,,
ideas strategies for email marketing,365.0,0.81,0.6,14.6,,,,,,
strategies for email marketing strategy,424.0,2.72,0.21,68.3,,,,,,
best mailing marketing strategies,109.0,5.31,0.48,28.5,,,,,,
how to mailing marketing strategies,1618.0,2.33,0.84,71.7,,,,,,
free mailing marketing strategies,162.0,1.32,0.5,72.2,,,,,,
mailing marketing strategies for beginners,296.0,1.82,0.59,67.5,,,,,,
mailing marketing strategies tools,896.0,2.5,0.08,53.8,,,,,,
mailing marketing strategies 2026,581.0,7.04,0.97,90.4,,,,,,
mailing marketing strategies vs,199.0,3.1,0.71,10.4,,,,,,
mailing marketing strategies guide,161.0,2.13,0.71,64.3,,,,,,
tips mailing marketing strategies,288.0,1.11,0.15,39.5,,,,,,
near me mailing marketing strategies,5621.0,0.85,0.96,32.5,,,,,,
mailing marketing strategies price,1895.0,8.52,0.66,90.9,,,,,,
mailing marketing strategies software,2862.0,7.49,0.51,37.6,,,,,,
course mailing marketing strategies,521.0,3.82,0.87,86.0,,,,,,
examples mailing marketing strategies,291.0,0.65,0.93,43.5,,,,,,
app mailing marketing strategies,332.0,7.36,0.58,81.1,,,,,,
mailing marketing strategies review,2033.0,4.08,0.0,67.4,,,,,,
mailing marketing strategies checklist,945.0,0.82,0.17,61.1,,,,,,
mailing marketing strategies template,1452.0,2.21,0.21,61.1,,,,,,
mailing marketing strategies ideas,533.0,5.46,0.25,88.9,,,,,,
mailing marketing strategies strategy,887.0,8.16,0.66,60.3,,,,,,
best email marketing approach,96.0,7.57,0.68,37.4,,,,,,
email marketing approach how to,926.0,8.48,0.14,28.3,,,,,,
free email marketing approach,179.0,1.61,0.81,50.9,,,,,,
for beginners email marketing approach,18535.0,0.58,0.64,18.5,,,,,,
tools email marketing approach,303.0,7.06,0.9,80.5,,,,,,
2026 email marketing approach,290.0,4.11,0.4,85.7,,,,,,
vs email marketing approach,39.0,6.96,0.2,90.0,,,,,,
guide email marketing approach,169.0,7.74,0.56,90.0,,,,,,
email marketing approach tips,109.0,0.69,0.34,17.2,,,,,,
email marketing approach near me,52.0,8.58,0.56,85.8,,,,,,
email marketing approach price,710.0,7.03,0.7,54.1,,,,,,
software email marketing approach,156.0,5.37,0.97,69.8,,,,,,
course email marketing approach,3259.0,0.22,0.24,73.8,,,,,,
examples email marketing approach,82.0,5.71,0.2,28.7,,,,,,
app email marketing approach,211.0,2.36,0.49,39.8,,,,,,
review email marketing approach,2410.0,5.41,0.59,37.8,,,,,,
checklist email marketing approach,287.0,0.21,0.87,43.6,,,,,,
email marketing approach template,1598.0,7.57,0.17,42.0,,,,,,
ideas email marketing approach,978.0,8.39,0.21,69.4,,,,,,
strategy email marketing approach,225.0,6.29,0.39,72.6,,,,,,
best email blast strategy,1884.0,8.44,0.59,56.9,,,,,,
email blast strategy how to,63.0,7.96,0.65,26.0,,,,,,
free email blast strategy,368.0,8.47,0.16,16.5,,,,,,
email blast strategy for beginners,399.0,8.83,0.42,53.0,,,,,,
email blast strategy tools,1259.0,8.87,0.49,5.8,,,,,,
email blast strategy 2026,71.0,8.9,0.21,60.4,,,,,,
email blast strategy vs,1024.0,1.31,0.82,89.6,,,,,,
email blast strategy guide,4796.0,1.1,0.34,10.9,,,,,,
email blast strategy tips,8588.0,0.59,0.86,12.0,,,,,,
near me email blast strategy,132.0,8.4,0.2,21.2,,,,,,
price email blast strategy,8.0,6.35,0.03,28.4,,,,,,
software email blast strategy,77.0,5.5,0.3,28.4,,,,,,
course email blast strategy,12141.0,1.32,0.94,57.4,,,,,,
email blast strategy examples,237.0,6.58,0.38,57.1,,,,,,
app email blast strategy,5453.0,8.51,0.36,42.7,,,,,,
review email blast strategy,2069.0,4.07,0.65,86.3,,,,,,
checklist email blast strategy,1277.0,2.47,0.42,54.8,,,,,,
email blast strategy template,325.0,3.05,0.28,28.3,,,,,,
email blast strategy ideas,2742.0,5.52,0.58,28.0,,,,,,
email blast strategy strategy,223.0,1.02,0.51,51.9,,,,,,
best email blast marketing strategies,299.0,5.69,0.97,83.4,,,,,,
email blast marketing strategies how to,3430.0,3.23,0.39,54.8,,,,,,
email blast marketing strategies free,4395.0,3.56,0.67,66.9,,,,,,
for beginners email blast marketing strategies,4307.0,3.66,0.96,67.1,,,,,,
tools email blast marketing strategies,840.0,0.86,0.89,61.3,,,,,,
2026 email blast marketing strategies,690.0,3.65,0.25,73.0,,,,,,
vs email blast marketing strategies,232.0,3.71,0.93,38.7,,,,,,
email blast marketing strategies guide,48.0,7.25,0.67,81.5,,,,,,
email blast marketing strategies tips,764.0,8.15,0.52,61.2,,,,,,
email blast marketing strategies near me,2499.0,1.98,0.02,93.3,,,,,,
email blast marketing strategies price,122.0,2.84,0.37,40.8,,,,,,
email blast marketing strategies software,503.0,8.66,0.43,92.6,,,,,,
course email blast marketing strategies,2261.0,2.29,0.06,81.7,,,,,,
examples email blast marketing strategies,1235.0,7.35,0.31,75.5,,,,,,
email blast marketing strategies app,1592.0,2.56,0.14,67.8,,,,,,
email blast marketing strategies review,908.0,5.97,0.23,23.8,,,,,,
checklist email blast marketing strategies,50.0,8.06,0.11,88.3,,,,,,
template email blast marketing strategies,1254.0,3.48,0.06,91.2,,,,,,
ideas email blast marketing strategies,93.0,8.51,0.17,18.9,,,,,,
email blast marketing strategies strategy,557.0,0.66,0.39,17.5,,,,,,
best email marketing strategy,2684.0,6.25,0.2,74.0,,,,,,
email marketing strategy how to,539.0,5.19,0.37,12.5,,,,,,
free email marketing strategy,155.0,6.06,0.96,89.1,,,,,,
email marketing strategy for beginners,4659.0,3.27,0.49,19.1,,,,,,
tools email marketing strategy,109.0,2.55,0.37,43.0,,,,,,
2026 email marketing strategy,134.0,3.03,0.47,58.4,,,,,,
email marketing strategy vs,365.0,1.13,0.17,41.1,,,,,,
guide email marketing strategy,2496.0,2.4,0.74,90.4,,,,,,
email marketing strategy tips,468.0,6.26,0.42,65.6,,,,,,
email marketing strategy near me,393.0,3.23,0.7,40.4,,,,,,
email marketing strategy price,2999.0,6.82,0.12,67.3,,,,,,
software email marketing strategy,10.0,8.74,0.89,33.5,,,,,,
email marketing strategy course,115.0,2.0,0.55,87.7,,,,,,
examples email marketing strategy,53.0,3.97,0.04,54.0,,,,,,
email marketing strategy app,122.0,7.83,0.21,67.9,,,,,,
review email marketing strategy,1465.0,4.39,0.19,62.6,,,,,,
email marketing strategy checklist,95.0,2.07,0.68,79.5,,,,,,
email marketing strategy template,797.0,6.65,0.16,56.0,,,,,,
ideas email marketing strategy,1754.0,7.52,0.51,61.4,,,,,,
email marketing strategy strategy,785.0,0.65,0.9,84.4,,,,,,
best questions for email,2091.0,4.82,0.8,65.7,,,,,,
questions for email how to,425.0,1.71,0.9,48.6,,,,,,
questions for email free,1163.0,8.84,0.12,73.1,,,,,,
questions for email for beginners,52.0,3.91,0.55,23.5,,,,,,
questions for email tools,346.0,5.27,0.72,80.3,,,,,,
questions for email 2026,300.0,4.57,0.57,14.7,,,,,,
questions for email vs,914.0,3.6,0.97,57.4,,,,,,
questions for email guide,1086.0,6.09,0.43,45.3,,,,,,
tips questions for email,174.0,4.95,0.55,73.1,,,,,,
near me questions for email,85.0,4.63,0.17,57.9,,,,,,
price questions for email,118.0,7.46,0.19,69.1,,,,,,
software questions for email,102.0,6.23,0.5,62.3,,,,,,
questions for email course,89.0,7.48,0.94,82.1,,,,,,
questions for email examples,1415.0,2.67,0.84,64.0,,,,,,
app questions for email,5793.0,5.05,0.79,26.1,,,,,,
review questions for email,147.0,0.27,0.03,84.4,,,,,,
checklist questions for email,453.0,7.1,0.42,76.9,,,,,,
template questions for email,747.0,6.92,0.31,33.9,,,,,,
questions for email ideas,3668.0,0.39,0.43,66.2,,,,,,
questions for email strategy,97.0,8.49,0.09,18.8,,,,,,
best free email templates,314.0,0.89,0.95,85.3,,,,,,
how to free email templates,953.0,8.29,0.66,64.3,,,,,,
free free email templates,589.0,4.63,0.39,50.3,,,,,,
for beginners free email templates,2998.0,4.14,0.8,42.5,,,,,,
free email templates tools,803.0,2.24,0.79,45.4,,,,,,
free email templates 2026,90.0,0.37,0.17,79.4,,,,,,
vs free email templates,292.0,7.58,0.94,10.7,,,,,,
guide free email templates,89.0,2.02,0.93,41.4,,,,,,
tips free email templates,4224.0,4.84,0.16,87.3,,,,,,
near me free email templates,361.0,0.36,0.78,19.6,,,,,,
price free email templates,164.0,2.66,0.57,26.6,,,,,,
software free email templates,48.0,2.73,0.53,50.1,,,,,,
course free email templates,484.0,5.15,0.93,19.7,,,,,,
examples free email templates,828.0,5.63,0.37,92.1,,,,,,
free email templates app,325.0,7.54,0.82,67.5,,,,,,
review free email templates,283.0,5.85,0.04,22.7,,,,,,
checklist free email templates,67.0,2.23,0.11,90.4,,,,,,
free email templates template,355.0,1.81,0.01,33.3,,,,,,
ideas free email templates,2193.0,4.64,0.75,54.6,,,,,,
strategy free email templates,1665.0,5.56,0.65,76.9,,,,,,
best e-mail marketing strategies,576.0,1.48,0.68,71.3,,,,,,
e-mail marketing strategies how to,11.0,2.35,0.87,27.2,,,,,,
e-mail marketing strategies free,117.0,8.1,0.46,67.5,,,,,,
for beginners e-mail marketing strategies,395.0,8.5,0.8,41.0,,,,,,
tools e-mail marketing strategies,794.0,0.4,0.26,61.0,,,,,,
e-mail marketing strategies 2026,1603.0,3.38,0.53,5.2,,,,,,
vs e-mail marketing strategies,21.0,1.43,0.44,48.8,,,,,,
guide e-mail marketing strategies,663.0,0.58,0.87,46.1,,,,,,
e-mail marketing strategies tips,235.0,6.01,0.65,43.4,,,,,,
e-mail marketing strategies near me,226.0,0.65,0.3,93.9,,,,,,
price e-mail marketing strategies,196.0,2.16,0.75,28.4,,,,,,
e-mail marketing strategies software,528.0,6.62,0.64,11.3,,,,,,
e-mail marketing strategies course,353.0,5.23,0.69,21.0,,,,,,
examples e-mail marketing strategies,1078.0,5.49,0.2,66.2,,,,,,
e-mail marketing strategies app,761.0,2.86,0.91,42.0,,,,,,
review e-mail marketing strategies,371.0,4.75,0.01,62.3,,,,,,
e-mail marketing strategies checklist,2446.0,2.49,0.39,53.3,,,,,,
e-mail marketing strategies template,641.0,8.91,0.06,33.7,,,,,,
e-mail marketing strategies ideas,353.0,6.23,0.25,46.4,,,,,,
strategy e-mail marketing strategies,1168.0,8.55,0.98,15.8,,,,,,
email campaign tools best,8223.0,1.84,0.49,55.7,,,,,,
email campaign tools how to,265.0,2.65,0.99,88.1,,,,,,
email campaign tools free,719.0,4.22,0.69,58.7,,,,,,
for beginners email campaign tools,1179.0,3.28,0.99,21.4,,,,,,
email campaign tools tools,935.0,7.04,0.67,74.9,,,,,,
2026 email campaign tools,548.0,5.55,0.78,82.9,,,,,,
email campaign tools vs,421.0,7.07,0.26,7.9,,,,,,
guide email campaign tools,458.0,3.07,0.01,8.2,,,,,,
tips email campaign tools,26.0,1.52,0.36,19.9,,,,,,
email campaign tools near me,217.0,5.04,0.21,35.9,,,,,,
email campaign tools price,1350.0,1.33,0.04,8.2,,,,,,
email campaign tools software,74.0,1.36,0.79,69.4,,,,,,
email campaign tools course,250.0,1.92,0.06,52.8,,,,,,
email campaign tools examples,1619.0,4.54,0.73,72.6,,,,,,
app email campaign tools,739.0,8.91,0.36,16.3,,,,,,
email campaign tools review,4132.0,4.87,0.38,48.2,,,,,,
checklist email campaign tools,929.0,4.93,0.34,75.6,,,,,,
template email campaign tools,468.0,6.01,0.17,70.2,,,,,,
ideas email campaign tools,636.0,6.31,0.86,75.1,,,,,,
strategy email campaign tools,3754.0,3.84,0.79,79.6,,,,,,
email campaign tool best,6217.0,2.58,0.17,40.3,,,,,,
email campaign tool how to,3092.0,1.09,0.27,64.9,,,,,,
email campaign tool free,192.0,7.22,0.98,55.9,,,,,,
email campaign tool for beginners,65.0,8.72,0.68,72.7,,,,,,
tools email campaign tool,137.0,4.15,0.8,83.0,,,,,,
email campaign tool 2026,24.0,1.58,0.96,27.7,,,,,,
vs email campaign tool,4964.0,5.62,0.66,34.6,,,,,,
guide email campaign tool,340.0,7.72,0.33,72.0,,,,,,
tips email campaign tool,13.0,4.4,0.6,17.2,,,,,,
email campaign tool near me,326.0,2.66,0.13,24.1,,,,,,
price email campaign tool,263.0,0.41,0.79,86.9,,,,,,
software email campaign tool,2305.0,8.93,0.59,91.6,,,,,,
course email campaign tool,97.0,7.8,0.79,74.8,,,,,,
examples email campaign tool,465.0,3.72,0.64,71.4,,,,,,
app email campaign tool,414.0,6.55,0.96,21.1,,,,,,
review email campaign tool,77.0,5.09,0.09,56.1,,,,,,
email campaign tool checklist,3296.0,5.9,0.73,20.7,,,,,,
template email campaign tool,151.0,1.41,0.15,58.9,,,,,,
ideas email campaign tool,133.0,7.32,0.59,76.8,,,,,,
strategy email campaign tool,853.0,1.52,0.14,58.8,,,,,,
best emailing software,269.0,7.96,0.96,27.8,,,,,,
emailing software how to,67.0,3.61,0.85,58.6,,,,,,
emailing software free,1126.0,0.99,0.41,41.3,,,,,,
for beginners emailing software,999.0,7.9,0.02,74.7,,,,,,
emailing software tools,217.0,7.94,0.69,20.5,,,,,,
emailing software 2026,3873.0,8.45,0.63,7.2,,,,,,
emailing software vs,1065.0,0.62,0.6,74.9,,,,,,
emailing software guide,1145.0,6.42,0.75,27.0,,,,,,
emailing software tips,56.0,2.3,0.3,33.7,,,,,,
emailing software near me,258.0,8.13,0.78,36.0,,,,,,
price emailing software,2321.0,3.78,0.81,44.9,,,,,,
emailing software software,65.0,4.61,0.62,41.5,,,,,,
emailing software course,291.0,4.91,0.22,83.1,,,,,,
examples emailing software,171.0,6.78,0.01,36.0,,,,,,
emailing software app,167.0,6.79,0.96,39.2,,,,,,
emailing software review,12509.0,2.68,0.14,91.5,,,,,,
checklist emailing software,2882.0,2.12,0.02,44.4,,,,,,
template emailing software,389.0,0.81,0.77,75.7,,,,,,
ideas emailing software,1320.0,6.56,0.45,19.2,,,,,,
emailing software strategy,408.0,3.1,0.97,47.7,,,,,,
interview questions for email marketing best,3334.0,5.92,0.0,60.7,,,,,,
interview questions for email marketing how to,402.0,6.42,0.56,38.2,,,,,,
interview questions for email marketing free,438.0,3.01,0.91,53.1,,,,,,
for beginners interview questions for email marketing,431.0,7.48,0.06,31.8,,,,,,
interview questions for email marketing tools,774.0,8.29,0.72,61.3,,,,,,
2026 interview questions for email marketing,1701.0,5.82,0.83,58.7,,,,,,
vs interview questions for email marketing,1019.0,8.8,0.03,39.8,,,,,,
guide interview questions for email marketing,778.0,1.44,0.37,43.5,,,,,,
tips interview questions for email marketing,4724.0,4.28,0.97,62.8,,,,,,
near me interview questions for email marketing,3943.0,4.5,0.03,5.8,,,,,,
price interview questions for email marketing,2482.0,5.02,0.7,7.9,,,,,,
interview questions for email marketing software,1372.0,8.03,0.3,92.7,,,,,,
course interview questions for email marketing,131.0,3.65,0.71,78.5,,,,,,
interview questions for email marketing examples,6804.0,8.2,0.49,70.1,,,,,,
app interview questions for email marketing,353.0,7.48,0.02,12.1,,,,,,
interview questions for email marketing review,757.0,3.7,0.89,46.6,,,,,,
interview questions for email marketing checklist,547.0,5.13,0.36,9.0,,,,,,
interview questions for email marketing template,338.0,3.41,0.61,32.7,,,,,,
interview questions for email marketing ideas,492.0,3.8,0.99,40.4,,,,,,
interview questions for email marketing strategy,85.0,8.29,0.79,80.3,,,,,,
best email marketing questions interview,320.0,8.96,0.03,80.1,,,,,,
how to email marketing questions interview,807.0,4.41,0.79,22.6,,,,,,
free email marketing questions interview,72.0,5.45,0.68,36.2,,,,,,
email marketing questions interview for beginners,805.0,6.04,0.68,71.7,,,,,,
email marketing questions interview tools,3281.0,6.26,0.03,35.2,,,,,,
email marketing questions interview 2026,3618.0,1.23,0.21,7.2,,,,,,
email marketing questions interview vs,597.0,7.42,0.53,43.2,,,,,,
guide email marketing questions interview,362.0,2.16,0.22,59.0,,,,,,
email marketing questions interview tips,317.0,5.1,0.97,33.3,,,,,,
near me email marketing questions interview,1188.0,6.51,0.73,70.6,,,,,,
email marketing questions interview price,1533.0,7.34,0.38,93.6,,,,,,
email marketing questions interview software,40.0,4.38,0.43,81.1,,,,,,
email marketing questions interview course,1806.0,5.64,0.85,59.8,,,,,,
examples email marketing questions interview,39.0,3.27,0.86,91.3,,,,,,
email marketing questions interview app,948.0,2.68,0.65,13.4,,,,,,
review email marketing questions interview,1011.0,5.37,0.03,67.6,,,,,,
email marketing questions interview checklist,402.0,2.98,0.15,44.2,,,,,,
template email marketing questions interview,48.0,6.15,0.05,69.6,,,,,,
email marketing questions interview ideas,34.0,3.44,0.11,36.1,,,,,,
email marketing questions interview strategy,362.0,8.76,0.47,87.3,,,,,,
email marketing interview questions best,14.0,2.23,0.41,34.3,,,,,,
how to email marketing interview questions,1688.0,5.29,0.49,40.8,,,,,,
free email marketing interview questions,18.0,2.87,0.17,65.9,,,,,,
email marketing interview questions for beginners,696.0,8.14,1.0,48.9,,,,,,
email marketing interview questions tools,243.0,0.52,0.43,14.0,,,,,,
email marketing interview questions 2026,54.0,6.83,0.99,72.1,,,,,,
vs email marketing interview questions,440.0,6.0,0.46,31.3,,,,,,
guide email marketing interview questions,539.0,4.48,0.15,55.9,,,,,,
email marketing interview questions tips,150.0,4.59,0.16,91.6,,,,,,
email marketing interview questions near me,6.0,0.46,0.84,61.3,,,,,,
email marketing interview questions price,34.0,6.76,0.95,39.3,,,,,,
email marketing interview questions software,75.0,0.26,0.74,93.3,,,,,,
course email marketing interview questions,833.0,1.63,0.98,34.5,,,,,,
email marketing interview questions examples,86.0,0.63,0.83,94.8,,,,,,
app email marketing interview questions,219.0,3.63,0.07,76.3,,,,,,
review email marketing interview questions,532.0,1.22,0.31,37.5,,,,,,
checklist email marketing interview questions,886.0,8.66,0.3,49.4,,,,,,
email marketing interview questions template,425.0,3.49,0.59,47.4,,,,,,
email marketing interview questions ideas,5681.0,7.49,0.24,35.9,,,,,,
strategy email marketing interview questions,936.0,7.46,0.21,53.5,,,,,,
best email marketing in hindi,305.0,3.98,0.98,15.2,,,,,,
how to email marketing in hindi,57.0,1.53,0.71,47.3,,,,,,
free email marketing in hindi,201.0,7.88,0.06,73.1,,,,,,
for beginners email marketing in hindi,1537.0,5.49,0.05,82.0,,,,,,
email marketing in hindi tools,1598.0,8.35,0.95,94.3,,,,,,
email marketing in hindi 2026,1386.0,4.49,0.1,83.5,,,,,,
vs email marketing in hindi,211.0,0.9,0.41,83.0,,,,,,
guide email marketing in hindi,133.0,1.61,0.39,14.1,,,,,,
tips email marketing in hindi,676.0,1.03,0.79,38.2,,,,,,
email marketing in hindi near me,65.0,0.32,0.47,80.9,,,,,,
price email marketing in hindi,51.0,5.85,0.23,55.4,,,,,,
email marketing in hindi software,3579.0,1.71,0.94,84.8,,,,,,
email marketing in hindi course,758.0,1.04,0.74,30.4,,,,,,
email marketing in hindi examples,913.0,4.33,0.53,51.8,,,,,,
email marketing in hindi app,108.0,5.49,0.62,9.2,,,,,,
email marketing in hindi review,117.0,5.98,0.83,42.9,,,,,,
checklist email marketing in hindi,86.0,2.95,0.05,5.4,,,,,,
template email marketing in hindi,1684.0,5.75,0.58,41.0,,,,,,
ideas email marketing in hindi,87.0,0.4,0.78,50.6,,,,,,
email marketing in hindi strategy,25.0,6.24,0.31,93.5,,,,,,
best email campaign templates,2048.0,0.81,0.28,45.2,,,,,,
how to email campaign templates,585.0,6.91,0.26,68.2,,,,,,
free email campaign templates,817.0,6.98,0.89,12.6,,,,,,
for beginners email campaign templates,2757.0,5.25,0.22,94.9,,,,,,
email campaign templates tools,4872.0,1.71,0.46,42.7,,,,,,
email campaign templates 2026,1610.0,4.41,0.51,84.8,,,,,,
vs email campaign templates,13859.0,0.31,0.63,81.0,,,,,,
guide email campaign templates,1828.0,6.72,0.67,55.9,,,,,,
tips email campaign templates,126.0,6.08,0.66,64.6,,,,,,
near me email campaign templates,1502.0,6.44,0.61,49.1,,,,,,
email campaign templates price,24.0,5.88,0.34,37.1,,,,,,
email campaign templates software,82.0,3.73,0.74,52.5,,,,,,
course email campaign templates,200.0,0.5,0.57,23.3,,,,,,
examples email campaign templates,207.0,1.42,0.44,67.0,,,,,,
app email campaign templates,48.0,2.01,0.59,45.9,,,,,,
review email campaign templates,189.0,2.66,0.75,51.6,,,,,,
email campaign templates checklist,284.0,8.55,0.71,31.9,,,,,,
template email campaign templates,214.0,4.98,0.53,27.3,,,,,,
email campaign templates ideas,815.0,2.41,0.8,65.1,,,,,,
strategy email campaign templates,522.0,2.0,0.18,57.8,,,,,,
best e mail marketing in hindi,389.0,0.42,0.27,19.2,,,,,,
how to e mail marketing in hindi,51546.0,1.97,0.62,55.1,,,,,,
e mail marketing in hindi free,100.0,1.05,0.02,12.4,,,,,,
e mail marketing in hindi for beginners,136.0,5.02,0.75,33.9,,,,,,
tools e mail marketing in hindi,13742.0,3.35,1.0,62.5,,,,,,
2026 e mail marketing in hindi,380.0,5.86,0.51,91.1,,,,,,
vs e mail marketing in hindi,250.0,8.53,0.88,58.1,,,,,,
e mail marketing in hindi guide,311.0,0.88,0.11,92.9,,,,,,
e mail marketing in hindi tips,3355.0,5.8,0.63,23.6,,,,,,
near me e mail marketing in hindi,401.0,5.22,0.19,70.1,,,,,,
e mail marketing in hindi price,75.0,4.04,0.25,77.7,,,,,,
e mail marketing in hindi software,955.0,7.98,0.36,32.5,,,,,,
e mail marketing in hindi course,157.0,5.72,0.03,51.0,,,,,,
e mail marketing in hindi examples,56.0,4.68,0.08,78.4,,,,,,
e mail marketing in hindi app,1213.0,5.82,0.96,49.4,,,,,,
review e mail marketing in hindi,11.0,7.75,0.24,68.7,,,,,,
e mail marketing in hindi checklist,10458.0,8.59,0.44,52.2,,,,,,
template e mail marketing in hindi,510.0,6.14,0.7,52.3,,,,,,
e mail marketing in hindi ideas,1486.0,1.21,0.63,14.3,,,,,,
e mail marketing in hindi strategy,637.0,3.4,0.64,51.9,,,,,,
best free email marketing courses,199.0,1.43,0.06,61.3,,,,,,
how to free email marketing courses,161.0,2.36,0.81,11.8,,,,,,
free free email marketing courses,86.0,5.96,0.42,69.6,,,,,,
free email marketing courses for beginners,188.0,1.47,0.68,15.8,,,,,,
free email marketing courses tools,18.0,0.76,0.22,79.2,,,,,,
2026 free email marketing courses,2747.0,3.07,0.53,74.6,,,,,,
free email marketing courses vs,1504.0,1.06,0.91,62.4,,,,,,
free email marketing courses guide,588.0,3.24,0.73,53.7,,,,,,
tips free email marketing courses,1550.0,6.28,0.39,21.4,,,,,,
near me free email marketing courses,364.0,4.85,0.98,38.0,,,,,,
price free email marketing courses,110.0,5.77,0.23,9.7,,,,,,
free email marketing courses software,392.0,5.44,0.72,20.1,,,,,,
course free email marketing courses,54.0,6.74,0.78,68.1,,,,,,
free email marketing courses examples,40.0,8.55,0.66,76.0,,,,,,
app free email marketing courses,8603.0,3.03,0.64,7.2,,,,,,
review free email marketing courses,1981.0,5.57,0.3,70.2,,,,,,
free email marketing courses checklist,287.0,1.09,0.86,49.8,,,,,,
free email marketing courses template,398.0,1.96,0.46,81.5,,,,,,
ideas free email marketing courses,216.0,6.13,0.86,78.8,,,,,,
free email marketing courses strategy,124.0,8.39,0.4,37.5,,,,,,
best email marketing free course,347.0,7.55,0.08,71.7,,,,,,
how to email marketing free course,894.0,7.86,0.28,92.0,,,,,,
free email marketing free course,804.0,3.74,0.11,58.2,,,,,,
for beginners email marketing free course,1104.0,3.77,0.57,7.5,,,,,,
tools email marketing free course,739.0,1.44,0.01,82.1,,,,,,
2026 email marketing free course,6357.0,1.54,0.45,21.7,,,,,,
vs email marketing free course,1075.0,5.04,0.38,46.8,,,,,,
email marketing free course guide,269.0,2.14,0.06,15.4,,,,,,
tips email marketing free course,271.0,2.9,0.13,73.0,,,,,,
near me email marketing free course,893.0,5.59,0.81,41.4,,,,,,
price email marketing free course,1204.0,0.22,0.49,28.8,,,,,,
email marketing free course software,1141.0,0.27,0.73,93.9,,,,,,
email marketing free course course,19.0,5.53,0.8,26.6,,,,,,
email marketing free course examples,1636.0,8.47,0.3,38.9,,,,,,
app email marketing free course,643.0,0.88,0.59,7.2,,,,,,
email marketing free course review,5.0,6.0,0.51,39.5,,,,,,
checklist email marketing free course,170.0,7.27,0.79,64.8,,,,,,
template email marketing free course,1674.0,1.37,0.96,85.3,,,,,,
email marketing free course ideas,571.0,5.51,0.44,72.5,,,,,,
strategy email marketing free course,310.0,2.35,0.88,8.4,,,,,,
best email tools,739.0,4.18,0.53,27.5,,,,,,
how to email tools,174.0,0.95,0.37,72.0,,,,,,
free email tools,201.0,7.04,0.11,15.6,,,,,,
for beginners email tools,216.0,7.37,0.18,51.5,,,,,,
tools email tools,7.0,4.75,0.64,24.3,,,,,,
email tools 2026,61.0,8.15,0.24,15.9,,,,,,
email tools vs,278.0,1.89,0.61,6.6,,,,,,
email tools guide,1692.0,3.75,0.05,59.7,,,,,,
tips email tools,2988.0,2.17,0.87,67.1,,,,,,
email tools near me,952.0,6.96,0.31,39.3,,,,,,
price email tools,866.0,8.71,0.17,7.4,,,,,,
email tools software,218.0,7.98,0.82,87.1,,,,,,
course email tools,31.0,3.6,0.05,86.9,,,,,,
email tools examples,4090.0,4.73,0.79,25.2,,,,,,
app email tools,1765.0,7.68,0.01,20.3,,,,,,
email tools review,1300.0,8.69,0.59,24.1,,,,,,
email tools checklist,568.0,2.05,0.55,80.1,,,,,,
email tools template,437.0,0.52,0.25,67.8,,,,,,
email tools ideas,536.0,1.13,0.1,64.3,,,,,,
strategy email tools,519.0,4.6,0.15,50.1,,,,,,
free email marketing best,186.0,0.71,0.42,5.1,,,,,,
how to free email marketing,172.0,7.42,0.66,27.5,,,,,,
free email marketing free,58.0,7.49,0.86,20.8,,,,,,
free email marketing for beginners,4577.0,1.28,0.65,36.1,,,,,,
free email marketing tools,11823.0,6.79,0.77,8.5,,,,,,
2026 free email marketing,2590.0,4.63,0.01,85.8,,,,,,
vs free email marketing,177.0,5.97,0.8,67.4,,,,,,
guide free email marketing,2098.0,1.98,0.71,50.1,,,,,,
tips free email marketing,2695.0,5.02,0.79,33.7,,,,,,
near me free email marketing,3147.0,5.78,0.89,27.7,,,,,,
free email marketing price,129.0,5.17,0.41,14.7,,,,,,
software free email marketing,2393.0,4.9,0.59,8.7,,,,,,
examples free email marketing,5314.0,6.19,0.5,23.4,,,,,,
app free email marketing,910.0,2.7,0.27,74.1,,,,,,
review free email marketing,244.0,2.22,0.79,56.6,,,,,,
free email marketing checklist,1066.0,7.41,0.24,61.9,,,,,,
template free email marketing,436.0,8.95,0.81,48.8,,,,,,
ideas free email marketing,180.0,6.75,0.13,45.2,,,,,,
email marketing courses free best,330.0,3.49,0.62,21.2,,,,,,
how to email marketing courses free,1725.0,1.03,0.98,35.3,,,,,,
free email marketing courses free,23.0,6.44,0.84,14.5,,,,,,
email marketing courses free for beginners,786.0,0.31,0.99,58.9,,,,,,
tools email marketing courses free,63.0,7.52,0.81,35.6,,,,,,
email marketing courses free 2026,870.0,3.25,0.37,17.6,,,,,,
email marketing courses free vs,1614.0,2.92,0.17,38.6,,,,,,
email marketing courses free guide,23.0,6.46,0.2,8.3,,,,,,
email marketing courses free tips,291.0,3.68,0.98,21.3,,,,,,
email marketing courses free near me,25.0,4.68,0.04,19.6,,,,,,
price email marketing courses free,6826.0,5.79,0.79,28.9,,,,,,
software email marketing courses free,957.0,2.71,0.31,94.7,,,,,,
email marketing courses free course,359.0,8.35,0.16,84.1,,,,,,
examples email marketing courses free,62.0,6.81,0.73,14.9,,,,,,
app email marketing courses free,1537.0,8.09,0.62,52.1,,,,,,
review email marketing courses free,567.0,4.6,0.62,64.3,,,,,,
email marketing courses free checklist,31.0,5.8,0.43,91.6,,,,,,
template email marketing courses free,396.0,0.4,0.69,42.1,,,,,,
ideas email marketing courses free,113.0,0.32,0.39,71.2,,,,,,
strategy email marketing courses free,334.0,4.46,0.81,11.3,,,,,,
best email marketing course free,205.0,3.69,0.96,24.9,,,,,,
email marketing course free how to,227.0,8.18,0.31,77.0,,,,,,
email marketing course free free,30.0,5.1,0.18,69.6,,,,,,
for beginners email marketing course free,304.0,2.18,0.13,91.2,,,,,,
tools email marketing course free,173.0,6.33,0.83,19.6,,,,,,
email marketing course free 2026,799.0,1.11,0.15,62.1,,,,,,
vs email marketing course free,455.0,0.52,0.97,17.6,,,,,,
email marketing course free guide,2739.0,6.99,0.94,77.6,,,,,,
tips email marketing course free,1118.0,3.08,0.95,82.5,,,,,,
email marketing course free near me,18.0,2.82,0.33,82.5,,,,,,
email marketing course free price,154.0,8.5,0.54,45.5,,,,,,
email marketing course free software,3471.0,2.18,0.09,16.4,,,,,,
email marketing course free course,157.0,0.3,0.95,16.1,,,,,,
email marketing course free examples,379.0,1.14,0.48,81.0,,,,,,
app email marketing course free,2026.0,6.67,0.68,37.6,,,,,,
email marketing course free review,369.0,7.46,0.32,17.4,,,,,,
checklist email marketing course free,141.0,0.27,0.06,42.5,,,,,,
template email marketing course free,34.0,8.1,0.04,35.6,,,,,,
email marketing course free ideas,7990.0,4.49,0.79,33.6,,,,,,
strategy email marketing course free,237.0,5.13,0.38,53.5,,,,,,
ईमेल मार्केटिंग क्या है best,1061.0,8.17,0.83,85.4,,,,,,
ईमेल मार्केटिंग क्या है how to,376.0,3.0,0.89,22.0,,,,,,
ईमेल मार्केटिंग क्या है free,119.0,0.98,0.73,29.1,,,,,,
for beginners ईमेल मार्केटिंग क्या है,16.0,5.56,0.21,9.4,,,,,,
ईमेल मार्केटिंग क्या है tools,1928.0,5.3,0.35,26.9,,,,,,
ईमेल मार्केटिंग क्या है 2026,1047.0,1.25,0.3,47.4,,,,,,
ईमेल मार्केटिंग क्या है vs,266.0,1.07,0.68,61.6,,,,,,
guide ईमेल मार्केटिंग क्या है,883.0,6.97,0.42,49.0,,,,,,
tips ईमेल मार्केटिंग क्या है,2050.0,4.7,0.21,28.2,,,,,,
ईमेल मार्केटिंग क्या है near me,332.0,3.87,0.0,55.9,,,,,,
price ईमेल मार्केटिंग क्या है,2525.0,6.3,0.0,10.3,,,,,,
software ईमेल मार्केटिंग क्या है,1329.0,6.52,0.66,68.7,,,,,,
course ईमेल मार्केटिंग क्या है,25.0,6.69,0.07,10.7,,,,,,
ईमेल मार्केटिंग क्या है examples,366.0,6.91,0.33,29.8,,,,,,
app ईमेल मार्केटिंग क्या है,1554.0,3.36,0.4,32.0,,,,,,
ईमेल मार्केटिंग क्या है review,3644.0,3.17,0.31,75.7,,,,,,
ईमेल मार्केटिंग क्या है checklist,301.0,0.53,0.93,76.1,,,,,,
template ईमेल मार्केटिंग क्या है,536.0,2.98,0.69,32.6,,,,,,
ideas ईमेल मार्केटिंग क्या है,755.0,3.51,0.91,80.3,,,,,,
strategy ईमेल मार्केटिंग क्या है,260.0,2.34,0.3,43.2,,,,,,
free email marketing template best,991.0,7.16,0.22,67.7,,,,,,
how to free email marketing template,83.0,3.32,0.19,17.1,,,,,,
free free email marketing template,4062.0,0.61,0.98,65.4,,,,,,
for beginners free email marketing template,1958.0,8.61,0.2,21.7,,,,,,
tools free email marketing template,302.0,4.59,0.13,32.5,,,,,,
2026 free email marketing template,116.0,3.26,0.06,64.9,,,,,,
vs free email marketing template,870.0,5.33,0.99,27.0,,,,,,
guide free email marketing template,104.0,5.03,0.87,59.5,,,,,,
tips free email marketing template,13857.0,6.39,0.13,7.4,,,,,,
free email marketing template near me,74.0,8.99,0.71,81.4,,,,,,
free email marketing template price,494.0,8.77,0.42,77.7,,,,,,
software free email marketing template,172.0,5.31,0.22,5.3,,,,,,
free email marketing template course,100.0,3.46,0.89,39.9,,,,,,
examples free email marketing template,1294.0,0.27,0.19,88.8,,,,,,
app free email marketing template,172.0,2.93,0.72,74.5,,,,,,
review free email marketing template,627.0,8.58,0.39,80.4,,,,,,
checklist free email marketing template,999.0,3.36,0.83,28.8,,,,,,
free email marketing template template,109.0,6.73,0.47,66.2,,,,,,
free email marketing template ideas,752.0,6.13,0.71,79.1,,,,,,
strategy free email marketing template,121.0,6.18,0.08,24.7,,,,,,
best best email marketing software,1123.0,4.58,0.99,26.2,,,,,,
best email marketing software how to,1328.0,2.35,0.73,74.8,,,,,,
free best email marketing software,365.0,4.79,0.01,66.4,,,,,,
for beginners best email marketing software,540.0,7.39,0.76,32.7,,,,,,
tools best email marketing software,20481.0,1.46,0.19,66.5,,,,,,
2026 best email marketing software,1261.0,5.2,0.65,44.7,,,,,,
best email marketing software vs,616.0,8.12,0.8,88.5,,,,,,
best email marketing software guide,372.0,5.35,0.21,23.1,,,,,,
tips best email marketing software,95.0,5.9,0.27,50.6,,,,,,
best email marketing software near me,364.0,4.76,0.31,91.9,,,,,,
best email marketing software price,17.0,0.36,0.73,20.4,,,,,,
best email marketing software software,190.0,2.52,0.62,48.7,,,,,,
best email marketing software course,194.0,3.95,0.61,5.4,,,,,,
examples best email marketing software,226.0,4.55,0.3,94.7,,,,,,
best email marketing software app,127.0,8.28,0.42,32.4,,,,,,
best email marketing software review,105.0,5.65,0.54,8.2,,,,,,
checklist best email marketing software,5698.0,0.61,0.27,47.8,,,,,,
template best email marketing software,315.0,1.94,0.37,75.2,,,,,,
ideas best email marketing software,637.0,3.69,0.63,92.6,,,,,,
strategy best email marketing software,513.0,6.4,0.25,82.6,,,,,,
email marketing jobs work from home best,246.0,4.32,0.26,26.2,,,,,,
how to email marketing jobs work from home,598.0,7.55,0.4,11.0,,,,,,
email marketing jobs work from home free,601.0,1.93,0.9,92.7,,,,,,
email marketing jobs work from home for beginners,1239.0,5.88,0.26,62.2,,,,,,
email marketing jobs work from home tools,2326.0,8.94,0.64,27.8,,,,,,
email marketing jobs work from home 2026,1105.0,4.06,0.9,83.2,,,,,,
email marketing jobs work from home vs,955.0,6.01,0.77,37.9,,,,,,
email marketing jobs work from home guide,131.0,5.63,0.78,73.0,,,,,,
tips email marketing jobs work from home,767.0,0.35,0.78,54.4,,,,,,
near me email marketing jobs work from home,1042.0,3.79,0.92,20.4,,,,,,
email marketing jobs work from home price,264.0,5.43,0.95,86.6,,,,,,
software email marketing jobs work from home,282.0,4.43,0.9,44.0,,,,,,
course email marketing jobs work from home,216.0,1.16,0.51,67.6,,,,,,
email marketing jobs work from home examples,253.0,6.51,0.16,36.4,,,,,,
app email marketing jobs work from home,272.0,4.76,0.96,88.3,,,,,,
email marketing jobs work from home review,120.0,7.0,0.24,80.9,,,,,,
checklist email marketing jobs work from home,164.0,5.1,0.53,88.2,,,,,,
email marketing jobs work from home template,48.0,0.48,0.77,87.8,,,,,,
email marketing jobs work from home ideas,2187.0,7.28,0.84,35.3,,,,,,
strategy email marketing jobs work from home,1101.0,1.89,0.63,43.8,,,,,,
work home jobs email marketing best,2306.0,3.06,0.93,56.2,,,,,,
how to work home jobs email marketing,129.0,3.73,0.82,66.0,,,,,,
free work home jobs email marketing,1417.0,2.5,0.09,74.9,,,,,,
work home jobs email marketing for beginners,356.0,4.33,0.43,66.6,,,,,,
tools work home jobs email marketing,49.0,1.42,0.57,10.7,,,,,,
2026 work home jobs email marketing,5743.0,3.97,0.8,46.0,,,,,,
work home jobs email marketing vs,180.0,0.82,0.9,70.8,,,,,,
guide work home jobs email marketing,1884.0,1.24,0.37,89.1,,,,,,
tips work home jobs email marketing,501.0,2.0,0.19,84.2,,,,,,
work home jobs email marketing near me,4398.0,3.53,0.3,66.0,,,,,,
price work home jobs email marketing,161.0,4.48,0.44,86.7,,,,,,
software work home jobs email marketing,1582.0,6.21,0.24,10.7,,,,,,
course work home jobs email marketing,6952.0,1.65,0.3,94.1,,,,,,
examples work home jobs email marketing,514.0,0.84,0.97,85.4,,,,,,
app work home jobs email marketing,141.0,6.34,0.83,75.8,,,,,,
review work home jobs email marketing,447.0,3.03,0.5,78.5,,,,,,
work home jobs email marketing checklist,46.0,6.58,0.44,78.5,,,,,,
work home jobs email marketing template,1889.0,2.56,0.7,73.3,,,,,,
work home jobs email marketing ideas,2416.0,1.36,0.7,94.3,,,,,,
strategy work home jobs email marketing,12.0,5.68,0.29,7.7,,,,,,
free email marketing course best,1885.0,1.92,0.8,31.4,,,,,,
how to free email marketing course,1023.0,5.25,0.49,72.5,,,,,,
free email marketing course free,147.0,4.59,0.83,78.3,,,,,,
for beginners free email marketing course,95.0,4.87,0.83,83.6,,,,,,
free email marketing course tools,58.0,7.9,0.51,11.2,,,,,,
free email marketing course 2026,296.0,1.18,0.47,59.4,,,,,,
vs free email marketing course,118.0,6.93,0.41,17.8,,,,,,
guide free email marketing course,1615.0,5.14,0.98,54.5,,,,,,
tips free email marketing course,188.0,7.51,0.43,49.8,,,,,,
free email marketing course near me,1148.0,2.8,0.51,74.0,,,,,,
free email marketing course price,881.0,1.73,0.28,8.1,,,,,,
free email marketing course software,55.0,8.99,0.72,60.1,,,,,,
course free email marketing course,636.0,4.77,0.04,68.8,,,,,,
examples free email marketing course,478.0,4.28,0.36,40.1,,,,,,
app free email marketing course,431.0,8.48,0.79,7.5,,,,,,
review free email marketing course,247.0,4.75,0.5,80.2,,,,,,
free email marketing course checklist,275.0,2.95,0.27,66.3,,,,,,
free email marketing course template,533.0,4.3,0.84,48.6,,,,,,
ideas free email marketing course,846.0,1.83,0.69,24.3,,,,,,
strategy free email marketing course,447.0,2.79,0.25,43.7,,,,,,
best email marketing software free,3053.0,0.49,0.3,43.1,,,,,,
how to email marketing software free,177.0,3.15,0.89,47.9,,,,,,
free email marketing software free,219.0,4.29,0.62,28.3,,,,,,
email marketing software free for beginners,2271.0,7.85,0.74,17.3,,,,,,
email marketing software free tools,144.0,8.45,0.82,52.1,,,,,,
2026 email marketing software free,292.0,5.12,0.18,32.6,,,,,,
vs email marketing software free,57.0,1.1,0.25,58.5,,,,,,
email marketing software free guide,609.0,5.34,0.29,31.4,,,,,,
email marketing software free tips,175.0,3.62,0.59,32.1,,,,,,
near me email marketing software free,137.0,0.83,0.74,70.4,,,,,,
email marketing software free price,5507.0,8.62,0.1,21.5,,,,,,
email marketing software free software,230.0,5.91,0.69,52.4,,,,,,
course email marketing software free,883.0,6.89,0.04,33.2,,,,,,
examples email marketing software free,175.0,0.89,0.35,69.0,,,,,,
email marketing software free app,87.0,7.02,0.64,27.0,,,,,,
review email marketing software free,2782.0,8.17,0.71,9.9,,,,,,
checklist email marketing software free,320.0,4.18,0.42,59.6,,,,,,
template email marketing software free,562.0,2.6,0.63,66.8,,,,,,
ideas email marketing software free,3286.0,3.64,0.76,32.0,,,,,,
email marketing software free strategy,3009.0,2.55,0.03,9.6,,,,,,
best what is email campaign,100.0,4.2,0.15,78.6,,,,,,
what is email campaign how to,2057.0,5.16,0.23,49.6,,,,,,
what is email campaign free,320.0,1.13,0.86,74.1,,,,,,
for beginners what is email campaign,824.0,2.22,0.52,81.5,,,,,,
what is email campaign tools,132.0,2.77,0.24,83.3,,,,,,
what is email campaign 2026,585.0,8.67,0.3,73.5,,,,,,
what is email campaign vs,3208.0,1.62,0.31,41.3,,,,,,
what is email campaign guide,12.0,0.78,0.68,7.1,,,,,,
tips what is email campaign,3279.0,6.45,0.6,64.1,,,,,,
near me what is email campaign,578.0,8.69,0.43,60.5,,,,,,
price what is email campaign,417.0,4.84,0.65,69.5,,,,,,
what is email campaign software,144.0,1.8,0.56,87.7,,,,,,
course what is email campaign,21.0,2.47,0.79,70.2,,,,,,
examples what is email campaign,230.0,1.29,0.79,60.6,,,,,,
what is email campaign app,1187.0,6.01,0.93,47.7,,,,,,
what is email campaign review,65.0,8.65,0.96,78.7,,,,,,
what is email campaign checklist,3928.0,3.57,0.94,37.7,,,,,,
template what is email campaign,1243.0,8.74,0.95,55.0,,,,,,
what is email campaign ideas,1792.0,2.12,0.19,91.7,,,,,,
strategy what is email campaign,917.0,1.36,0.51,90.0,,,,,,
best free email marketing software,675.0,5.05,0.89,87.2,,,,,,
free email marketing software how to,100.0,2.66,0.45,24.8,,,,,,
free free email marketing software,94.0,3.17,0.27,18.6,,,,,,
free email marketing software for beginners,74.0,2.15,0.12,94.9,,,,,,
free email marketing software tools,331.0,5.56,0.72,55.5,,,,,,
free email marketing software 2026,44.0,7.49,0.35,73.7,,,,,,
vs free email marketing software,589.0,7.26,0.04,84.1,,,,,,
guide free email marketing software,53.0,1.26,0.81,63.3,,,,,,
free email marketing software tips,367.0,5.18,0.85,65.3,,,,,,
free email marketing software near me,2066.0,5.22,0.52,41.3,,,,,,
free email marketing software price,693.0,3.99,0.93,91.9,,,,,,
software free email marketing software,1603.0,6.5,0.02,79.4,,,,,,
free email marketing software course,3801.0,3.52,0.26,94.6,,,,,,
examples free email marketing software,54.0,8.22,0.52,46.0,,,,,,
app free email marketing software,3451.0,8.69,0.33,71.5,,,,,,
free email marketing software review,6379.0,7.28,0.89,45.4,,,,,,
free email marketing software checklist,449.0,1.37,0.36,83.5,,,,,,
free email marketing software template,100.0,6.7,0.22,28.1,,,,,,
ideas free email marketing software,185.0,3.85,0.58,25.7,,,,,,
free email marketing software strategy,235.0,3.24,0.9,43.8,,,,,,
email campaign meaning best,324.0,8.68,0.12,83.5,,,,,,
email campaign meaning how to,82.0,2.97,0.08,51.8,,,,,,
email campaign meaning free,397.0,5.98,0.69,22.4,,,,,,
for beginners email campaign meaning,112.0,8.99,0.73,58.1,,,,,,
tools email campaign meaning,100.0,5.06,0.24,66.0,,,,,,
email campaign meaning 2026,1078.0,7.38,0.05,65.5,,,,,,
email campaign meaning vs,283.0,7.76,0.09,65.0,,,,,,
guide email campaign meaning,43.0,1.72,0.8,45.5,,,,,,
email campaign meaning tips,14701.0,3.59,0.52,14.6,,,,,,
email campaign meaning near me,481.0,4.58,0.17,37.7,,,,,,
email campaign meaning price,548.0,8.13,0.55,65.9,,,,,,
email campaign meaning software,76.0,2.97,0.35,25.1,,,,,,
email campaign meaning course,183.0,2.32,0.28,21.4,,,,,,
examples email campaign meaning,235.0,8.38,0.86,86.6,,,,,,
email campaign meaning app,198.0,3.08,0.29,69.5,,,,,,
email campaign meaning review,283.0,6.21,0.12,9.3,,,,,,
email campaign meaning checklist,227.0,1.43,0.15,25.7,,,,,,
template email campaign meaning,2081.0,0.51,0.91,83.9,,,,,,
email campaign meaning ideas,297.0,1.86,0.72,27.5,,,,,,
strategy email campaign meaning,117.0,5.38,0.01,84.5,,,,,,
best what is an email campaign,230.0,0.83,0.71,77.4,,,,,,
how to what is an email campaign,65.0,4.67,0.43,68.1,,,,,,
free what is an email campaign,1211.0,2.2,0.02,60.7,,,,,,
for beginners what is an email campaign,1040.0,3.7,0.94,50.2,,,,,,
what is an email campaign tools,3207.0,3.79,0.12,64.5,,,,,,
2026 what is an email campaign,457.0,5.57,0.02,20.7,,,,,,
what is an email campaign vs,7894.0,6.67,0.12,65.1,,,,,,
what is an email campaign guide,48.0,1.63,0.51,63.1,,,,,,
tips what is an email campaign,450.0,5.62,0.77,33.1,,,,,,
what is an email campaign near me,154.0,1.01,0.89,38.9,,,,,,
price what is an email campaign,447.0,3.47,0.65,11.9,,,,,,
what is an email campaign software,4355.0,2.38,0.29,69.6,,,,,,
course what is an email campaign,7435.0,0.74,0.99,9.9,,,,,,
examples what is an email campaign,4860.0,5.41,0.44,73.1,,,,,,
app what is an email campaign,420.0,7.18,0.08,50.0,,,,,,
review what is an email campaign,94.0,4.28,0.24,49.2,,,,,,
what is an email campaign checklist,615.0,4.27,0.78,26.6,,,,,,
what is an email campaign template,809.0,0.64,0.23,36.8,,,,,,
what is an email campaign ideas,284.0,5.13,0.88,53.9,,,,,,
what is an email campaign strategy,1104.0,1.4,0.56,66.5,,,,,,
best email examples best,114.0,3.01,0.32,91.3,,,,,,
best email examples how to,169.0,3.31,0.13,16.4,,,,,,
best email examples free,2207.0,1.01,0.6,50.2,,,,,,
best email examples for beginners,7243.0,2.71,0.96,88.8,,,,,,
best email examples tools,3347.0,7.55,0.36,19.7,,,,,,
2026 best email examples,20381.0,7.68,0.73,83.9,,,,,,
vs best email examples,336.0,4.6,0.99,91.3,,,,,,
guide best email examples,576.0,5.28,0.26,83.8,,,,,,
best email examples tips,2131.0,3.75,0.59,55.5,,,,,,
best email examples near me,2178.0,2.16,0.35,6.3,,,,,,
price best email examples,45.0,3.29,0.33,51.1,,,,,,
software best email examples,636.0,3.2,0.69,9.0,,,,,,
course best email examples,9458.0,5.55,0.96,42.2,,,,,,
best email examples examples,4079.0,0.51,0.24,48.0,,,,,,
app best email examples,675.0,5.59,0.18,34.4,,,,,,
best email examples review,63.0,4.75,0.74,10.2,,,,,,
best email examples checklist,2518.0,0.67,0.42,8.6,,,,,,
best email examples template,38.0,1.59,0.52,88.0,,,,,,
best email examples ideas,6368.0,7.46,0.46,84.4,,,,,,
best email examples strategy,414.0,8.33,0.17,77.1,,,,,,
best email campaign examples,1313.0,1.7,0.43,16.6,,,,,,
how to email campaign examples,111.0,0.78,0.9,32.1,,,,,,
free email campaign examples,189.0,5.91,0.19,46.3,,,,,,
for beginners email campaign examples,136.0,2.41,0.14,68.6,,,,,,
email campaign examples tools,813.0,3.16,0.45,68.2,,,,,,
email campaign examples 2026,55.0,6.18,0.84,69.5,,,,,,
email campaign examples vs,9881.0,7.12,0.57,19.9,,,,,,
email campaign examples guide,5134.0,3.86,0.68,38.5,,,,,,
tips email campaign examples,48.0,1.57,0.08,78.8,,,,,,
near me email campaign examples,731.0,6.8,0.77,50.8,,,,,,
price email campaign examples,213.0,6.55,0.11,63.6,,,,,,
email campaign examples software,102.0,6.3,0.83,19.3,,,,,,
email campaign examples course,593.0,1.36,0.04,69.9,,,,,,
examples email campaign examples,658.0,4.95,0.34,26.5,,,,,,
app email campaign examples,1038.0,3.03,0.27,29.1,,,,,,
email campaign examples review,661.0,0.43,0.79,28.0,,,,,,
checklist email campaign examples,173.0,7.57,0.96,38.1,,,,,,
email campaign examples template,71.0,2.16,0.05,85.8,,,,,,
email campaign examples ideas,165.0,3.93,0.65,31.1,,,,,,
strategy email campaign examples,2106.0,4.0,0.36,78.4,,,,,,
best email campaigns examples,638.0,3.2,0.04,12.4,,,,,,
email campaigns examples how to,632.0,1.55,0.86,76.8,,,,,,
free email campaigns examples,40.0,5.69,0.12,67.9,,,,,,
email campaigns examples for beginners,248.0,8.6,0.87,26.0,,,,,,
tools email campaigns examples,644.0,0.44,0.03,20.3,,,,,,
2026 email campaigns examples,114.0,0.34,0.99,53.0,,,,,,
email campaigns examples vs,256.0,4.78,0.47,60.2,,,,,,
guide email campaigns examples,257.0,4.49,0.0,82.4,,,,,,
email campaigns examples tips,202.0,8.98,0.58,16.1,,,,,,
email campaigns examples near me,120.0,8.88,0.43,25.7,,,,,,
price email campaigns examples,662.0,0.68,0.86,6.4,,,,,,
software email campaigns examples,2528.0,0.87,0.72,74.4,,,,,,
course email campaigns examples,330.0,0.72,0.73,14.5,,,,,,
email campaigns examples examples,1311.0,7.15,0.81,80.8,,,,,,
email campaigns examples app,336.0,7.65,0.36,67.6,,,,,,
review email campaigns examples,2990.0,2.63,0.65,17.0,,,,,,
checklist email campaigns examples,310.0,1.18,0.7,43.8,,,,,,
email campaigns examples template,35.0,6.53,0.59,81.4,,,,,,
ideas email campaigns examples,2868.0,1.87,0.15,43.9,,,,,,
email campaigns examples strategy,2206.0,4.09,0.59,79.9,,,,,,
best campaign email examples,62.0,8.14,0.81,11.1,,,,,,
campaign email examples how to,1671.0,6.05,0.56,49.5,,,,,,
free campaign email examples,54.0,3.57,0.87,92.5,,,,,,
for beginners campaign email examples,14223.0,1.19,0.21,43.0,,,,,,
campaign email examples tools,546.0,6.1,0.42,29.6,,,,,,
campaign email examples 2026,150.0,6.48,0.09,81.4,,,,,,
campaign email examples vs,292.0,8.94,0.19,14.1,,,,,,
guide campaign email examples,612.0,1.01,0.0,12.1,,,,,,
tips campaign email examples,703.0,7.04,0.86,18.0,,,,,,
campaign email examples near me,293.0,2.72,0.24,75.8,,,,,,
campaign email examples price,71.0,6.13,0.82,32.1,,,,,,
campaign email examples software,20.0,3.02,0.67,66.0,,,,,,
course campaign email examples,44.0,1.44,0.49,51.0,,,,,,
examples campaign email examples,67.0,8.23,0.97,70.5,,,,,,
campaign email examples app,235.0,5.56,0.59,21.3,,,,,,
review campaign email examples,3814.0,3.18,0.83,43.0,,,,,,
checklist campaign email examples,51.0,5.15,0.21,59.0,,,,,,
campaign email examples template,211.0,1.48,0.99,74.5,,,,,,
campaign email examples ideas,565.0,3.61,0.72,64.0,,,,,,
strategy campaign email examples,530.0,4.22,0.67,44.7,,,,,,
best email questions and answers,247.0,7.03,0.01,24.4,,,,,,
email questions and answers how to,1971.0,4.66,0.36,41.4,,,,,,
email questions and answers free,108.0,8.67,0.84,80.7,,,,,,
email questions and answers for beginners,483.0,5.45,0.66,23.2,,,,,,
tools email questions and answers,52.0,2.51,0.31,81.1,,,,,,
2026 email questions and answers,186.0,7.41,0.81,40.1,,,,,,
vs email questions and answers,2263.0,4.63,0.12,43.4,,,,,,
guide email questions and answers,1314.0,4.27,0.65,60.3,,,,,,
email questions and answers tips,3216.0,3.29,0.84,83.3,,,,,,
email questions and answers near me,20.0,5.28,0.98,13.5,,,,,,
price email questions and answers,90.0,2.91,0.05,9.7,,,,,,
email questions and answers software,962.0,6.36,0.18,82.2,,,,,,
email questions and answers course,39.0,1.24,0.84,86.8,,,,,,
examples email questions and answers,62.0,3.38,0.71,57.1,,,,,,
email questions and answers app,5112.0,2.76,0.41,86.3,,,,,,
email questions and answers review,735.0,2.93,0.76,82.4,,,,,,
email questions and answers checklist,79.0,5.19,0.67,65.4,,,,,,
template email questions and answers,76.0,2.84,0.58,43.6,,,,,,
email questions and answers ideas,706.0,1.5,0.94,11.1,,,,,,
strategy email questions and answers,366.0,0.3,0.22,38.9,,,,,,
best email process interview questions,834.0,5.91,0.23,7.3,,,,,,
email process interview questions how to,6395.0,3.38,0.95,9.0,,,,,,
free email process interview questions,2875.0,6.35,0.64,5.7,,,,,,
for beginners email process interview questions,106.0,7.0,0.19,69.5,,,,,,
tools email process interview questions,217.0,1.75,0.67,71.3,,,,,,
email process interview questions 2026,2659.0,1.67,0.29,73.7,,,,,,
email process interview questions vs,174.0,6.71,0.67,65.6,,,,,,
guide email process interview questions,466.0,1.94,0.84,91.8,,,,,,
email process interview questions tips,1833.0,8.98,0.49,70.2,,,,,,
near me email process interview questions,906.0,0.61,0.45,75.8,,,,,,
email process interview questions price,296.0,5.96,0.7,30.7,,,,,,
email process interview questions software,2256.0,2.37,0.09,16.4,,,,,,
email process interview questions course,2738.0,4.08,0.27,82.5,,,,,,
examples email process interview questions,948.0,5.79,0.02,87.2,,,,,,
app email process interview questions,378.0,4.91,0.45,48.4,,,,,,
review email process interview questions,547.0,1.75,0.06,16.4,,,,,,
email process interview questions checklist,102.0,8.05,0.24,33.8,,,,,,
email process interview questions template,1052.0,5.63,0.53,90.7,,,,,,
ideas email process interview questions,1233.0,7.29,0.37,57.2,,,,,,
email process interview questions strategy,113.0,1.71,0.22,8.5,,,,,,
email marketing,,,,,0.0,1.74,27100.0,27100.0,low,0.435
emailing marketing,,,,,1.0,1.74,27100.0,27100.0,low,0.435
marketing emails,,,,,2.0,1.44,22200.0,22200.0,low,0.36
email templates,,,,,3.0,0.91,9900.0,9900.0,low,0.2275
what is email advertising,,,,,4.0,0.49,6600.0,6600.0,low,0.1225
what is email marketing,,,,,5.0,0.49,6600.0,6600.0,low,0.1225
email marketing tools,,,,,6.0,2.43,5400.0,5400.0,low,0.6075
images of email,,,,,7.0,0.0,3600.0,3600.0,low,0.0
email images,,,,,8.0,0.0,3600.0,3600.0,low,0.0
image for email,,,,,9.0,0.0,3600.0,3600.0,low,0.0
e mail marketing meaning,,,,,10.0,0.22,1900.0,1900.0,low,0.055
email advertising examples,,,,,12.0,1.02,1900.0,1900.0,low,0.255
email marketing example,,,,,13.0,1.0,1900.0,1900.0,low,0.25
email marketing sample,,,,,14.0,1.02,1900.0,1900.0,low,0.255
examples of email marketing,,,,,15.0,1.02,1900.0,1900.0,low,0.255
marketing email examples,,,,,16.0,1.02,1900.0,1900.0,low,0.255
email marketing meaning,,,,,17.0,0.22,1900.0,1900.0,low,0.055
marketing email sample,,,,,18.0,1.02,1900.0,1900.0,low,0.255
marketing email templates,,,,,19.0,1.05,1900.0,1900.0,low,0.2625
email templates for marketing,,,,,20.0,1.05,1900.0,1900.0,low,0.2625
email promotion template,,,,,21.0,1.05,1900.0,1900.0,low,0.2625
marketing email template,,,,,23.0,1.05,1900.0,1900.0,low,0.2625
email marketing templates,,,,,24.0,1.05,1900.0,1900.0,low,0.2625
email campaign,,,,,25.0,2.69,1600.0,1600.0,low,0.6725
email campaigns,,,,,26.0,2.69,1600.0,1600.0,low,0.6725
jobs for email marketing,,,,,27.0,0.07,1600.0,1600.0,low,0.0175
marketing email jobs,,,,,28.0,0.07,1600.0,1600.0,low,0.0175
email advertising jobs,,,,,29.0,0.07,1600.0,1600.0,low,0.0175
email marketing careers,,,,,30.0,0.07,1600.0,1600.0,low,0.0175
careers in email marketing,,,,,31.0,0.07,1600.0,1600.0,low,0.0175
free mailer,,,,,34.0,2.37,1600.0,1600.0,low,0.5925
email marketing positions,,,,,35.0,0.07,1600.0,1600.0,low,0.0175
jobs in email marketing,,,,,36.0,0.07,1600.0,1600.0,low,0.0175
email marketing job,,,,,37.0,0.07,1600.0,1600.0,low,0.0175
emailing campaign,,,,,38.0,2.69,1600.0,1600.0,low,0.6725
email marketing jobs,,,,,39.0,0.07,1600.0,1600.0,low,0.0175
email marketing platform,,,,,40.0,2.02,1300.0,1300.0,low,0.505
email marketing platforms,,,,,41.0,2.02,1300.0,1300.0,low,0.505
email marketing software,,,,,42.0,2.36,1300.0,1300.0,low,0.59
e mail marketing course,,,,,43.0,1.25,1000.0,1000.0,low,0.3125
email marketing definition,,,,,44.0,0.25,1000.0,1000.0,low,0.0625
free email marketing tool,,,,,45.0,2.76,1000.0,1000.0,low,0.69
courses on email marketing,,,,,46.0,1.25,1000.0,1000.0,low,0.3125
email-marketing course,,,,,47.0,1.25,1000.0,1000.0,low,0.3125
email marketing free tools,,,,,48.0,2.76,1000.0,1000.0,low,0.69
email marketing class,,,,,49.0,1.25,1000.0,1000.0,low,0.3125
email marketing in digital marketing,,,,,50.0,1.0,1000.0,1000.0,low,0.25
email marketing course,,,,,51.0,1.25,1000.0,1000.0,low,0.3125
free tools for email marketing,,,,,52.0,2.76,1000.0,1000.0,low,0.69
email marketing strategies,,,,,54.0,1.41,880.0,880.0,low,0.3525
marketing email strategy,,,,,55.0,1.41,880.0,880.0,low,0.3525
how to do email marketing,,,,,56.0,0.92,720.0,720.0,low,0.23
email marketing pics,,,,,57.0,0.0,720.0,720.0,low,0.0
email marketing images,,,,,58.0,0.0,720.0,720.0,low,0.0
email marketing pictures,,,,,59.0,0.0,720.0,720.0,low,0.0
email campaign marketing,,,,,60.0,3.51,720.0,720.0,low,0.8775
marketing email campaign,,,,,61.0,3.51,720.0,720.0,low,0.8775
images of email marketing,,,,,62.0,0.0,720.0,720.0,low,0.0
email marketing campaign,,,,,63.0,2.03,720.0,720.0,low,0.5075
email marketing picture,,,,,64.0,0.0,720.0,720.0,low,0.0
images for email marketing,,,,,65.0,0.0,720.0,720.0,low,0.0
email marketing pic,,,,,66.0,0.0,720.0,720.0,low,0.0
email marketing campaigns,,,,,67.0,3.51,720.0,720.0,low,0.8775
images in email marketing,,,,,68.0,0.0,720.0,720.0,low,0.0
questions on email,,,,,69.0,0.0,590.0,590.0,low,0.0
email advertising,,,,,70.0,1.31,590.0,590.0,low,0.3275
email questions,,,,,71.0,0.0,590.0,590.0,low,0.0
email marketing kya hai,,,,,72.0,0.21,590.0,590.0,low,0.0525
what is email marketing in digital marketing,,,,,73.0,0.37,590.0,590.0,low,0.0925
questions about email,,,,,74.0,0.0,590.0,590.0,low,0.0
email campaign software,,,,,75.0,3.29,480.0,480.0,low,0.8225
strategy for email marketing,,,,,76.0,0.6,480.0,480.0,low,0.15
strategies for email marketing,,,,,77.0,0.6,480.0,480.0,low,0.15
mailing marketing strategies,,,,,78.0,0.6,480.0,480.0,low,0.15
email marketing approach,,,,,79.0,0.6,480.0,480.0,low,0.15
email blast strategy,,,,,80.0,0.6,480.0,480.0,low,0.15
email blast marketing strategies,,,,,81.0,0.6,480.0,480.0,low,0.15
questions for email,,,,,83.0,0.0,480.0,480.0,low,0.0
free email templates,,,,,84.0,0.94,480.0,480.0,low,0.235
e-mail marketing strategies,,,,,85.0,0.6,480.0,480.0,low,0.15
email campaign tools,,,,,86.0,3.47,390.0,390.0,low,0.8675
email campaign tool,,,,,87.0,3.47,390.0,390.0,low,0.8675
emailing software,,,,,88.0,3.0,390.0,390.0,low,0.75
interview questions for email marketing,,,,,89.0,0.04,390.0,390.0,low,0.01
email marketing questions interview,,,,,90.0,0.04,390.0,390.0,low,0.01
email marketing interview questions,,,,,91.0,0.04,390.0,390.0,low,0.01
email marketing in hindi,,,,,92.0,0.0,320.0,320.0,low,0.0
email campaign templates,,,,,93.0,1.34,320.0,320.0,low,0.335
e mail marketing in hindi,,,,,94.0,0.0,320.0,320.0,low,0.0
free email marketing courses,,,,,95.0,0.21,320.0,320.0,low,0.0525
email marketing free course,,,,,96.0,0.21,320.0,320.0,low,0.0525
email tools,,,,,97.0,2.28,320.0,320.0,low,0.57
free email marketing,,,,,98.0,1.56,320.0,320.0,low,0.39
email marketing courses free,,,,,99.0,0.58,260.0,260.0,low,0.145
email marketing course free,,,,,100.0,0.58,260.0,260.0,low,0.145
ईमेल मार्केटिंग क्या है,,,,,101.0,0.43,260.0,260.0,low,0.1075
email marketing jobs work from home,,,,,104.0,0.0,260.0,260.0,low,0.0
work home jobs email marketing,,,,,105.0,0.0,260.0,260.0,low,0.0
what is email campaign,,,,,108.0,0.0,210.0,210.0,low,0.0
free email marketing software,,,,,109.0,1.38,210.0,210.0,low,0.345
email campaign meaning,,,,,110.0,12.51,210.0,210.0,medium,3.1275
what is an email campaign,,,,,111.0,0.0,210.0,210.0,low,0.0
best email examples,,,,,112.0,2.57,210.0,210.0,low,0.6425
email campaign examples,,,,,113.0,1.18,210.0,210.0,low,0.295
email campaigns examples,,,,,114.0,1.18,210.0,210.0,low,0.295
campaign email examples,,,,,115.0,1.18,210.0,210.0,low,0.295
email questions and answers,,,,,116.0,0.0,170.0,170.0,low,0.0
email process interview questions,,,,,117.0,0.0,140.0,140.0,low,0.0
