keyword,volume,cpc,competition,difficulty,word_count,char_count,is_long_tail,has_number,has_question_word,intent,opportunity_score,cluster,cluster_label
best email marketing,84.0,0.755,,9.444444444444445,3,20,0,0,0,Commercial,37.17892155602278,1,"marketing, email marketing, email"
how to email marketing,488.0,0.755,,45.0,4,22,1,0,1,Informational,23.210054407173192,1,"marketing, email marketing, email"
email marketing free,1295.0,0.755,,44.33333333333333,3,20,0,0,0,Navigational,23.982804104066865,3,"tools, marketing tools, free"
email marketing for beginners,701.0,0.755,,63.11111111111111,4,29,1,0,0,Navigational,16.099185781115803,1,"marketing, email marketing, email"
tools email marketing,145.0,0.755,,77.88888888888889,3,21,0,0,0,Navigational,9.839397885858201,3,"tools, marketing tools, free"
email marketing 2026,896.0,0.755,,68.33333333333333,3,20,0,1,0,Navigational,14.132584613285484,1,"marketing, email marketing, email"
vs email marketing,219.0,0.755,,47.0,3,18,0,0,0,Commercial,22.241360063764187,0,"vs, sample, marketing sample"
email marketing guide,340.0,0.755,,67.0,3,21,0,0,0,Informational,14.317241162472321,1,"marketing, email marketing, email"
email marketing tips,911.0,0.755,,38.77777777777778,3,20,0,0,0,Informational,25.96421358328144,1,"marketing, email marketing, email"
email marketing near me,1490.0,0.755,,0.777777777777778,4,23,1,0,0,Commercial,41.52731404734766,1,"marketing, email marketing, email"
price email marketing,1039.0,0.755,,45.888888888888886,3,21,0,0,0,Commercial,23.200040053172877,1,"marketing, email marketing, email"
software email marketing,267.0,0.755,,47.11111111111111,3,24,0,0,0,Navigational,22.2270172121957,7,"software, marketing software, strategy"
course email marketing,244.0,0.755,,55.888888888888886,3,22,0,0,0,Navigational,18.701482421164858,2,"course, marketing course, email marketing"
email marketing examples,239.0,0.755,,40.888888888888886,3,24,0,0,0,Informational,24.698346838573613,1,"marketing, email marketing, email"
app email marketing,73.0,0.755,,29.333333333333332,3,19,0,0,0,Navigational,29.216467718766488,1,"marketing, email marketing, email"
review email marketing,212.0,0.755,,40.666666666666664,3,22,0,0,0,Commercial,24.77030358146978,1,"marketing, email marketing, email"
checklist email marketing,149.0,0.755,,72.22222222222221,3,25,0,0,0,Navigational,12.108573018597866,1,"marketing, email marketing, email"
email marketing template,199.0,0.755,,69.66666666666667,3,24,0,0,0,Navigational,13.162151066732534,1,"marketing, email marketing, email"
email marketing ideas,348.0,0.755,,36.22222222222222,3,21,0,0,0,Navigational,26.63336920572943,1,"marketing, email marketing, email"
email marketing strategy,55.0,0.755,,70.0,3,24,0,0,0,Navigational,12.938512954771339,7,"software, marketing software, strategy"
emailing marketing best,2832.0,0.755,,44.888888888888886,3,23,0,0,0,Commercial,24.724459970393482,1,"marketing, email marketing, email"
emailing marketing how to,97.0,0.755,,20.22222222222222,4,25,1,0,1,Informational,32.87596295964891,1,"marketing, email marketing, email"
emailing marketing free,576.0,0.755,,75.88888888888889,3,23,0,0,0,Navigational,10.909685105223554,1,"marketing, email marketing, email"
for beginners emailing marketing,571.0,0.755,,65.0,4,32,1,0,0,Navigational,15.262105078187863,1,"marketing, email marketing, email"
emailing marketing tools,527.0,0.755,,33.0,3,24,0,0,0,Navigational,28.034511951384893,3,"tools, marketing tools, free"
emailing marketing 2026,3622.0,0.755,,92.55555555555556,3,23,0,1,0,Navigational,6.1532153531435885,1,"marketing, email marketing, email"
vs emailing marketing,51.0,0.755,,95.88888888888889,3,21,0,0,0,Commercial,2.580448933142783,0,"vs, sample, marketing sample"
emailing marketing guide,645.0,0.755,,49.111111111111114,3,24,0,0,0,Informational,21.66406725609385,1,"marketing, email marketing, email"
tips emailing marketing,91.0,0.755,,33.11111111111111,3,23,0,0,0,Informational,27.716644704983857,1,"marketing, email marketing, email"
near me emailing marketing,161.0,0.755,,89.66666666666667,4,26,1,0,0,Commercial,5.138320639039069,1,"marketing, email marketing, email"
emailing marketing price,85.0,0.755,,28.111111111111114,3,24,0,0,0,Commercial,29.712882005874363,1,"marketing, email marketing, email"
software emailing marketing,5720.0,0.755,,91.55555555555556,3,27,0,0,0,Navigational,7.868905808430163,7,"software, marketing software, strategy"
emailing marketing course,94.0,0.755,,83.0,3,25,0,0,0,Navigational,7.7629704989830515,2,"course, marketing course, email marketing"
examples emailing marketing,104.0,0.755,,51.55555555555556,3,27,0,0,0,Informational,20.34701944194332,1,"marketing, email marketing, email"
emailing marketing app,151.0,0.755,,43.55555555555556,3,22,0,0,0,Navigational,23.576493918301026,1,"marketing, email marketing, email"
review emailing marketing,522.0,0.755,,89.33333333333334,3,25,0,0,0,Commercial,5.49804303546032,1,"marketing, email marketing, email"
checklist emailing marketing,2861.0,0.755,,37.333333333333336,3,28,0,0,0,Navigational,27.76486857164493,1,"marketing, email marketing, email"
emailing marketing template,4038.0,0.755,,24.11111111111111,3,27,0,0,0,Navigational,33.791873602512986,1,"marketing, email marketing, email"
emailing marketing ideas,5353.0,0.755,,59.88888888888889,3,24,0,0,0,Navigational,20.305420712899416,1,"marketing, email marketing, email"
strategy emailing marketing,3321.0,0.755,,97.22222222222221,3,27,0,0,0,Navigational,4.0977866144839545,1,"marketing, email marketing, email"
best marketing emails,315.0,0.755,,13.222222222222221,3,21,0,0,0,Commercial,35.81267436062721,1,"marketing, email marketing, email"
how to marketing emails,18.0,0.755,,58.111111111111114,4,23,1,0,1,Informational,17.670865199151677,1,"marketing, email marketing, email"
marketing emails free,244.0,0.755,,13.111111111111112,3,21,0,0,0,Navigational,35.81259353227597,1,"marketing, email marketing, email"
marketing emails for beginners,839.0,0.755,,48.888888888888886,4,30,1,0,0,Navigational,21.87461674952306,1,"marketing, email marketing, email"
tools marketing emails,2999.0,0.755,,2.4444444444444446,3,22,0,0,0,Navigational,41.806966206718855,1,"marketing, email marketing, email"
2026 marketing emails,525.0,0.755,,41.88888888888889,3,21,0,1,0,Navigational,24.47770216279285,1,"marketing, email marketing, email"
vs marketing emails,6736.0,0.755,,46.77777777777778,3,19,0,0,0,Commercial,26.41716730208234,0,"vs, sample, marketing sample"
guide marketing emails,647.0,0.755,,79.66666666666667,3,22,0,0,0,Informational,9.443099266908124,1,"marketing, email marketing, email"
marketing emails tips,316.0,0.755,,60.33333333333333,3,21,0,0,0,Informational,16.968857032701017,1,"marketing, email marketing, email"
marketing emails near me,108.0,0.755,,45.44444444444444,4,24,1,0,0,Commercial,22.793972352460763,1,"marketing, email marketing, email"
marketing emails price,58.0,0.755,,10.555555555555555,3,22,0,0,0,Commercial,36.71817208210386,1,"marketing, email marketing, email"
marketing emails software,232.0,0.755,,31.0,3,25,0,0,0,Navigational,28.64951257850142,7,"software, marketing software, strategy"
marketing emails course,1294.0,0.755,,15.333333333333336,3,23,0,0,0,Navigational,35.582176987548614,1,"marketing, email marketing, email"
marketing emails examples,282.0,0.755,,5.333333333333334,3,25,0,0,0,Informational,38.947535071080544,1,"marketing, email marketing, email"
app marketing emails,1842.0,0.755,,50.44444444444445,3,20,0,0,0,Navigational,21.88139239510467,1,"marketing, email marketing, email"
review marketing emails,136.0,0.755,,23.666666666666668,3,23,0,0,0,Commercial,31.522642726082843,1,"marketing, email marketing, email"
marketing emails checklist,4272.0,0.755,,37.333333333333336,3,26,0,0,0,Navigational,28.649729978894385,1,"marketing, email marketing, email"
template marketing emails,76.0,0.755,,92.44444444444446,3,25,0,0,0,Navigational,3.973904623876782,1,"marketing, email marketing, email"
marketing emails ideas,1621.0,0.755,,80.22222222222223,3,22,0,0,0,Navigational,9.831688533460508,1,"marketing, email marketing, email"
strategy marketing emails,436.0,0.755,,53.55555555555556,3,25,0,0,0,Navigational,19.755222126002014,1,"marketing, email marketing, email"
best email templates,3667.0,0.755,,64.0,3,20,0,0,0,Commercial,17.60365781868702,6,"templates, email templates, advertising"
email templates how to,230.0,0.755,,23.22222222222222,4,22,1,0,1,Informational,31.759369456576035,6,"templates, email templates, advertising"
email templates free,1474.0,0.755,,68.55555555555556,3,20,0,0,0,Navigational,14.40616907194456,6,"templates, email templates, advertising"
email templates for beginners,2835.0,0.755,,32.88888888888889,4,29,1,0,0,Navigational,29.526341319948223,6,"templates, email templates, advertising"
tools email templates,5518.0,0.755,,53.222222222222214,3,21,0,0,0,Navigational,23.075561605077187,6,"templates, email templates, advertising"
2026 email templates,141.0,0.755,,69.44444444444444,3,20,0,1,0,Navigational,13.21466719756298,6,"templates, email templates, advertising"
vs email templates,448.0,0.755,,72.55555555555556,3,18,0,0,0,Commercial,12.162747524221,6,"templates, email templates, advertising"
email templates guide,38.0,0.755,,80.1111111111111,3,21,0,0,0,Informational,8.883407529516663,6,"templates, email templates, advertising"
tips email templates,1049.0,0.755,,25.333333333333336,3,20,0,0,0,Informational,31.42853344057758,6,"templates, email templates, advertising"
near me email templates,147.0,0.755,,56.44444444444444,4,23,1,0,0,Commercial,18.418429896672478,6,"templates, email templates, advertising"
price email templates,12.0,0.755,,79.8888888888889,3,21,0,0,0,Commercial,8.955991388931068,6,"templates, email templates, advertising"
email templates software,18.0,0.755,,11.666666666666666,3,24,0,0,0,Navigational,36.24864297692945,6,"templates, email templates, advertising"
email templates course,701.0,0.755,,67.11111111111111,3,22,0,0,0,Navigational,14.4991857811158,6,"templates, email templates, advertising"
email templates examples,572.0,0.755,,36.44444444444444,3,24,0,0,0,Informational,26.684954416928335,6,"templates, email templates, advertising"
email templates app,320.0,0.755,,43.77777777777778,3,19,0,0,0,Navigational,23.593587720996233,6,"templates, email templates, advertising"
email templates review,3722.0,0.755,,78.0,3,22,0,0,0,Commercial,12.03814922719072,6,"templates, email templates, advertising"
email templates checklist,410.0,0.755,,95.1111111111111,3,25,0,0,0,Navigational,3.116694874305319,6,"templates, email templates, advertising"
email templates template,13246.0,0.755,,58.77777777777777,3,24,0,0,0,Navigational,25.69969583588387,6,"templates, email templates, advertising"
ideas email templates,474.0,0.755,,29.555555555555557,3,21,0,0,0,Navigational,29.379052553695477,6,"templates, email templates, advertising"
email templates strategy,122.0,0.755,,78.11111111111111,3,24,0,0,0,Navigational,9.73608531704958,6,"templates, email templates, advertising"
what is email advertising best,12.0,0.755,,83.66666666666667,5,30,1,0,1,Commercial,7.444880277819959,6,"templates, email templates, advertising"
what is email advertising how to,496.0,0.755,,2.8888888888888884,6,32,1,0,1,Informational,40.05951578376363,6,"templates, email templates, advertising"
what is email advertising free,308.0,0.755,,91.11111111111111,5,30,1,0,1,Informational,4.652728989443911,6,"templates, email templates, advertising"
for beginners what is email advertising,270.0,0.755,,60.55555555555555,6,39,1,0,1,Informational,16.851120783972668,6,"templates, email templates, advertising"
tools what is email advertising,43.0,0.755,,80.1111111111111,5,31,1,0,1,Informational,8.886543112107907,6,"templates, email templates, advertising"
2026 what is email advertising,542.0,0.755,,3.9999999999999996,5,30,1,1,1,Informational,39.64391869915864,6,"templates, email templates, advertising"
what is email advertising vs,3072.0,0.755,,15.555555555555555,5,28,1,0,1,Commercial,36.608301268106594,6,"templates, email templates, advertising"
guide what is email advertising,106.0,0.755,,98.0,5,31,1,0,1,Informational,1.7704958972020397,6,"templates, email templates, advertising"
tips what is email advertising,727.0,0.755,,88.44444444444444,5,30,1,0,1,Informational,5.98215747725694,6,"templates, email templates, advertising"
near me what is email advertising,1623.0,0.755,,98.0,6,33,1,0,1,Commercial,2.721831655385897,6,"templates, email templates, advertising"
what is email advertising price,766.0,0.755,,14.555555555555557,5,31,1,0,1,Commercial,35.56217057702421,6,"templates, email templates, advertising"
software what is email advertising,241.0,0.755,,64.88888888888889,5,34,1,0,1,Informational,15.099601071610111,6,"templates, email templates, advertising"
course what is email advertising,716.0,0.755,,47.44444444444445,5,32,1,0,1,Informational,22.3752591955562,6,"templates, email templates, advertising"
what is email advertising examples,447.0,0.755,,42.77777777777778,5,34,1,0,1,Informational,24.073231518813863,6,"templates, email templates, advertising"
app what is email advertising,388.0,0.755,,21.77777777777778,5,29,1,0,1,Informational,32.43623164423717,6,"templates, email templates, advertising"
review what is email advertising,75.0,0.755,,47.44444444444445,5,32,1,0,1,Commercial,21.973277507358542,6,"templates, email templates, advertising"
what is email advertising checklist,95.0,0.755,,64.77777777777777,5,35,1,0,1,Informational,15.052486504390192,6,"templates, email templates, advertising"
template what is email advertising,1021.0,0.755,,43.11111111111111,5,34,1,0,1,Informational,24.299863066955513,6,"templates, email templates, advertising"
ideas what is email advertising,19860.0,0.755,,88.66666666666666,5,31,1,0,1,Informational,17.89188893202774,6,"templates, email templates, advertising"
strategy what is email advertising,370.0,0.755,,31.444444444444443,5,34,1,0,1,Informational,28.55827688024202,6,"templates, email templates, advertising"
best what is email marketing,1094.0,0.755,,28.111111111111114,5,28,1,0,1,Commercial,30.345642572787686,1,"marketing, email marketing, email"
what is email marketing how to,253.0,0.755,,1.4444444444444442,6,30,1,0,1,Informational,40.48490424760688,1,"marketing, email marketing, email"
free what is email marketing,42.0,0.755,,60.111111111111114,5,28,1,0,1,Informational,16.885915995589652,1,"marketing, email marketing, email"
what is email marketing for beginners,4.0,0.755,,77.22222222222223,6,37,1,0,1,Informational,10.017641123451742,1,"marketing, email marketing, email"
what is email marketing tools,810.0,0.755,,64.11111111111111,5,29,1,0,1,Informational,15.767541481604946,3,"tools, marketing tools, free"
what is email marketing 2026,1321.0,0.755,,16.555555555555554,5,28,1,1,1,Informational,35.11022024465245,1,"marketing, email marketing, email"
vs what is email marketing,4644.0,0.755,,99.0,5,26,1,0,1,Commercial,4.216350657016374,0,"vs, sample, marketing sample"
what is email marketing guide,3313.0,0.755,,75.55555555555556,5,29,1,0,1,Informational,12.759436349004623,1,"marketing, email marketing, email"
what is email marketing tips,4217.0,0.755,,90.66666666666666,5,28,1,0,1,Informational,7.281905237057352,1,"marketing, email marketing, email"
what is email marketing near me,38.0,0.755,,58.666666666666664,6,31,1,0,1,Commercial,17.461185307294436,1,"marketing, email marketing, email"
what is email marketing price,123.0,0.755,,63.77777777777778,5,29,1,0,1,Commercial,15.470045766901164,1,"marketing, email marketing, email"
software what is email marketing,275.0,0.755,,36.666666666666664,5,32,1,0,1,Informational,26.40981192211947,7,"software, marketing software, strategy"
course what is email marketing,1090.0,0.755,,76.8888888888889,5,30,1,0,1,Informational,10.832022995603579,2,"course, marketing course, email marketing"
examples what is email marketing,354.0,0.755,,85.0,5,32,1,0,1,Informational,7.126020793727812,1,"marketing, email marketing, email"
what is email marketing app,106.0,0.755,,63.11111111111111,5,27,1,0,1,Informational,15.726051452757597,1,"marketing, email marketing, email"
what is email marketing review,1556.0,0.755,,92.77777777777779,5,30,1,0,1,Commercial,4.768703737552096,1,"marketing, email marketing, email"
what is email marketing checklist,534.0,0.755,,27.77777777777778,5,33,1,0,1,Informational,30.12779065590154,1,"marketing, email marketing, email"
template what is email marketing,536.0,0.755,,47.77777777777778,5,32,1,0,1,Informational,22.129044888938033,1,"marketing, email marketing, email"
ideas what is email marketing,695.0,0.755,,78.22222222222223,5,29,1,0,1,Informational,10.050978637561858,1,"marketing, email marketing, email"
strategy what is email marketing,1178.0,0.755,,55.333333333333336,5,32,1,0,1,Informational,19.509431471431725,7,"software, marketing software, strategy"
best email marketing tools,4521.0,0.755,,73.33333333333333,4,26,1,0,0,Commercial,14.405881991938404,3,"tools, marketing tools, free"
how to email marketing tools,213.0,0.755,,77.77777777777779,5,28,1,0,1,Informational,9.926486253543576,3,"tools, marketing tools, free"
email marketing tools free,1364.0,0.755,,41.11111111111111,4,26,1,0,0,Navigational,25.314964032714943,3,"tools, marketing tools, free"
for beginners email marketing tools,2728.0,0.755,,92.44444444444446,5,35,1,0,0,Navigational,5.6370176302733475,3,"tools, marketing tools, free"
tools email marketing tools,790.0,0.755,,10.88888888888889,4,27,1,0,0,Navigational,37.043888040128856,3,"tools, marketing tools, free"
2026 email marketing tools,47.0,0.755,,73.88888888888889,4,26,1,1,0,Navigational,11.377940467069791,3,"tools, marketing tools, free"
vs email marketing tools,579.0,0.755,,85.77777777777779,4,24,1,0,0,Commercial,6.956010899222741,3,"tools, marketing tools, free"
email marketing tools guide,603.0,0.755,,40.111111111111114,4,27,1,0,0,Informational,25.23772836232738,3,"tools, marketing tools, free"
tips email marketing tools,3114.0,0.755,,34.77777777777777,4,26,1,0,0,Informational,28.945751272984165,3,"tools, marketing tools, free"
near me email marketing tools,219.0,0.755,,27.444444444444443,5,29,1,0,0,Commercial,30.063582285986406,3,"tools, marketing tools, free"
price email marketing tools,75.0,0.755,,71.77777777777777,4,27,1,0,0,Commercial,12.23994417402521,3,"tools, marketing tools, free"
software email marketing tools,8769.0,0.755,,13.666666666666668,4,30,1,0,0,Navigational,40.936539628127164,3,"tools, marketing tools, free"
course email marketing tools,30.0,0.755,,49.66666666666667,4,28,1,0,0,Navigational,21.05616837514844,3,"tools, marketing tools, free"
email marketing tools examples,4923.0,0.755,,1.7777777777777775,4,30,1,0,0,Informational,43.280205054496754,3,"tools, marketing tools, free"
email marketing tools app,526.0,0.755,,95.88888888888889,4,25,1,0,0,Navigational,2.8783292793110973,3,"tools, marketing tools, free"
review email marketing tools,104.0,0.755,,23.555555555555554,4,28,1,0,0,Commercial,31.54701944194332,3,"tools, marketing tools, free"
email marketing tools checklist,831.0,0.755,,59.111111111111114,4,31,1,0,0,Navigational,17.78071092848818,3,"tools, marketing tools, free"
template email marketing tools,138.0,0.755,,15.555555555555555,4,30,1,0,0,Navigational,34.76834140356379,3,"tools, marketing tools, free"
ideas email marketing tools,718.0,0.755,,78.33333333333333,4,27,1,0,0,Navigational,10.020957873037146,3,"tools, marketing tools, free"
email marketing tools strategy,1030.0,0.755,,81.44444444444444,4,30,1,0,0,Navigational,8.972173782286415,3,"tools, marketing tools, free"
best images of email,209.0,0.755,,10.222222222222221,4,20,1,0,0,Commercial,36.94620000969281,5,"images, images email, email"
how to images of email,213.0,0.755,,3.555555555555555,5,22,1,0,1,Informational,39.61537514243247,5,"images, images email, email"
free images of email,116.0,0.755,,6.555555555555556,4,20,1,0,0,Navigational,38.354544840162305,5,"images, images email, email"
images of email for beginners,298.0,0.755,,11.11111111111111,5,29,1,0,0,Navigational,36.64645782426142,5,"images, images email, email"
images of email tools,1946.0,0.755,,30.22222222222223,4,21,1,0,0,Navigational,30.035501401891455,5,"images, images email, email"
images of email 2026,1065.0,0.755,,86.22222222222221,4,20,1,1,0,Navigational,7.083011749314025,5,"images, images email, email"
images of email vs,294.0,0.755,,43.11111111111111,4,18,1,0,0,Commercial,23.84394935818843,5,"images, images email, email"
guide images of email,87.0,0.755,,24.22222222222222,4,21,1,0,0,Informational,31.269691794466414,5,"images, images email, email"
images of email tips,101.0,0.755,,93.0,4,20,1,0,0,Informational,3.7673603146107917,5,"images, images email, email"
images of email near me,75.0,0.755,,4.777777777777779,5,23,1,0,0,Commercial,39.0399441740252,5,"images, images email, email"
images of email price,612.0,0.755,,3.111111111111111,4,21,1,0,0,Commercial,40.04337241099164,5,"images, images email, email"
images of email software,13.0,0.755,,59.0,4,24,1,0,0,Navigational,17.312174061004878,5,"images, images email, email"
course images of email,468.0,0.755,,16.222222222222225,4,22,1,0,0,Navigational,34.708623187919315,5,"images, images email, email"
examples images of email,105.0,0.755,,45.44444444444444,4,24,1,0,0,Informational,22.792091002906016,5,"images, images email, email"
app images of email,5870.0,0.755,,31.888888888888893,4,19,1,0,0,Navigational,31.82963995283419,5,"images, images email, email"
review images of email,783.0,0.755,,31.77777777777778,4,22,1,0,0,Commercial,28.683942668945555,5,"images, images email, email"
images of email checklist,672.0,0.755,,16.555555555555554,4,25,1,0,0,Navigational,34.703221624308796,5,"images, images email, email"
template images of email,5027.0,0.755,,88.99999999999999,4,24,1,0,0,Navigational,8.456536283505775,5,"images, images email, email"
ideas images of email,410.0,0.755,,17.333333333333336,4,21,1,0,0,Navigational,34.227805985416424,5,"images, images email, email"
strategy images of email,57.0,0.755,,99.33333333333334,4,24,1,0,0,Navigational,1.2064338544744981,5,"images, images email, email"
best email images,410.0,0.755,,53.666666666666664,3,17,0,0,0,Commercial,19.694472652083096,5,"images, images email, email"
how to email images,321.0,0.755,,29.444444444444446,4,19,1,0,1,Informational,29.327548170847813,5,"images, images email, email"
free email images,27.0,0.755,,23.111111111111114,3,17,0,0,0,Navigational,31.676509247815915,5,"images, images email, email"
for beginners email images,427.0,0.755,,39.66666666666667,4,26,1,0,0,Navigational,25.305133632893323,5,"images, images email, email"
tools email images,2782.0,0.755,,98.33333333333333,3,18,0,0,0,Navigational,3.3153263667032515,5,"images, images email, email"
email images 2026,558.0,0.755,,52.0,3,17,0,1,0,Navigational,20.453952563450624,5,"images, images email, email"
email images vs,157.0,0.755,,68.22222222222223,3,15,0,0,0,Commercial,13.71358995074385,5,"images, images email, email"
email images guide,73.0,0.755,,85.88888888888889,3,18,0,0,0,Informational,6.594245496544267,5,"images, images email, email"
tips email images,70.0,0.755,,87.88888888888889,3,17,0,0,0,Informational,5.792364146989519,5,"images, images email, email"
email images near me,338.0,0.755,,78.33333333333333,4,20,1,0,0,Commercial,9.782653596102493,5,"images, images email, email"
price email images,74.0,0.755,,79.77777777777777,3,18,0,0,0,Commercial,9.039317057506961,5,"images, images email, email"
email images software,3433.0,0.755,,97.88888888888889,3,21,0,0,0,Navigational,3.901356997861183,5,"images, images email, email"
email images course,5600.0,0.755,,31.888888888888893,3,19,0,0,0,Navigational,31.660318492906935,5,"images, images email, email"
examples email images,1446.0,0.755,,93.55555555555556,3,21,0,0,0,Informational,4.388609809433586,5,"images, images email, email"
email images app,1576.0,0.755,,13.111111111111112,3,16,0,0,0,Navigational,36.64791273458374,5,"images, images email, email"
email images review,763.0,0.755,,24.333333333333332,3,19,0,0,0,Commercial,31.64917811635835,5,"images, images email, email"
email images checklist,369.0,0.755,,20.22222222222222,3,22,0,0,0,Navigational,33.046538652612654,5,"images, images email, email"
email images template,219.0,0.755,,4.555555555555555,3,21,0,0,0,Navigational,39.219137841541965,5,"images, images email, email"
email images ideas,1195.0,0.755,,11.11111111111111,3,18,0,0,0,Navigational,37.208981341130844,5,"images, images email, email"
email images strategy,289.0,0.755,,90.11111111111111,3,21,0,0,0,Navigational,5.040813775597173,5,"images, images email, email"
best image for email,76.0,0.755,,13.777777777777775,4,20,1,0,0,Commercial,35.44057129054345,1,"marketing, email marketing, email"
image for email how to,211.0,0.755,,61.66666666666667,5,22,1,0,1,Informational,16.369676464951525,1,"marketing, email marketing, email"
free image for email,218.0,0.755,,85.22222222222223,4,20,1,0,0,Navigational,6.951844058357043,1,"marketing, email marketing, email"
for beginners image for email,110.0,0.755,,40.44444444444444,5,29,1,0,0,Navigational,24.79522658549726,1,"marketing, email marketing, email"
tools image for email,323.0,0.755,,12.11111111111111,4,21,1,0,0,Navigational,36.26213573721764,1,"marketing, email marketing, email"
2026 image for email,59.0,0.755,,18.0,4,20,1,1,0,Navigational,33.74102142084433,1,"marketing, email marketing, email"
image for email vs,928.0,0.755,,85.1111111111111,4,18,1,0,0,Commercial,7.441541230758343,0,"vs, sample, marketing sample"
guide image for email,95.0,0.755,,24.444444444444443,4,21,1,0,0,Informational,31.18581983772352,1,"marketing, email marketing, email"
image for email tips,109.0,0.755,,51.77777777777778,4,20,1,0,0,Informational,20.261266135645677,1,"marketing, email marketing, email"
image for email near me,312.0,0.755,,13.222222222222221,5,23,1,0,0,Commercial,35.81079301107246,1,"marketing, email marketing, email"
image for email price,790.0,0.755,,16.333333333333332,4,21,1,0,0,Commercial,34.86611026235107,1,"marketing, email marketing, email"
software image for email,71.0,0.755,,11.888888888888888,4,24,1,0,0,Navigational,36.192991263507764,7,"software, marketing software, strategy"
course image for email,1524.0,0.755,,40.0,4,22,1,0,0,Navigational,25.859747120079234,1,"marketing, email marketing, email"
examples image for email,667.0,0.755,,74.11111111111111,4,24,1,0,0,Informational,11.677863819495329,1,"marketing, email marketing, email"
image for email app,794.0,0.755,,5.0,4,19,1,0,0,Navigational,39.401952061757406,1,"marketing, email marketing, email"
image for email review,195.0,0.755,,79.33333333333334,4,22,1,0,0,Commercial,9.292975933992869,1,"marketing, email marketing, email"
image for email checklist,491.0,0.755,,0.22222222222222243,4,25,1,0,0,Navigational,41.123046867839044,1,"marketing, email marketing, email"
template image for email,274.0,0.755,,12.888888888888891,4,24,1,0,0,Navigational,35.92029591671233,1,"marketing, email marketing, email"
image for email ideas,344.0,0.755,,31.888888888888893,4,21,1,0,0,Navigational,28.36419407298976,1,"marketing, email marketing, email"
strategy image for email,2115.0,0.755,,47.333333333333336,4,24,1,0,0,Navigational,23.297039649031113,1,"marketing, email marketing, email"
best e mail marketing meaning,40.0,0.755,,84.55555555555556,5,29,1,0,0,Commercial,7.106883984775375,1,"marketing, email marketing, email"
e mail marketing meaning how to,49.0,0.755,,99.22222222222223,6,31,1,0,1,Informational,1.245861366772948,1,"marketing, email marketing, email"
free e mail marketing meaning,195.0,0.755,,36.666666666666664,5,29,1,0,0,Informational,26.359642600659537,1,"marketing, email marketing, email"
for beginners e mail marketing meaning,342.0,0.755,,50.888888888888886,6,38,1,0,0,Informational,20.76293983995327,1,"marketing, email marketing, email"
tools e mail marketing meaning,1388.0,0.755,,40.77777777777778,5,30,1,0,0,Informational,25.46334816248625,1,"marketing, email marketing, email"
e mail marketing meaning 2026,405.0,0.755,,65.55555555555556,5,29,1,1,0,Informational,14.935781513936291,1,"marketing, email marketing, email"
vs e mail marketing meaning,712.0,0.755,,77.77777777777779,5,27,1,0,0,Commercial,10.239417396149868,0,"vs, sample, marketing sample"
guide e mail marketing meaning,84.0,0.755,,27.555555555555557,5,30,1,0,0,Informational,29.93447711157834,1,"marketing, email marketing, email"
e mail marketing meaning tips,1022.0,0.755,,20.22222222222222,5,29,1,0,0,Informational,33.45604573902931,1,"marketing, email marketing, email"
near me e mail marketing meaning,17.0,0.755,,25.555555555555554,6,32,1,0,0,Commercial,30.69246030485565,1,"marketing, email marketing, email"
price e mail marketing meaning,1935.0,0.755,,68.55555555555556,5,30,1,0,0,Commercial,14.695269786857388,1,"marketing, email marketing, email"
e mail marketing meaning software,182.0,0.755,,44.44444444444444,5,33,1,0,0,Informational,23.240378974811193,1,"marketing, email marketing, email"
course e mail marketing meaning,1114.0,0.755,,49.0,5,31,1,0,0,Informational,22.002629347597118,1,"marketing, email marketing, email"
examples e mail marketing meaning,128.0,0.755,,92.33333333333333,5,33,1,0,0,Informational,4.050959127270186,1,"marketing, email marketing, email"
app e mail marketing meaning,777.0,0.755,,76.22222222222221,5,28,1,0,0,Informational,10.902402192058288,1,"marketing, email marketing, email"
e mail marketing meaning review,51.0,0.755,,28.888888888888886,5,31,1,0,0,Commercial,29.380448933142784,1,"marketing, email marketing, email"
e mail marketing meaning checklist,786.0,0.755,,81.55555555555556,5,34,1,0,0,Informational,8.77471290738919,1,"marketing, email marketing, email"
template e mail marketing meaning,153.0,0.755,,79.77777777777777,5,33,1,0,0,Informational,9.088859262448638,1,"marketing, email marketing, email"
ideas e mail marketing meaning,359.0,0.755,,39.0,5,30,1,0,0,Informational,25.529156376319058,1,"marketing, email marketing, email"
strategy e mail marketing meaning,102.0,0.755,,62.0,5,33,1,0,0,Informational,16.167987431129045,1,"marketing, email marketing, email"
best email marketing examples,3473.0,0.755,,79.11111111111111,4,29,1,0,0,Commercial,11.437552769702254,1,"marketing, email marketing, email"
email marketing examples how to,476.0,0.755,,83.22222222222223,5,31,1,0,1,Informational,7.913640120065307,1,"marketing, email marketing, email"
email marketing examples free,266.0,0.755,,68.66666666666667,4,29,1,0,0,Informational,13.604167873455223,1,"marketing, email marketing, email"
for beginners email marketing examples,150.0,0.755,,9.555555555555555,5,38,1,0,0,Informational,37.17586680178277,1,"marketing, email marketing, email"
tools email marketing examples,1738.0,0.755,,42.44444444444444,4,30,1,0,0,Informational,25.016172277206767,3,"tools, marketing tools, free"
email marketing examples 2026,879.0,0.755,,83.22222222222223,4,29,1,1,0,Informational,8.166368076919687,1,"marketing, email marketing, email"
vs email marketing examples,2850.0,0.755,,80.1111111111111,4,27,1,0,0,Commercial,10.64685917883308,0,"vs, sample, marketing sample"
email marketing examples guide,281.0,0.755,,9.555555555555555,4,30,1,0,0,Informational,37.2580190656734,1,"marketing, email marketing, email"
email marketing examples tips,684.0,0.755,,0.0,4,29,1,0,0,Informational,41.332969244750004,1,"marketing, email marketing, email"
email marketing examples near me,283.0,0.755,,82.33333333333333,5,32,1,0,0,Commercial,8.148162187598796,1,"marketing, email marketing, email"
email marketing examples price,279.0,0.755,,53.888888888888886,4,30,1,0,0,Commercial,19.523431499303577,1,"marketing, email marketing, email"
software email marketing examples,3205.0,0.755,,25.77777777777778,4,33,1,0,0,Informational,32.60281887614484,7,"software, marketing software, strategy"
course email marketing examples,353.0,0.755,,36.77777777777778,4,31,1,0,0,Informational,26.414282566098446,2,"course, marketing course, email marketing"
email marketing examples examples,178.0,0.755,,8.555555555555555,4,33,1,0,0,Informational,37.593426064293745,1,"marketing, email marketing, email"
email marketing examples app,1860.0,0.755,,99.0,4,28,1,0,0,Informational,2.470458270210929,1,"marketing, email marketing, email"
email marketing examples review,173.0,0.755,,87.55555555555556,4,31,1,0,0,Commercial,5.990290481702506,1,"marketing, email marketing, email"
checklist email marketing examples,10.0,0.755,,65.55555555555556,4,34,1,0,0,Informational,14.688070489227906,1,"marketing, email marketing, email"
email marketing examples template,42.0,0.755,,82.88888888888889,4,33,1,0,0,Informational,7.7748048844785425,1,"marketing, email marketing, email"
ideas email marketing examples,217.0,0.755,,48.666666666666664,4,30,1,0,0,Informational,21.573439164061025,1,"marketing, email marketing, email"
email marketing examples strategy,90.0,0.755,,56.111111111111114,4,33,1,0,0,Informational,18.516017588465612,1,"marketing, email marketing, email"
email advertising examples best,698.0,0.755,,56.44444444444444,4,31,1,0,0,Commercial,18.76397109822772,6,"templates, email templates, advertising"
how to email advertising examples,1042.0,0.755,,89.44444444444444,5,33,1,0,1,Informational,5.779699180505404,6,"templates, email templates, advertising"
free email advertising examples,1011.0,0.755,,47.55555555555555,4,31,1,0,0,Informational,22.51581412399524,6,"templates, email templates, advertising"
for beginners email advertising examples,1242.0,0.755,,19.555555555555557,5,40,1,0,0,Informational,33.86067803971077,6,"templates, email templates, advertising"
tools email advertising examples,3742.0,0.755,,42.22222222222222,4,32,1,0,0,Informational,26.361802668666805,6,"templates, email templates, advertising"
email advertising examples 2026,345.0,0.755,,36.11111111111111,4,31,1,1,0,Informational,26.675932300619127,6,"templates, email templates, advertising"
email advertising examples vs,12362.0,0.755,,20.555555555555554,4,29,1,0,0,Commercial,40.434213722640564,6,"templates, email templates, advertising"
guide email advertising examples,138.0,0.755,,11.555555555555557,4,32,1,0,0,Informational,36.36834140356378,6,"templates, email templates, advertising"
tips email advertising examples,67.0,0.755,,82.0,4,31,1,0,0,Informational,8.146038352990328,6,"templates, email templates, advertising"
near me email advertising examples,1304.0,0.755,,32.44444444444445,5,34,1,0,0,Commercial,28.74400370828666,6,"templates, email templates, advertising"
price email advertising examples,933.0,0.755,,97.88888888888889,4,32,1,0,0,Commercial,2.3335657022384777,6,"templates, email templates, advertising"
email advertising examples software,459.0,0.755,,12.777777777777777,4,35,1,0,0,Informational,36.08075691703285,6,"templates, email templates, advertising"
email advertising examples course,1019.0,0.755,,58.88888888888889,4,33,1,0,0,Informational,17.987497722807895,6,"templates, email templates, advertising"
email advertising examples examples,181.0,0.755,,92.66666666666667,4,35,1,0,0,Informational,3.950862969404051,6,"templates, email templates, advertising"
app email advertising examples,311.0,0.755,,56.777777777777786,4,30,1,0,0,Informational,18.38794367233199,6,"templates, email templates, advertising"
email advertising examples review,634.0,0.755,,34.55555555555556,4,33,1,0,0,Commercial,27.479391196615328,6,"templates, email templates, advertising"
email advertising examples checklist,5483.0,0.755,,38.88888888888889,4,36,1,0,0,Informational,28.786945860271796,6,"templates, email templates, advertising"
email advertising examples template,206.0,0.755,,82.66666666666667,4,35,1,0,0,Informational,7.966540882360282,6,"templates, email templates, advertising"
ideas email advertising examples,1069.0,0.755,,94.55555555555554,4,32,1,0,0,Informational,3.752186882053686,6,"templates, email templates, advertising"
email advertising examples strategy,705.0,0.755,,3.888888888888889,4,35,1,0,0,Informational,39.790583136077686,6,"templates, email templates, advertising"
best email marketing example,696.0,0.755,,85.22222222222223,4,28,1,0,0,Commercial,7.2516057540801055,1,"marketing, email marketing, email"
email marketing example how to,1331.0,0.755,,33.11111111111111,5,30,1,0,1,Informational,28.494269187612716,1,"marketing, email marketing, email"
free email marketing example,8145.0,0.755,,16.11111111111111,4,28,1,0,0,Navigational,39.56744114296197,1,"marketing, email marketing, email"
for beginners email marketing example,16.0,0.755,,96.33333333333334,5,37,1,0,0,Navigational,2.3807220772262867,1,"marketing, email marketing, email"
tools email marketing example,71.0,0.755,,37.44444444444445,4,29,1,0,0,Navigational,25.970769041285536,3,"tools, marketing tools, free"
email marketing example 2026,1013.0,0.755,,98.22222222222223,4,28,1,1,0,Navigational,2.250401690365063,1,"marketing, email marketing, email"
vs email marketing example,2564.0,0.755,,11.888888888888888,4,26,1,0,0,Commercial,37.75639274350273,0,"vs, sample, marketing sample"
guide email marketing example,146.0,0.755,,87.44444444444444,4,29,1,0,0,Informational,6.017802780154224,1,"marketing, email marketing, email"
email marketing example tips,709.0,0.755,,16.333333333333332,4,28,1,0,0,Informational,34.8153138243729,1,"marketing, email marketing, email"
near me email marketing example,390.0,0.755,,46.22222222222223,5,31,1,0,0,Commercial,22.659708099495887,1,"marketing, email marketing, email"
price email marketing example,37.0,0.755,,34.44444444444444,4,29,1,0,0,Commercial,27.149447079665073,1,"marketing, email marketing, email"
email marketing example software,1502.0,0.755,,97.44444444444444,4,32,1,0,0,Navigational,2.8681727788999796,7,"software, marketing software, strategy"
email marketing example course,1082.0,0.755,,42.88888888888889,4,30,1,0,0,Navigational,24.427006063457586,1,"marketing, email marketing, email"
email marketing example examples,779.0,0.755,,95.88888888888889,4,32,1,0,0,Informational,3.036989758428115,1,"marketing, email marketing, email"
email marketing example app,134.0,0.755,,4.555555555555555,4,27,1,0,0,Navigational,39.165832937490784,1,"marketing, email marketing, email"
review email marketing example,58.0,0.755,,83.44444444444444,4,30,1,0,0,Commercial,7.5626165265483065,1,"marketing, email marketing, email"
email marketing example checklist,229.0,0.755,,39.77777777777777,4,33,1,0,0,Navigational,25.136520117835566,1,"marketing, email marketing, email"
email marketing example template,1594.0,0.755,,18.88888888888889,4,32,1,0,0,Navigational,34.34808972080112,1,"marketing, email marketing, email"
email marketing example ideas,74.0,0.755,,70.77777777777779,4,29,1,0,0,Navigational,12.639317057506954,1,"marketing, email marketing, email"
strategy email marketing example,1399.0,0.755,,12.666666666666664,4,32,1,0,0,Navigational,36.71469088863144,7,"software, marketing software, strategy"
best email marketing sample,929.0,0.755,,97.22222222222221,4,27,1,0,0,Commercial,2.5977239028321497,0,"vs, sample, marketing sample"
how to email marketing sample,5.0,0.755,,36.11111111111111,5,29,1,0,1,Informational,26.46271268441444,0,"vs, sample, marketing sample"
email marketing sample free,2625.0,0.755,,44.55555555555556,4,27,1,0,0,Navigational,24.72798018444925,0,"vs, sample, marketing sample"
for beginners email marketing sample,3700.0,0.755,,20.555555555555554,5,36,1,0,0,Navigational,35.00213044156702,0,"vs, sample, marketing sample"
tools email marketing sample,996.0,0.755,,97.66666666666667,4,28,1,0,0,Navigational,2.461962931777055,0,"vs, sample, marketing sample"
email marketing sample 2026,248.0,0.755,,19.555555555555557,4,27,1,1,0,Navigational,33.23732422057118,0,"vs, sample, marketing sample"
vs email marketing sample,592.0,0.755,,20.22222222222222,4,25,1,0,0,Commercial,33.1863856361822,0,"vs, sample, marketing sample"
guide email marketing sample,11436.0,0.755,,34.77777777777777,4,28,1,0,0,Informational,34.164614937853024,0,"vs, sample, marketing sample"
email marketing sample tips,11429.0,0.755,,37.77777777777778,4,27,1,0,0,Informational,32.96022512222528,0,"vs, sample, marketing sample"
near me email marketing sample,294.0,0.755,,65.33333333333333,5,30,1,0,0,Commercial,14.955060469299536,0,"vs, sample, marketing sample"
price email marketing sample,1389.0,0.755,,16.88888888888889,4,28,1,0,0,Commercial,35.01953083456006,0,"vs, sample, marketing sample"
software email marketing sample,100.0,0.755,,52.0,4,31,1,0,0,Navigational,20.166733198092544,0,"vs, sample, marketing sample"
course email marketing sample,208.0,0.755,,47.77777777777778,4,29,1,0,0,Navigational,21.92335067095233,0,"vs, sample, marketing sample"
email marketing sample examples,692.0,0.755,,63.77777777777778,4,31,1,0,0,Informational,15.826875065784893,0,"vs, sample, marketing sample"
email marketing sample app,13209.0,0.755,,47.55555555555555,4,26,1,0,0,Navigational,30.165381413597537,0,"vs, sample, marketing sample"
email marketing sample review,866.0,0.755,,42.77777777777778,4,29,1,0,0,Commercial,24.33599333996023,0,"vs, sample, marketing sample"
checklist email marketing sample,12700.0,0.755,,66.22222222222221,4,32,1,0,0,Navigational,22.379512439142093,0,"vs, sample, marketing sample"
template email marketing sample,136.0,0.755,,81.22222222222221,4,31,1,0,0,Navigational,8.500420503860624,0,"vs, sample, marketing sample"
ideas email marketing sample,58.0,0.755,,74.55555555555556,4,28,1,0,0,Navigational,11.118172082103865,0,"vs, sample, marketing sample"
email marketing sample strategy,2181.0,0.755,,89.44444444444444,4,31,1,0,0,Navigational,6.493984894791109,0,"vs, sample, marketing sample"
examples of email marketing best,9358.0,0.755,,19.77777777777778,5,32,1,0,0,Commercial,38.86146681293143,1,"marketing, email marketing, email"
examples of email marketing how to,939.0,0.755,,70.77777777777779,6,34,1,0,1,Informational,13.18177284579241,1,"marketing, email marketing, email"
examples of email marketing free,1505.0,0.755,,27.333333333333336,5,32,1,0,0,Informational,30.914498572899163,1,"marketing, email marketing, email"
examples of email marketing for beginners,389.0,0.755,,7.000000000000001,6,41,1,0,0,Informational,38.347969871866525,1,"marketing, email marketing, email"
examples of email marketing tools,654.0,0.755,,44.77777777777777,5,33,1,0,0,Informational,23.403044638091426,3,"tools, marketing tools, free"
2026 examples of email marketing,158.0,0.755,,46.77777777777778,5,32,1,1,0,Informational,22.29199484503988,1,"marketing, email marketing, email"
examples of email marketing vs,17.0,0.755,,27.333333333333336,5,30,1,0,0,Commercial,29.981349193744535,0,"vs, sample, marketing sample"
examples of email marketing guide,917.0,0.755,,23.555555555555554,5,33,1,0,0,Informational,32.056865171279824,1,"marketing, email marketing, email"
tips examples of email marketing,138.0,0.755,,86.66666666666667,5,32,1,0,0,Informational,6.323896959119342,1,"marketing, email marketing, email"
near me examples of email marketing,6.0,0.755,,79.11111111111111,6,35,1,0,0,Commercial,9.263339800932687,1,"marketing, email marketing, email"
examples of email marketing price,2435.0,0.755,,49.44444444444444,5,33,1,0,0,Commercial,22.653272490426374,1,"marketing, email marketing, email"
examples of email marketing software,641.0,0.755,,10.88888888888889,5,36,1,0,0,Informational,36.95044767890974,7,"software, marketing software, strategy"
examples of email marketing course,1241.0,0.755,,87.33333333333333,5,34,1,0,0,Informational,6.7489398120814155,2,"course, marketing course, email marketing"
examples examples of email marketing,1422.0,0.755,,60.66666666666667,5,36,1,0,0,Informational,17.52911456855116,1,"marketing, email marketing, email"
app examples of email marketing,27.0,0.755,,17.0,5,31,1,0,0,Informational,34.12095369226036,1,"marketing, email marketing, email"
examples of email marketing review,136.0,0.755,,83.44444444444444,5,34,1,0,0,Commercial,7.611531614971733,1,"marketing, email marketing, email"
checklist examples of email marketing,135.0,0.755,,26.444444444444443,5,37,1,0,0,Informational,30.410904498453483,1,"marketing, email marketing, email"
template examples of email marketing,497.0,0.755,,23.555555555555554,5,36,1,0,0,Informational,31.79347623361521,1,"marketing, email marketing, email"
examples of email marketing ideas,70.0,0.755,,43.22222222222222,5,33,1,0,0,Informational,23.65903081365618,1,"marketing, email marketing, email"
examples of email marketing strategy,290.0,0.755,,83.55555555555556,5,36,1,0,0,Informational,7.663663114337646,7,"software, marketing software, strategy"
marketing email examples best,421.0,0.755,,3.888888888888889,4,29,1,0,0,Commercial,39.612482044894946,1,"marketing, email marketing, email"
marketing email examples how to,320.0,0.755,,39.55555555555556,5,31,1,0,1,Informational,25.28247660988512,1,"marketing, email marketing, email"
free marketing email examples,11.0,0.755,,41.0,4,29,1,0,0,Informational,24.51091982796838,1,"marketing, email marketing, email"
marketing email examples for beginners,48.0,0.755,,98.33333333333333,5,38,1,0,0,Informational,1.6007898058102612,1,"marketing, email marketing, email"
marketing email examples tools,652.0,0.755,,73.0,4,30,1,0,0,Informational,12.11290151616604,1,"marketing, email marketing, email"
2026 marketing email examples,2206.0,0.755,,18.555555555555557,4,29,1,1,0,Informational,34.86521836330289,1,"marketing, email marketing, email"
marketing email examples vs,864.0,0.755,,80.22222222222223,4,27,1,0,0,Commercial,9.356961329145951,0,"vs, sample, marketing sample"
marketing email examples guide,276.0,0.755,,94.33333333333334,4,30,1,0,0,Informational,3.3437723719710446,1,"marketing, email marketing, email"
marketing email examples tips,31932.0,0.755,,3.555555555555555,4,29,1,0,0,Informational,59.506883984775094,1,"marketing, email marketing, email"
marketing email examples near me,432.0,0.755,,91.77777777777777,5,32,1,0,0,Commercial,4.463824771040133,1,"marketing, email marketing, email"
price marketing email examples,11.0,0.755,,86.77777777777777,4,30,1,0,0,Commercial,6.199808716857266,1,"marketing, email marketing, email"
marketing email examples software,116.0,0.755,,78.11111111111111,4,33,1,0,0,Informational,9.732322617940087,1,"marketing, email marketing, email"
course marketing email examples,28.0,0.755,,52.77777777777778,4,31,1,0,0,Informational,19.8104696976675,1,"marketing, email marketing, email"
examples marketing email examples,857.0,0.755,,11.777777777777777,4,33,1,0,0,Informational,36.73034929129599,1,"marketing, email marketing, email"
marketing email examples app,437.0,0.755,,39.55555555555556,4,28,1,0,0,Informational,25.35584924252026,1,"marketing, email marketing, email"
review marketing email examples,188.0,0.755,,67.77777777777779,4,31,1,0,0,Commercial,13.910808340587351,1,"marketing, email marketing, email"
checklist marketing email examples,38.0,0.755,,72.22222222222221,4,34,1,0,0,Informational,12.038963085072218,1,"marketing, email marketing, email"
template marketing email examples,14478.0,0.755,,47.44444444444445,4,33,1,0,0,Informational,31.005636719700064,1,"marketing, email marketing, email"
ideas marketing email examples,141.0,0.755,,28.444444444444443,4,30,1,0,0,Informational,29.614667197562976,1,"marketing, email marketing, email"
strategy marketing email examples,352.0,0.755,,30.11111111111111,4,33,1,0,0,Informational,29.080322116246865,1,"marketing, email marketing, email"
best email marketing meaning,35.0,0.755,,83.0,4,28,1,0,0,Commercial,7.725970624406356,1,"marketing, email marketing, email"
email marketing meaning how to,42.0,0.755,,49.55555555555556,5,30,1,0,1,Informational,21.108138217811877,1,"marketing, email marketing, email"
email marketing meaning free,1053.0,0.755,,39.66666666666667,4,28,1,0,0,Informational,25.69770857331725,1,"marketing, email marketing, email"
for beginners email marketing meaning,180.0,0.755,,86.66666666666667,5,37,1,0,0,Informational,6.350235852885803,1,"marketing, email marketing, email"
tools email marketing meaning,527.0,0.755,,77.88888888888889,4,29,1,0,0,Informational,10.07895639582935,3,"tools, marketing tools, free"
email marketing meaning 2026,29.0,0.755,,71.00000000000001,4,28,1,1,0,Informational,12.522207925296852,1,"marketing, email marketing, email"
vs email marketing meaning,12.0,0.755,,45.0,4,26,1,0,0,Commercial,22.91154694448663,0,"vs, sample, marketing sample"
guide email marketing meaning,1876.0,0.755,,35.0,4,29,1,0,0,Informational,28.08049213450291,1,"marketing, email marketing, email"
tips email marketing meaning,340.0,0.755,,92.22222222222223,4,28,1,0,0,Informational,4.2283522735834325,1,"marketing, email marketing, email"
email marketing meaning near me,1001.0,0.755,,12.000000000000002,5,31,1,0,0,Commercial,36.73176518103497,1,"marketing, email marketing, email"
email marketing meaning price,7218.0,0.755,,82.77777777777777,4,29,1,0,0,Commercial,12.319437463878401,1,"marketing, email marketing, email"
software email marketing meaning,450.0,0.755,,63.888888888888886,4,32,1,0,0,Informational,15.630668423924169,7,"software, marketing software, strategy"
course email marketing meaning,46.0,0.755,,46.77777777777778,4,30,1,0,0,Informational,22.221757794995984,2,"course, marketing course, email marketing"
email marketing meaning examples,117.0,0.755,,24.666666666666664,4,32,1,0,0,Informational,31.110727512236114,1,"marketing, email marketing, email"
app email marketing meaning,56.0,0.755,,7.777777777777778,4,27,1,0,0,Informational,37.82802896017848,1,"marketing, email marketing, email"
review email marketing meaning,192.0,0.755,,91.0,4,30,1,0,0,Commercial,4.62442791777146,1,"marketing, email marketing, email"
email marketing meaning checklist,172.0,0.755,,62.22222222222222,4,33,1,0,0,Informational,16.12299669851759,1,"marketing, email marketing, email"
template email marketing meaning,85.0,0.755,,67.44444444444446,4,32,1,0,0,Informational,13.979548672541025,1,"marketing, email marketing, email"
ideas email marketing meaning,82.0,0.755,,8.666666666666668,4,29,1,0,0,Informational,37.48877843409739,1,"marketing, email marketing, email"
email marketing meaning strategy,101.0,0.755,,83.0,4,32,1,0,0,Informational,7.767360314610795,1,"marketing, email marketing, email"
best marketing email sample,449.0,0.755,,62.0,4,27,1,0,0,Commercial,16.385596862961478,0,"vs, sample, marketing sample"
how to marketing email sample,53.0,0.755,,73.77777777777779,5,29,1,0,1,Informational,11.426147610623724,0,"vs, sample, marketing sample"
marketing email sample free,465.0,0.755,,49.33333333333333,4,27,1,0,0,Navigational,21.462297393920128,0,"vs, sample, marketing sample"
marketing email sample for beginners,2129.0,0.755,,21.666666666666668,5,36,1,0,0,Navigational,33.572485946953265,0,"vs, sample, marketing sample"
marketing email sample tools,398.0,0.755,,73.33333333333333,4,28,1,0,0,Navigational,11.820280587197441,0,"vs, sample, marketing sample"
marketing email sample 2026,246.0,0.755,,16.77777777777778,4,27,1,1,0,Navigational,34.3471810986458,0,"vs, sample, marketing sample"
vs marketing email sample,783.0,0.755,,76.0,4,25,1,0,0,Commercial,10.995053780056669,0,"vs, sample, marketing sample"
marketing email sample guide,825.0,0.755,,85.0,4,28,1,0,0,Informational,7.421392673823131,0,"vs, sample, marketing sample"
tips marketing email sample,20.0,0.755,,26.333333333333332,4,27,1,0,0,Informational,30.383230543299284,0,"vs, sample, marketing sample"
near me marketing email sample,1092.0,0.755,,63.888888888888886,5,30,1,0,0,Commercial,16.03327722864008,0,"vs, sample, marketing sample"
price marketing email sample,1279.0,0.755,,83.33333333333334,4,28,1,0,0,Commercial,8.372770239774873,0,"vs, sample, marketing sample"
marketing email sample software,1466.0,0.755,,90.55555555555556,4,31,1,0,0,Navigational,5.601152139798568,0,"vs, sample, marketing sample"
course marketing email sample,439.0,0.755,,56.111111111111114,4,29,1,0,0,Navigational,18.734881253334542,0,"vs, sample, marketing sample"
examples marketing email sample,560.0,0.755,,33.33333333333333,4,31,1,0,0,Informational,27.92187346315379,0,"vs, sample, marketing sample"
marketing email sample app,410.0,0.755,,44.66666666666667,4,26,1,0,0,Navigational,23.29447265208309,0,"vs, sample, marketing sample"
marketing email sample review,423.0,0.755,,31.666666666666664,4,29,1,0,0,Commercial,28.502625166820334,0,"vs, sample, marketing sample"
marketing email sample checklist,570.0,0.755,,5.444444444444445,4,32,1,0,0,Navigational,39.083700183891835,0,"vs, sample, marketing sample"
template marketing email sample,313.0,0.755,,60.66666666666667,4,31,1,0,0,Navigational,16.833642349812934,0,"vs, sample, marketing sample"
marketing email sample ideas,79.0,0.755,,89.33333333333334,4,28,1,0,0,Navigational,5.220230417875977,0,"vs, sample, marketing sample"
marketing email sample strategy,294.0,0.755,,15.0,4,31,1,0,0,Navigational,35.088393802632865,0,"vs, sample, marketing sample"
marketing email templates best,173.0,0.755,,95.33333333333333,4,30,1,0,0,Commercial,2.8791793705913977,6,"templates, email templates, advertising"
marketing email templates how to,1205.0,0.755,,22.444444444444443,5,32,1,0,1,Informational,32.68191917298,6,"templates, email templates, advertising"
marketing email templates free,3405.0,0.755,,43.888888888888886,4,30,1,0,0,Navigational,25.483797735350205,6,"templates, email templates, advertising"
for beginners marketing email templates,81.0,0.755,,71.22222222222221,5,39,1,0,0,Navigational,12.465929095356929,6,"templates, email templates, advertising"
marketing email templates tools,124.0,0.755,,4.222222222222223,4,31,1,0,0,Navigational,39.292895105641634,6,"templates, email templates, advertising"
marketing email templates 2026,39.0,0.755,,82.44444444444444,4,30,1,1,0,Navigational,7.9507013127015735,6,"templates, email templates, advertising"
vs marketing email templates,2012.0,0.755,,92.44444444444446,4,28,1,0,0,Commercial,5.188002203207004,6,"templates, email templates, advertising"
guide marketing email templates,423.0,0.755,,90.55555555555556,4,31,1,0,0,Informational,4.9470696112647765,6,"templates, email templates, advertising"
tips marketing email templates,866.0,0.755,,61.33333333333334,4,30,1,0,0,Informational,16.913771117738005,6,"templates, email templates, advertising"
near me marketing email templates,160.0,0.755,,74.0,5,33,1,0,0,Commercial,11.40436018918749,6,"templates, email templates, advertising"
marketing email templates price,1882.0,0.755,,51.0,4,31,1,0,0,Commercial,21.68425483361241,6,"templates, email templates, advertising"
marketing email templates software,168.0,0.755,,17.444444444444443,4,34,1,0,0,Navigational,34.031599343555705,6,"templates, email templates, advertising"
marketing email templates course,220.0,0.755,,21.555555555555554,4,32,1,0,0,Navigational,32.41976495806021,6,"templates, email templates, advertising"
examples marketing email templates,383.0,0.755,,61.88888888888889,4,34,1,0,0,Informational,16.38865161720148,6,"templates, email templates, advertising"
app marketing email templates,465.0,0.755,,15.111111111111114,4,29,1,0,0,Navigational,35.15118628280901,6,"templates, email templates, advertising"
marketing email templates review,130.0,0.755,,47.55555555555555,4,32,1,0,0,Commercial,21.9633244714178,6,"templates, email templates, advertising"
checklist marketing email templates,582.0,0.755,,52.0,4,35,1,0,0,Navigational,20.469003359888603,6,"templates, email templates, advertising"
template marketing email templates,1575.0,0.755,,11.555555555555557,4,34,1,0,0,Navigational,37.269507840287716,6,"templates, email templates, advertising"
ideas marketing email templates,154.0,0.755,,68.77777777777779,4,31,1,0,0,Navigational,13.489486378966884,6,"templates, email templates, advertising"
marketing email templates strategy,576.0,0.755,,41.44444444444444,4,34,1,0,0,Navigational,24.68746288300133,6,"templates, email templates, advertising"
best email templates for marketing,254.0,0.755,,37.333333333333336,5,34,1,0,0,Commercial,26.129975808569572,6,"templates, email templates, advertising"
how to email templates for marketing,23.0,0.755,,45.666666666666664,6,36,1,0,1,Informational,22.6517785595207,6,"templates, email templates, advertising"
email templates for marketing free,174.0,0.755,,59.33333333333333,5,34,1,0,0,Navigational,17.279806487109646,6,"templates, email templates, advertising"
email templates for marketing for beginners,543.0,0.755,,10.0,6,43,1,0,0,Navigational,37.24454581567689,6,"templates, email templates, advertising"
tools email templates for marketing,914.0,0.755,,76.33333333333334,5,35,1,0,0,Navigational,10.943872710613961,6,"templates, email templates, advertising"
email templates for marketing 2026,636.0,0.755,,98.1111111111111,5,34,1,1,0,Navigational,2.0584232074296107,6,"templates, email templates, advertising"
email templates for marketing vs,148.0,0.755,,33.666666666666664,5,32,1,0,0,Commercial,27.530168124301834,6,"templates, email templates, advertising"
guide email templates for marketing,350.0,0.755,,32.44444444444445,5,35,1,0,0,Informational,28.145734549877034,6,"templates, email templates, advertising"
email templates for marketing tips,5800.0,0.755,,5.222222222222221,5,34,1,0,0,Informational,42.45240846322343,6,"templates, email templates, advertising"
near me email templates for marketing,512.0,0.755,,42.333333333333336,6,37,1,0,0,Commercial,24.291771870277834,6,"templates, email templates, advertising"
price email templates for marketing,412.0,0.755,,50.44444444444445,5,35,1,0,0,Commercial,20.984615774008482,6,"templates, email templates, advertising"
software email templates for marketing,44.0,0.755,,39.0,5,38,1,0,0,Navigational,25.331614673070597,6,"templates, email templates, advertising"
course email templates for marketing,2870.0,0.755,,3.111111111111111,5,36,1,0,0,Navigational,41.45940150919806,6,"templates, email templates, advertising"
email templates for marketing examples,1218.0,0.755,,67.44444444444446,5,38,1,0,0,Informational,14.690071687717236,6,"templates, email templates, advertising"
email templates for marketing app,1609.0,0.755,,46.666666666666664,5,33,1,0,0,Navigational,23.246385357463748,6,"templates, email templates, advertising"
email templates for marketing review,90.0,0.755,,90.0,5,36,1,0,0,Commercial,4.960462032910053,6,"templates, email templates, advertising"
email templates for marketing checklist,1274.0,0.755,,23.88888888888889,5,39,1,0,0,Navigational,32.14741243496141,6,"templates, email templates, advertising"
template email templates for marketing,437.0,0.755,,60.66666666666667,5,38,1,0,0,Navigational,16.911404798075818,6,"templates, email templates, advertising"
ideas email templates for marketing,78.0,0.755,,16.333333333333332,5,35,1,0,0,Navigational,34.41960330135773,6,"templates, email templates, advertising"
strategy email templates for marketing,253.0,0.755,,1.4444444444444442,5,38,1,0,0,Navigational,40.48490424760688,6,"templates, email templates, advertising"
best email promotion template,300.0,0.755,,24.000000000000004,4,29,1,0,0,Commercial,31.492156501742365,1,"marketing, email marketing, email"
email promotion template how to,439.0,0.755,,38.55555555555556,5,31,1,0,1,Informational,25.757103475556757,1,"marketing, email marketing, email"
email promotion template free,102.0,0.755,,20.22222222222222,4,29,1,0,0,Navigational,32.87909854224015,1,"marketing, email marketing, email"
for beginners email promotion template,1869.0,0.755,,53.222222222222214,5,38,1,0,0,Navigational,20.787213429986284,1,"marketing, email marketing, email"
email promotion template tools,813.0,0.755,,89.55555555555554,4,30,1,0,0,Navigational,5.5916450533819235,1,"marketing, email marketing, email"
email promotion template 2026,464.0,0.755,,92.88888888888889,4,29,1,1,0,Navigational,4.0394480551796565,1,"marketing, email marketing, email"
email promotion template vs,4085.0,0.755,,65.66666666666666,4,27,1,0,0,Commercial,17.19912585664847,0,"vs, sample, marketing sample"
email promotion template guide,265.0,0.755,,85.66666666666666,4,30,1,0,0,Informational,6.803540756936981,1,"marketing, email marketing, email"
email promotion template tips,553.0,0.755,,44.77777777777777,4,29,1,0,0,Informational,23.33970586974827,1,"marketing, email marketing, email"
email promotion template near me,840.0,0.755,,27.0,5,32,1,0,0,Commercial,30.630799421596862,1,"marketing, email marketing, email"
price email promotion template,1285.0,0.755,,41.77777777777778,4,30,1,0,0,Commercial,24.998755161106597,1,"marketing, email marketing, email"
email promotion template software,386.0,0.755,,56.55555555555556,4,33,1,0,0,Navigational,18.523866300089562,1,"marketing, email marketing, email"
email promotion template course,2003.0,0.755,,78.44444444444444,4,31,1,0,0,Navigational,10.782358154542774,1,"marketing, email marketing, email"
examples email promotion template,121.0,0.755,,17.0,4,33,1,0,0,Informational,34.179902644975776,1,"marketing, email marketing, email"
app email promotion template,2666.0,0.755,,11.555555555555557,4,28,1,0,0,Navigational,37.95369196169746,1,"marketing, email marketing, email"
review email promotion template,137.0,0.755,,81.55555555555556,4,31,1,0,0,Commercial,8.367714287045537,1,"marketing, email marketing, email"
email promotion template checklist,488.0,0.755,,11.888888888888888,4,34,1,0,0,Navigational,36.454498851617636,1,"marketing, email marketing, email"
template email promotion template,564.0,0.755,,58.77777777777777,4,33,1,0,0,Navigational,17.74660415144901,1,"marketing, email marketing, email"
ideas email promotion template,132.0,0.755,,100.0,4,30,1,0,0,Navigational,0.9868009266765152,1,"marketing, email marketing, email"
email promotion template strategy,2840.0,0.755,,8.777777777777779,4,33,1,0,0,Navigational,39.17392134698392,1,"marketing, email marketing, email"
email marketing template best,31.0,0.755,,35.55555555555556,4,29,1,0,0,Commercial,26.701239936111133,1,"marketing, email marketing, email"
email marketing template how to,257.0,0.755,,25.333333333333336,5,31,1,0,1,Informational,30.93185715812431,1,"marketing, email marketing, email"
free email marketing template,864.0,0.755,,33.88888888888889,4,29,1,0,0,Navigational,27.89029466247928,1,"marketing, email marketing, email"
for beginners email marketing template,24.0,0.755,,87.66666666666667,5,38,1,0,0,Navigational,5.852405676038947,1,"marketing, email marketing, email"
email marketing template tools,199.0,0.755,,29.666666666666664,4,30,1,0,0,Navigational,29.162151066732537,1,"marketing, email marketing, email"
email marketing template 2026,90.0,0.755,,19.666666666666664,4,29,1,1,0,Navigational,33.09379536624339,1,"marketing, email marketing, email"
email marketing template vs,412.0,0.755,,53.44444444444445,4,27,1,0,0,Commercial,19.78461577400848,0,"vs, sample, marketing sample"
guide email marketing template,462.0,0.755,,52.22222222222223,4,30,1,0,0,Informational,20.304860488809826,1,"marketing, email marketing, email"
tips email marketing template,777.0,0.755,,69.77777777777777,4,29,1,0,0,Informational,13.480179969836065,1,"marketing, email marketing, email"
near me email marketing template,2800.0,0.755,,12.666666666666664,5,32,1,0,0,Commercial,37.5932811306984,1,"marketing, email marketing, email"
price email marketing template,348.0,0.755,,62.88888888888889,4,30,1,0,0,Commercial,15.96670253906276,1,"marketing, email marketing, email"
software email marketing template,458.0,0.755,,3.6666666666666674,4,33,1,0,0,Navigational,39.72457424495905,7,"software, marketing software, strategy"
course email marketing template,961.0,0.755,,42.0,4,31,1,0,0,Navigational,24.706680520305007,2,"course, marketing course, email marketing"
email marketing template examples,58.0,0.755,,9.333333333333334,4,33,1,0,0,Informational,37.20706097099275,1,"marketing, email marketing, email"
app email marketing template,352.0,0.755,,97.22222222222221,4,28,1,0,0,Navigational,2.2358776718024296,1,"marketing, email marketing, email"
review email marketing template,49.0,0.755,,3.9999999999999996,4,31,1,0,0,Commercial,39.33475025566184,1,"marketing, email marketing, email"
checklist email marketing template,132.0,0.755,,94.8888888888889,4,34,1,0,0,Navigational,3.0312453711209555,1,"marketing, email marketing, email"
template email marketing template,1110.0,0.755,,32.44444444444445,4,33,1,0,0,Navigational,28.622343103746335,1,"marketing, email marketing, email"
ideas email marketing template,584.0,0.755,,99.55555555555556,4,30,1,0,0,Navigational,1.448035370702879,1,"marketing, email marketing, email"
email marketing template strategy,496.0,0.755,,28.777777777777775,4,33,1,0,0,Navigational,29.70396022820807,1,"marketing, email marketing, email"
marketing email template best,292.0,0.755,,3.2222222222222228,4,29,1,0,0,Commercial,39.79825068070748,1,"marketing, email marketing, email"
marketing email template how to,1039.0,0.755,,98.55555555555556,5,31,1,0,1,Informational,2.133373386506212,1,"marketing, email marketing, email"
marketing email template free,6831.0,0.755,,58.00000000000001,4,29,1,0,0,Navigational,21.987854482427114,1,"marketing, email marketing, email"
marketing email template for beginners,2116.0,0.755,,69.0,5,38,1,0,0,Navigational,14.631000098882696,1,"marketing, email marketing, email"
tools marketing email template,12285.0,0.755,,17.0,4,30,1,0,0,Navigational,41.808147972957606,1,"marketing, email marketing, email"
marketing email template 2026,2450.0,0.755,,6.666666666666667,4,29,1,1,0,Navigational,39.77379034931122,1,"marketing, email marketing, email"
vs marketing email template,130.0,0.755,,5.666666666666666,4,27,1,0,0,Commercial,38.71888002697335,0,"vs, sample, marketing sample"
guide marketing email template,6.0,0.755,,79.55555555555554,4,30,1,0,0,Informational,9.085562023154914,1,"marketing, email marketing, email"
marketing email template tips,411.0,0.755,,83.11111111111111,4,29,1,0,0,Informational,7.917321990823564,1,"marketing, email marketing, email"
marketing email template near me,3143.0,0.755,,68.55555555555556,5,32,1,0,0,Commercial,15.45282654090228,1,"marketing, email marketing, email"
marketing email template price,740.0,0.755,,46.22222222222223,4,30,1,0,0,Commercial,22.879198880883067,1,"marketing, email marketing, email"
marketing email template software,2231.0,0.755,,15.0,4,33,1,0,0,Navigational,36.30311849848134,1,"marketing, email marketing, email"
course marketing email template,3658.0,0.755,,84.77777777777777,4,31,1,0,0,Navigational,9.28690265891167,1,"marketing, email marketing, email"
marketing email template examples,596.0,0.755,,76.22222222222221,4,33,1,0,0,Informational,10.788894102255204,1,"marketing, email marketing, email"
app marketing email template,1410.0,0.755,,59.22222222222222,4,28,1,0,0,Navigational,18.099366948109953,1,"marketing, email marketing, email"
review marketing email template,18.0,0.755,,99.11111111111111,4,31,1,0,0,Commercial,1.2708651991516733,1,"marketing, email marketing, email"
marketing email template checklist,142.0,0.755,,59.66666666666667,4,34,1,0,0,Navigational,17.12640542519234,1,"marketing, email marketing, email"
template marketing email template,381.0,0.755,,24.77777777777778,4,33,1,0,0,Navigational,31.231841828609426,1,"marketing, email marketing, email"
ideas marketing email template,655.0,0.755,,68.22222222222223,4,30,1,0,0,Navigational,14.025893976831894,1,"marketing, email marketing, email"
strategy marketing email template,237.0,0.755,,10.777777777777777,4,33,1,0,0,Navigational,36.74153704998156,1,"marketing, email marketing, email"
email marketing templates best,225.0,0.755,,12.333333333333336,4,30,1,0,0,Commercial,36.111789429540345,6,"templates, email templates, advertising"
email marketing templates how to,339.0,0.755,,72.55555555555556,5,32,1,0,1,Informational,12.09439182373185,6,"templates, email templates, advertising"
email marketing templates free,141.0,0.755,,82.77777777777777,4,30,1,0,0,Navigational,7.881333864229649,6,"templates, email templates, advertising"
for beginners email marketing templates,40.0,0.755,,95.66666666666666,5,39,1,0,0,Navigational,2.6624395403309373,6,"templates, email templates, advertising"
tools email marketing templates,1099.0,0.755,,99.77777777777777,4,31,1,0,0,Navigational,1.6821114887122668,3,"tools, marketing tools, free"
email marketing templates 2026,33.0,0.755,,57.111111111111114,4,30,1,1,0,Navigational,18.080271946925414,6,"templates, email templates, advertising"
email marketing templates vs,306.0,0.755,,65.77777777777779,4,28,1,0,0,Commercial,14.78480808974074,0,"vs, sample, marketing sample"
guide email marketing templates,615.0,0.755,,53.77777777777778,4,31,1,0,0,Informational,19.77858709387971,6,"templates, email templates, advertising"
tips email marketing templates,34.0,0.755,,87.33333333333333,4,30,1,0,0,Informational,5.992010174554774,6,"templates, email templates, advertising"
near me email marketing templates,104.0,0.755,,73.44444444444443,5,33,1,0,0,Commercial,11.591463886387773,6,"templates, email templates, advertising"
price email marketing templates,3087.0,0.755,,44.66666666666667,4,31,1,0,0,Commercial,24.973263571435883,6,"templates, email templates, advertising"
software email marketing templates,24.0,0.755,,5.0,4,34,1,0,0,Navigational,38.91907234270561,7,"software, marketing software, strategy"
email marketing templates course,2209.0,0.755,,50.55555555555556,4,32,1,0,0,Navigational,22.067099712857637,6,"templates, email templates, advertising"
email marketing templates examples,41.0,0.755,,38.333333333333336,4,34,1,0,0,Informational,25.596399990182515,6,"templates, email templates, advertising"
app email marketing templates,95.0,0.755,,95.88888888888889,4,29,1,0,0,Navigational,2.6080420599457432,6,"templates, email templates, advertising"
email marketing templates review,1795.0,0.755,,52.22222222222223,4,32,1,0,0,Commercial,21.14080680763585,6,"templates, email templates, advertising"
checklist email marketing templates,1223.0,0.755,,3.3333333333333335,4,35,1,0,0,Navigational,40.33765171475293,6,"templates, email templates, advertising"
template email marketing templates,1278.0,0.755,,5.333333333333334,4,34,1,0,0,Navigational,39.57214312325663,6,"templates, email templates, advertising"
ideas email marketing templates,116.0,0.755,,46.22222222222223,4,31,1,0,0,Navigational,22.48787817349564,6,"templates, email templates, advertising"
email marketing templates strategy,25.0,0.755,,83.66666666666667,4,34,1,0,0,Navigational,7.453032792557197,6,"templates, email templates, advertising"
email campaign best,67.0,0.755,,16.333333333333332,3,19,0,0,0,Commercial,34.41270501965699,9,"campaign, email campaign, email"
how to email campaign,1088.0,0.755,,15.111111111111114,4,21,1,0,1,Informational,35.54187987367819,9,"campaign, email campaign, email"
free email campaign,968.0,0.755,,62.0,3,19,0,0,0,Navigational,16.71107033593275,9,"campaign, email campaign, email"
for beginners email campaign,1265.0,0.755,,58.55555555555556,4,28,1,0,0,Navigational,18.275101719630502,9,"campaign, email campaign, email"
tools email campaign,382.0,0.755,,50.66666666666667,3,20,0,0,0,Navigational,20.87691338957212,9,"campaign, email campaign, email"
email campaign 2026,3186.0,0.755,,37.55555555555555,3,19,0,1,0,Navigational,27.879792551186995,9,"campaign, email campaign, email"
vs email campaign,140.0,0.755,,54.333333333333336,3,17,0,0,0,Commercial,19.258484525489177,9,"campaign, email campaign, email"
email campaign guide,335.0,0.755,,69.22222222222221,3,20,0,0,0,Informational,13.425216690992192,9,"campaign, email campaign, email"
email campaign tips,586.0,0.755,,61.77777777777778,3,19,0,0,0,Informational,16.56040071485049,9,"campaign, email campaign, email"
near me email campaign,3954.0,0.755,,39.55555555555556,4,22,1,0,0,Commercial,27.561418037202284,9,"campaign, email campaign, email"
email campaign price,5219.0,0.755,,1.555555555555556,3,20,0,0,0,Commercial,43.55472043278737,9,"campaign, email campaign, email"
software email campaign,410.0,0.755,,62.0,3,23,0,0,0,Navigational,16.361139318749764,9,"campaign, email campaign, email"
course email campaign,5845.0,0.755,,2.5555555555555554,3,21,0,0,0,Navigational,43.5472953732113,9,"campaign, email campaign, email"
examples email campaign,6902.0,0.755,,44.55555555555556,3,23,0,0,0,Informational,27.41015753300057,9,"campaign, email campaign, email"
email campaign app,178.0,0.755,,76.77777777777777,3,18,0,0,0,Navigational,10.304537175404867,9,"campaign, email campaign, email"
review email campaign,310.0,0.755,,91.33333333333333,3,21,0,0,0,Commercial,4.565094333591518,9,"campaign, email campaign, email"
email campaign checklist,1014.0,0.755,,41.11111111111111,3,24,0,0,0,Navigational,25.09547325132776,9,"campaign, email campaign, email"
template email campaign,1314.0,0.755,,14.444444444444443,3,23,0,0,0,Navigational,35.95027487346915,9,"campaign, email campaign, email"
ideas email campaign,29.0,0.755,,88.66666666666666,3,20,0,0,0,Navigational,5.455541258630197,9,"campaign, email campaign, email"
strategy email campaign,17.0,0.755,,49.44444444444444,3,23,0,0,0,Navigational,21.136904749300093,9,"campaign, email campaign, email"
email campaigns best,3472.0,0.755,,87.77777777777777,3,20,0,0,0,Commercial,7.970258986517339,1,"marketing, email marketing, email"
how to email campaigns,5032.0,0.755,,42.22222222222222,4,22,1,0,1,Informational,27.170782977208123,1,"marketing, email marketing, email"
free email campaigns,26.0,0.755,,8.222222222222223,3,20,0,0,0,Navigational,37.631437686853225,1,"marketing, email marketing, email"
email campaigns for beginners,530.0,0.755,,42.88888888888889,4,29,1,0,0,Navigational,24.080837745384095,1,"marketing, email marketing, email"
email campaigns tools,2695.0,0.755,,71.66666666666667,3,21,0,0,0,Navigational,13.927433896282245,1,"marketing, email marketing, email"
2026 email campaigns,671.0,0.755,,88.1111111111111,3,20,0,1,0,Navigational,6.080372285568332,1,"marketing, email marketing, email"
vs email campaigns,641.0,0.755,,99.33333333333334,3,18,0,0,0,Commercial,1.5726699011319618,0,"vs, sample, marketing sample"
email campaigns guide,1175.0,0.755,,92.66666666666667,3,21,0,0,0,Informational,4.574216788543637,1,"marketing, email marketing, email"
email campaigns tips,22.0,0.755,,84.11111111111111,3,20,0,0,0,Informational,7.273373665224671,1,"marketing, email marketing, email"
email campaigns near me,548.0,0.755,,80.55555555555556,4,23,1,0,0,Commercial,9.025459176045912,1,"marketing, email marketing, email"
price email campaigns,1395.0,0.755,,61.44444444444444,3,21,0,0,0,Commercial,17.20107131144733,1,"marketing, email marketing, email"
email campaigns software,224.0,0.755,,50.111111111111114,3,24,0,0,0,Navigational,21.000051201910985,7,"software, marketing software, strategy"
email campaigns course,126.0,0.755,,80.1111111111111,3,22,0,0,0,Navigational,8.938593783122581,1,"marketing, email marketing, email"
examples email campaigns,554.0,0.755,,73.88888888888889,3,24,0,0,0,Informational,11.695888541822077,1,"marketing, email marketing, email"
email campaigns app,118.0,0.755,,94.8888888888889,3,19,0,0,0,Navigational,3.022465739865468,1,"marketing, email marketing, email"
email campaigns review,406.0,0.755,,16.555555555555554,3,22,0,0,0,Commercial,34.53640863045454,1,"marketing, email marketing, email"
checklist email campaigns,246.0,0.755,,68.88888888888889,3,25,0,0,0,Navigational,13.502736654201355,1,"marketing, email marketing, email"
template email campaigns,353.0,0.755,,46.88888888888889,3,24,0,0,0,Navigational,22.369838121654006,1,"marketing, email marketing, email"
ideas email campaigns,4724.0,0.755,,97.22222222222221,3,21,0,0,0,Navigational,4.977631089587415,1,"marketing, email marketing, email"
email campaigns strategy,23.0,0.755,,50.33333333333333,3,24,0,0,0,Navigational,20.785111892854033,1,"marketing, email marketing, email"
best jobs for email marketing,603.0,0.755,,80.77777777777779,5,29,1,0,0,Commercial,8.971061695660723,1,"marketing, email marketing, email"
jobs for email marketing how to,141.0,0.755,,78.44444444444444,6,31,1,0,1,Informational,9.614667197562984,1,"marketing, email marketing, email"
jobs for email marketing free,221.0,0.755,,29.888888888888886,5,29,1,0,0,Navigational,29.087058741245126,1,"marketing, email marketing, email"
for beginners jobs for email marketing,3477.0,0.755,,18.11111111111111,6,38,1,0,0,Navigational,35.84006123577525,1,"marketing, email marketing, email"
tools jobs for email marketing,4224.0,0.755,,84.44444444444444,5,30,1,0,0,Navigational,9.775183941573982,1,"marketing, email marketing, email"
jobs for email marketing 2026,289.0,0.755,,20.666666666666668,5,29,1,1,0,Navigational,32.81859155337495,1,"marketing, email marketing, email"
jobs for email marketing vs,28.0,0.755,,72.44444444444444,5,27,1,0,0,Commercial,11.943803031000835,0,"vs, sample, marketing sample"
guide jobs for email marketing,85.0,0.755,,87.0,5,30,1,0,0,Informational,6.157326450318809,1,"marketing, email marketing, email"
tips jobs for email marketing,848.0,0.755,,91.88888888888889,5,29,1,0,0,Informational,4.6802607981873035,1,"marketing, email marketing, email"
jobs for email marketing near me,76.0,0.755,,44.55555555555556,6,32,1,0,0,Commercial,23.129460179432343,1,"marketing, email marketing, email"
price jobs for email marketing,735.0,0.755,,80.0,5,30,1,0,0,Commercial,9.36495218718071,1,"marketing, email marketing, email"
software jobs for email marketing,1164.0,0.755,,64.88888888888889,5,33,1,0,0,Navigational,15.678429617954013,1,"marketing, email marketing, email"
course jobs for email marketing,479.0,0.755,,10.333333333333334,5,31,1,0,0,Navigational,37.07107702517561,1,"marketing, email marketing, email"
examples jobs for email marketing,2793.0,0.755,,68.66666666666667,5,33,1,0,0,Informational,15.188891315070652,1,"marketing, email marketing, email"
app jobs for email marketing,103.0,0.755,,7.555555555555557,5,28,1,0,0,Navigational,37.946392325425066,1,"marketing, email marketing, email"
review jobs for email marketing,57.0,0.755,,62.66666666666667,5,31,1,0,0,Commercial,15.873100521141167,1,"marketing, email marketing, email"
jobs for email marketing checklist,97.0,0.755,,49.222222222222214,5,34,1,0,0,Navigational,21.275962959648915,1,"marketing, email marketing, email"
jobs for email marketing template,1065.0,0.755,,32.88888888888889,5,33,1,0,0,Navigational,28.41634508264735,1,"marketing, email marketing, email"
ideas jobs for email marketing,1937.0,0.755,,87.33333333333333,5,30,1,0,0,Navigational,7.185412908782777,1,"marketing, email marketing, email"
strategy jobs for email marketing,725.0,0.755,,28.22222222222222,5,33,1,0,0,Navigational,30.069792133109335,1,"marketing, email marketing, email"
best marketing email jobs,66.0,0.755,,67.88888888888889,4,25,1,0,0,Commercial,13.78985568091652,1,"marketing, email marketing, email"
marketing email jobs how to,142.0,0.755,,46.55555555555556,5,27,1,0,1,Informational,22.37084986963679,1,"marketing, email marketing, email"
marketing email jobs free,142.0,0.755,,45.111111111111114,4,25,1,0,0,Navigational,22.94862764741456,1,"marketing, email marketing, email"
marketing email jobs for beginners,1722.0,0.755,,65.0,5,34,1,0,0,Navigational,15.983916190692554,1,"marketing, email marketing, email"
marketing email jobs tools,20996.0,0.755,,43.333333333333336,4,26,1,0,0,Navigational,36.73762663009203,1,"marketing, email marketing, email"
marketing email jobs 2026,3853.0,0.755,,23.22222222222222,4,25,1,1,0,Navigational,34.031412602192454,1,"marketing, email marketing, email"
marketing email jobs vs,464.0,0.755,,43.11111111111111,4,23,1,0,0,Commercial,23.950559166290773,0,"vs, sample, marketing sample"
guide marketing email jobs,3712.0,0.755,,66.11111111111111,4,26,1,0,0,Informational,16.787433617563785,1,"marketing, email marketing, email"
marketing email jobs tips,1111.0,0.755,,31.77777777777778,4,25,1,0,0,Informational,28.889636886931253,1,"marketing, email marketing, email"
marketing email jobs near me,273.0,0.755,,55.666666666666664,5,28,1,0,0,Commercial,18.80855768908297,1,"marketing, email marketing, email"
price marketing email jobs,474.0,0.755,,1.9999999999999998,4,26,1,0,0,Commercial,40.4012747759177,1,"marketing, email marketing, email"
marketing email jobs software,171.0,0.755,,40.111111111111114,4,29,1,0,0,Navigational,24.96681402644378,1,"marketing, email marketing, email"
course marketing email jobs,407.0,0.755,,55.00000000000001,4,27,1,0,0,Navigational,19.15925796919501,1,"marketing, email marketing, email"
marketing email jobs examples,1429.0,0.755,,94.11111111111111,4,29,1,0,0,Informational,4.155726606401129,1,"marketing, email marketing, email"
marketing email jobs app,409.0,0.755,,61.77777777777778,4,24,1,0,0,Navigational,16.449401091120404,1,"marketing, email marketing, email"
review marketing email jobs,16998.0,0.755,,20.444444444444443,4,27,1,0,0,Commercial,43.38597034568775,1,"marketing, email marketing, email"
checklist marketing email jobs,845.0,0.755,,14.888888888888888,4,30,1,0,0,Navigational,35.47837944863256,1,"marketing, email marketing, email"
template marketing email jobs,451.0,0.755,,5.777777777777777,4,29,1,0,0,Navigational,38.875739984886856,1,"marketing, email marketing, email"
ideas marketing email jobs,148.0,0.755,,53.333333333333336,4,26,1,0,0,Navigational,19.663501457635167,1,"marketing, email marketing, email"
strategy marketing email jobs,1744.0,0.755,,85.44444444444446,4,29,1,0,0,Navigational,7.819934976316254,1,"marketing, email marketing, email"
email advertising jobs best,117.0,0.755,,16.11111111111111,4,27,1,0,0,Commercial,34.532949734458334,6,"templates, email templates, advertising"
how to email advertising jobs,106.0,0.755,,58.77777777777777,5,29,1,0,1,Informational,17.459384786090933,6,"templates, email templates, advertising"
email advertising jobs free,79.0,0.755,,56.333333333333336,4,27,1,0,0,Navigational,18.42023041787598,6,"templates, email templates, advertising"
for beginners email advertising jobs,951.0,0.755,,8.555555555555555,5,36,1,0,0,Navigational,38.07818713290029,6,"templates, email templates, advertising"
email advertising jobs tools,480.0,0.755,,81.44444444444444,4,28,1,0,0,Navigational,8.62725969724942,6,"templates, email templates, advertising"
email advertising jobs 2026,731.0,0.755,,79.8888888888889,4,27,1,1,0,Navigational,9.406888165552157,6,"templates, email templates, advertising"
vs email advertising jobs,402.0,0.755,,14.777777777777779,4,25,1,0,0,Commercial,35.24501127549266,6,"templates, email templates, advertising"
guide email advertising jobs,245.0,0.755,,1.2222222222222219,4,28,1,0,0,Informational,40.568776204349774,6,"templates, email templates, advertising"
email advertising jobs tips,154.0,0.755,,10.11111111111111,4,27,1,0,0,Informational,36.95615304563355,6,"templates, email templates, advertising"
near me email advertising jobs,453.0,0.755,,28.333333333333332,5,30,1,0,0,Commercial,29.854771995701135,6,"templates, email templates, advertising"
price email advertising jobs,1866.0,0.755,,12.777777777777777,4,28,1,0,0,Commercial,36.963109858209314,6,"templates, email templates, advertising"
software email advertising jobs,415.0,0.755,,71.00000000000001,4,31,1,0,0,Navigational,12.764274901341,6,"templates, email templates, advertising"
course email advertising jobs,402.0,0.755,,10.0,4,29,1,0,0,Navigational,37.15612238660377,6,"templates, email templates, advertising"
examples email advertising jobs,6288.0,0.755,,54.888888888888886,4,31,1,0,0,Informational,22.89177465746231,6,"templates, email templates, advertising"
email advertising jobs app,59.0,0.755,,31.0,4,26,1,0,0,Navigational,28.541021420844327,6,"templates, email templates, advertising"
review email advertising jobs,611.0,0.755,,21.0,4,29,1,0,0,Commercial,32.887189738917826,6,"templates, email templates, advertising"
checklist email advertising jobs,2362.0,0.755,,24.444444444444443,4,32,1,0,0,Navigational,32.60749298459419,6,"templates, email templates, advertising"
template email advertising jobs,3403.0,0.755,,11.11111111111111,4,31,1,0,0,Navigational,38.59365461342482,6,"templates, email templates, advertising"
email advertising jobs ideas,418.0,0.755,,76.22222222222221,4,28,1,0,0,Navigational,10.677267362006868,6,"templates, email templates, advertising"
strategy email advertising jobs,760.0,0.755,,9.11111111111111,4,31,1,0,0,Navigational,37.736185655692495,6,"templates, email templates, advertising"
email marketing careers best,259.0,0.755,,57.111111111111114,4,28,1,0,0,Commercial,18.222000280049706,1,"marketing, email marketing, email"
email marketing careers how to,478.0,0.755,,60.22222222222222,5,30,1,0,1,Informational,17.11489435310181,1,"marketing, email marketing, email"
email marketing careers free,636.0,0.755,,23.0,4,28,1,0,0,Navigational,32.10286765187406,1,"marketing, email marketing, email"
for beginners email marketing careers,145.0,0.755,,18.444444444444446,5,37,1,0,0,Navigational,33.617175663635976,1,"marketing, email marketing, email"
tools email marketing careers,385.0,0.755,,44.77777777777777,4,29,1,0,0,Navigational,23.234350294682425,3,"tools, marketing tools, free"
2026 email marketing careers,53.0,0.755,,91.88888888888889,4,28,1,1,0,Navigational,4.181703166179283,1,"marketing, email marketing, email"
email marketing careers vs,352.0,0.755,,78.33333333333333,4,26,1,0,0,Commercial,9.791433227357981,0,"vs, sample, marketing sample"
guide email marketing careers,206.0,0.755,,27.0,4,29,1,0,0,Informational,30.233207549026943,1,"marketing, email marketing, email"
tips email marketing careers,1054.0,0.755,,37.44444444444445,4,28,1,0,0,Informational,26.587224578724385,1,"marketing, email marketing, email"
email marketing careers near me,127.0,0.755,,44.888888888888886,5,31,1,0,0,Commercial,23.02810978852971,1,"marketing, email marketing, email"
email marketing careers price,2626.0,0.755,,86.8888888888889,4,29,1,0,0,Commercial,7.795273967634165,1,"marketing, email marketing, email"
software email marketing careers,201.0,0.755,,26.77777777777778,4,32,1,0,0,Navigational,30.31896085532459,7,"software, marketing software, strategy"
email marketing careers course,13900.0,0.755,,76.11111111111111,4,30,1,0,0,Navigational,19.17649670548543,1,"marketing, email marketing, email"
email marketing careers examples,172.0,0.755,,91.88888888888889,4,32,1,0,0,Informational,4.256330031850925,1,"marketing, email marketing, email"
app email marketing careers,181.0,0.755,,46.55555555555556,4,27,1,0,0,Navigational,22.395307413848503,1,"marketing, email marketing, email"
email marketing careers review,128.0,0.755,,17.0,4,30,1,0,0,Commercial,34.184292460603515,1,"marketing, email marketing, email"
checklist email marketing careers,52.0,0.755,,64.11111111111111,4,33,1,0,0,Navigational,15.29218716077214,1,"marketing, email marketing, email"
template email marketing careers,63.0,0.755,,93.77777777777779,4,32,1,0,0,Navigational,3.432418775806216,1,"marketing, email marketing, email"
email marketing careers ideas,349.0,0.755,,45.111111111111114,4,29,1,0,0,Navigational,23.078440766692122,1,"marketing, email marketing, email"
strategy email marketing careers,106.0,0.755,,27.333333333333336,4,32,1,0,0,Navigational,30.0371625638687,7,"software, marketing software, strategy"
careers in email marketing best,883.0,0.755,,19.0,5,31,1,0,0,Commercial,33.85776543188158,1,"marketing, email marketing, email"
careers in email marketing how to,104.0,0.755,,94.44444444444444,6,33,1,0,1,Informational,3.1914638863877647,1,"marketing, email marketing, email"
careers in email marketing free,197.0,0.755,,72.11111111111111,5,31,1,0,0,Navigational,12.183119055918262,1,"marketing, email marketing, email"
for beginners careers in email marketing,16443.0,0.755,,37.666666666666664,6,40,1,0,0,Navigational,36.14903178917062,1,"marketing, email marketing, email"
careers in email marketing tools,775.0,0.755,,82.66666666666667,5,32,1,0,0,Navigational,8.323370181244009,3,"tools, marketing tools, free"
2026 careers in email marketing,38.0,0.755,,18.333333333333332,5,31,1,1,0,Navigational,33.59451864062776,1,"marketing, email marketing, email"
careers in email marketing vs,30.0,0.755,,18.666666666666668,5,29,1,0,0,Commercial,33.456168375148444,0,"vs, sample, marketing sample"
careers in email marketing guide,569.0,0.755,,31.222222222222225,5,32,1,0,0,Informational,28.771961956262476,1,"marketing, email marketing, email"
tips careers in email marketing,103.0,0.755,,60.111111111111114,5,31,1,0,0,Informational,16.924170103202847,1,"marketing, email marketing, email"
near me careers in email marketing,1645.0,0.755,,60.44444444444444,6,34,1,0,0,Commercial,17.7578504410096,1,"marketing, email marketing, email"
price careers in email marketing,150.0,0.755,,67.77777777777779,5,32,1,0,0,Commercial,13.886977912893888,1,"marketing, email marketing, email"
careers in email marketing software,1302.0,0.755,,50.77777777777778,5,35,1,0,0,Navigational,21.409416141916832,7,"software, marketing software, strategy"
course careers in email marketing,491.0,0.755,,5.777777777777777,5,33,1,0,0,Navigational,38.90082464561682,1,"marketing, email marketing, email"
careers in email marketing examples,4554.0,0.755,,28.777777777777775,5,35,1,0,0,Informational,32.24879905926284,1,"marketing, email marketing, email"
careers in email marketing app,320.0,0.755,,64.77777777777777,5,30,1,0,0,Navigational,15.193587720996234,1,"marketing, email marketing, email"
careers in email marketing review,1131.0,0.755,,93.22222222222223,5,33,1,0,0,Commercial,4.324401439518456,1,"marketing, email marketing, email"
checklist careers in email marketing,749.0,0.755,,92.77777777777779,5,36,1,0,0,Navigational,4.262620707325087,1,"marketing, email marketing, email"
careers in email marketing template,436.0,0.755,,9.555555555555555,5,35,1,0,0,Navigational,37.355222126002005,1,"marketing, email marketing, email"
careers in email marketing ideas,1995.0,0.755,,14.666666666666666,5,32,1,0,0,Navigational,36.288452333507884,1,"marketing, email marketing, email"
strategy careers in email marketing,122.0,0.755,,33.11111111111111,5,35,1,0,0,Navigational,27.736085317049575,1,"marketing, email marketing, email"
email marketing tools free best,1412.0,0.755,,13.88888888888889,5,31,1,0,0,Commercial,36.23395451447979,3,"tools, marketing tools, free"
how to email marketing tools free,103.0,0.755,,48.333333333333336,6,33,1,0,1,Informational,21.63528121431396,3,"tools, marketing tools, free"
email marketing tools free free,22195.0,0.755,,16.444444444444446,5,31,1,0,0,Navigational,48.24509489102823,3,"tools, marketing tools, free"
email marketing tools free for beginners,915.0,0.755,,32.22222222222222,6,40,1,0,0,Navigational,28.588944271576654,3,"tools, marketing tools, free"
tools email marketing tools free,108.0,0.755,,11.444444444444445,5,32,1,0,0,Navigational,36.39397235246076,3,"tools, marketing tools, free"
2026 email marketing tools free,1133.0,0.755,,47.22222222222222,5,31,1,1,0,Navigational,22.72565567255496,3,"tools, marketing tools, free"
vs email marketing tools free,1472.0,0.755,,3.7777777777777786,5,29,1,0,0,Commercial,40.316025950019174,3,"tools, marketing tools, free"
guide email marketing tools free,42.0,0.755,,4.333333333333334,5,32,1,0,0,Informational,39.197027106700766,3,"tools, marketing tools, free"
email marketing tools free tips,92.0,0.755,,33.88888888888889,5,31,1,0,0,Informational,27.406160710390992,3,"tools, marketing tools, free"
email marketing tools free near me,117.0,0.755,,14.000000000000002,6,34,1,0,0,Commercial,35.377394178902776,3,"tools, marketing tools, free"
price email marketing tools free,57.0,0.755,,70.44444444444446,5,32,1,0,0,Commercial,12.761989410030052,3,"tools, marketing tools, free"
software email marketing tools free,2310.0,0.755,,10.555555555555555,5,35,1,0,0,Navigational,38.1304384812008,3,"tools, marketing tools, free"
course email marketing tools free,828.0,0.755,,19.11111111111111,5,33,1,0,0,Navigational,33.77882957893343,3,"tools, marketing tools, free"
examples email marketing tools free,367.0,0.755,,43.333333333333336,5,35,1,0,0,Informational,23.80083997513172,3,"tools, marketing tools, free"
email marketing tools free app,55.0,0.755,,48.666666666666664,5,30,1,0,0,Navigational,21.471846288104672,3,"tools, marketing tools, free"
review email marketing tools free,458.0,0.755,,2.666666666666667,5,33,1,0,0,Commercial,40.12457424495905,3,"tools, marketing tools, free"
checklist email marketing tools free,102.0,0.755,,71.88888888888889,5,36,1,0,0,Navigational,12.212431875573488,3,"tools, marketing tools, free"
email marketing tools free template,45.0,0.755,,7.111111111111111,5,35,1,0,0,Navigational,38.0877973451444,3,"tools, marketing tools, free"
ideas email marketing tools free,194.0,0.755,,29.22222222222222,5,32,1,0,0,Navigational,29.33679326191907,3,"tools, marketing tools, free"
email marketing tools free strategy,71.0,0.755,,31.11111111111111,5,35,1,0,0,Navigational,28.504102374618874,3,"tools, marketing tools, free"
free email marketing tools best,835.0,0.755,,60.44444444444444,5,31,1,0,0,Commercial,17.249886061227844,3,"tools, marketing tools, free"
how to free email marketing tools,533.0,0.755,,22.333333333333336,6,33,1,0,1,Informational,32.30494131716106,3,"tools, marketing tools, free"
free free email marketing tools,231.0,0.755,,36.666666666666664,5,31,1,0,0,Navigational,26.382218795316508,3,"tools, marketing tools, free"
free email marketing tools for beginners,243.0,0.755,,52.11111111111111,6,40,1,0,0,Navigational,20.211966415757722,3,"tools, marketing tools, free"
free email marketing tools tools,193.0,0.755,,50.33333333333333,5,32,1,0,0,Navigational,20.891721700956378,3,"tools, marketing tools, free"
2026 free email marketing tools,118.0,0.755,,39.22222222222222,5,31,1,1,0,Navigational,25.28913240653214,3,"tools, marketing tools, free"
free email marketing tools vs,22.0,0.755,,49.55555555555556,5,29,1,0,0,Commercial,21.095595887446898,3,"tools, marketing tools, free"
free email marketing tools guide,221.0,0.755,,66.66666666666666,5,32,1,0,0,Informational,14.375947630134023,3,"tools, marketing tools, free"
free email marketing tools tips,132.0,0.755,,31.444444444444443,5,31,1,0,0,Informational,28.409023148898736,3,"tools, marketing tools, free"
free email marketing tools near me,86.0,0.755,,44.111111111111114,6,34,1,0,0,Commercial,23.313509122392613,3,"tools, marketing tools, free"
price free email marketing tools,168.0,0.755,,50.77777777777778,5,32,1,0,0,Commercial,20.698266010222373,3,"tools, marketing tools, free"
free email marketing tools software,506.0,0.755,,95.44444444444446,5,35,1,0,0,Navigational,3.0435647267238903,3,"tools, marketing tools, free"
free email marketing tools course,41471.0,0.755,,20.22222222222222,5,33,1,0,0,Navigational,58.82228178568643,3,"tools, marketing tools, free"
examples free email marketing tools,207.0,0.755,,26.88888888888889,5,35,1,0,0,Informational,30.278279109989636,3,"tools, marketing tools, free"
free email marketing tools app,2061.0,0.755,,74.0,5,30,1,0,0,Navigational,12.596508690378993,3,"tools, marketing tools, free"
review free email marketing tools,1287.0,0.755,,64.77777777777777,5,33,1,0,0,Commercial,15.800009394143096,3,"tools, marketing tools, free"
free email marketing tools checklist,1579.0,0.755,,87.77777777777777,5,36,1,0,0,Navigational,6.783127417471826,3,"tools, marketing tools, free"
template free email marketing tools,272.0,0.755,,10.11111111111111,5,35,1,0,0,Navigational,37.03015279478694,3,"tools, marketing tools, free"
ideas free email marketing tools,438.0,0.755,,30.0,5,32,1,0,0,Navigational,29.178698581260733,3,"tools, marketing tools, free"
free email marketing tools strategy,35.0,0.755,,85.0,5,35,1,0,0,Navigational,6.9259706244063555,3,"tools, marketing tools, free"
best free mailer,44.0,0.755,,15.444444444444445,3,16,0,0,0,Commercial,34.753836895292814,1,"marketing, email marketing, email"
how to free mailer,101.0,0.755,,82.11111111111111,4,18,1,0,1,Informational,8.122915870166349,1,"marketing, email marketing, email"
free free mailer,240.0,0.755,,7.555555555555557,3,16,0,0,0,Navigational,38.03230728842519,1,"marketing, email marketing, email"
for beginners free mailer,87.0,0.755,,59.66666666666667,4,25,1,0,0,Navigational,17.09191401668864,1,"marketing, email marketing, email"
free mailer tools,100.0,0.755,,87.88888888888889,3,17,0,0,0,Navigational,5.811177642536992,1,"marketing, email marketing, email"
free mailer 2026,635.0,0.755,,82.11111111111111,3,16,0,1,0,Navigational,8.45779609091136,1,"marketing, email marketing, email"
vs free mailer,168.0,0.755,,99.11111111111111,3,14,0,0,0,Commercial,1.3649326768890355,0,"vs, sample, marketing sample"
guide free mailer,94.0,0.755,,79.22222222222221,3,17,0,0,0,Informational,9.274081610094163,1,"marketing, email marketing, email"
free mailer tips,147.0,0.755,,75.1111111111111,3,16,0,0,0,Informational,10.951763230005813,1,"marketing, email marketing, email"
near me free mailer,39.0,0.755,,96.66666666666667,4,19,1,0,0,Commercial,2.2618124238126835,1,"marketing, email marketing, email"
free mailer price,83.0,0.755,,55.22222222222223,3,17,0,0,0,Commercial,18.867183328393423,1,"marketing, email marketing, email"
free mailer software,24.0,0.755,,56.44444444444444,3,20,0,0,0,Navigational,18.34129456492784,7,"software, marketing software, strategy"
free mailer course,1954.0,0.755,,70.0,3,18,0,0,0,Navigational,14.129407222926346,1,"marketing, email marketing, email"
examples free mailer,232.0,0.755,,49.888888888888886,3,20,0,0,0,Informational,21.093957022945865,1,"marketing, email marketing, email"
app free mailer,379.0,0.755,,12.888888888888891,3,15,0,0,0,Navigational,35.98614315112848,1,"marketing, email marketing, email"
review free mailer,76.0,0.755,,85.44444444444446,3,18,0,0,0,Commercial,6.773904623876784,1,"marketing, email marketing, email"
free mailer checklist,2546.0,0.755,,71.77777777777777,3,21,0,0,0,Navigational,13.789549090618692,1,"marketing, email marketing, email"
template free mailer,27492.0,0.755,,27.77777777777778,3,20,0,0,0,Navigational,47.03359775486028,1,"marketing, email marketing, email"
ideas free mailer,1324.0,0.755,,91.88888888888889,3,17,0,0,0,Navigational,4.978768260873867,1,"marketing, email marketing, email"
strategy free mailer,59.0,0.755,,76.55555555555557,3,20,0,0,0,Navigational,10.318799198622102,1,"marketing, email marketing, email"
best email marketing positions,7241.0,0.755,,50.55555555555556,4,30,1,0,0,Commercial,25.22275003268702,1,"marketing, email marketing, email"
email marketing positions how to,2119.0,0.755,,48.44444444444444,5,32,1,0,1,Informational,22.855103670659663,1,"marketing, email marketing, email"
email marketing positions free,381.0,0.755,,70.55555555555556,4,30,1,0,0,Navigational,12.920730717498314,1,"marketing, email marketing, email"
for beginners email marketing positions,3614.0,0.755,,30.33333333333333,5,39,1,0,0,Navigational,31.03708730988649,1,"marketing, email marketing, email"
tools email marketing positions,1284.0,0.755,,33.0,4,31,1,0,0,Navigational,28.50923915569945,3,"tools, marketing tools, free"
email marketing positions 2026,843.0,0.755,,85.22222222222223,4,30,1,1,0,Navigational,7.343791882262721,1,"marketing, email marketing, email"
vs email marketing positions,1643.0,0.755,,29.22222222222222,4,28,1,0,0,Commercial,30.24548509686199,0,"vs, sample, marketing sample"
guide email marketing positions,56.0,0.755,,51.444444444444436,4,31,1,0,0,Informational,20.36136229351181,1,"marketing, email marketing, email"
tips email marketing positions,414.0,0.755,,97.33333333333333,4,30,1,0,0,Informational,2.2303144514894258,1,"marketing, email marketing, email"
near me email marketing positions,1497.0,0.755,,30.66666666666667,5,33,1,0,0,Commercial,29.576148307419846,1,"marketing, email marketing, email"
price email marketing positions,282.0,0.755,,32.22222222222222,4,31,1,0,0,Commercial,28.19197951552499,1,"marketing, email marketing, email"
email marketing positions software,3502.0,0.755,,7.333333333333333,4,34,1,0,0,Navigational,40.16685025984259,7,"software, marketing software, strategy"
course email marketing positions,984.0,0.755,,91.55555555555556,4,32,1,0,0,Navigational,4.89888197800251,2,"course, marketing course, email marketing"
examples email marketing positions,514.0,0.755,,29.22222222222222,4,34,1,0,0,Informational,29.537470547758776,1,"marketing, email marketing, email"
app email marketing positions,85.0,0.755,,4.444444444444445,4,29,1,0,0,Navigational,39.17954867254103,1,"marketing, email marketing, email"
review email marketing positions,688.0,0.755,,13.0,4,32,1,0,0,Commercial,36.135477710823004,1,"marketing, email marketing, email"
checklist email marketing positions,1080.0,0.755,,14.333333333333332,4,35,1,0,0,Navigational,35.84797405264331,1,"marketing, email marketing, email"
email marketing positions template,101.0,0.755,,32.77777777777778,4,34,1,0,0,Navigational,27.856249203499683,1,"marketing, email marketing, email"
ideas email marketing positions,340.0,0.755,,36.55555555555555,4,31,1,0,0,Navigational,26.495018940250105,1,"marketing, email marketing, email"
email marketing positions strategy,818.0,0.755,,27.77777777777778,4,34,1,0,0,Navigational,30.305891747084274,1,"marketing, email marketing, email"
jobs in email marketing best,118.0,0.755,,88.55555555555556,5,28,1,0,0,Commercial,5.5557990731988065,1,"marketing, email marketing, email"
how to jobs in email marketing,270.0,0.755,,96.55555555555556,6,30,1,0,1,Informational,2.451120783972664,1,"marketing, email marketing, email"
free jobs in email marketing,946.0,0.755,,82.22222222222221,5,28,1,0,0,Navigational,8.608384883642382,1,"marketing, email marketing, email"
jobs in email marketing for beginners,1620.0,0.755,,3.0000000000000004,6,37,1,0,0,Navigational,40.71995030583115,1,"marketing, email marketing, email"
tools jobs in email marketing,116.0,0.755,,35.0,5,29,1,0,0,Navigational,26.97676706238453,1,"marketing, email marketing, email"
jobs in email marketing 2026,3203.0,0.755,,21.0,5,28,1,1,0,Navigational,34.51267575421945,1,"marketing, email marketing, email"
jobs in email marketing vs,1445.0,0.755,,15.88888888888889,5,26,1,0,0,Commercial,35.45464935958201,0,"vs, sample, marketing sample"
jobs in email marketing guide,377.0,0.755,,90.88888888888889,5,29,1,0,0,Informational,4.784888918091987,1,"marketing, email marketing, email"
tips jobs in email marketing,931.0,0.755,,21.11111111111111,5,28,1,0,0,Informational,33.043422580313084,1,"marketing, email marketing, email"
jobs in email marketing near me,367.0,0.755,,61.111111111111114,6,31,1,0,0,Commercial,16.689728864020605,1,"marketing, email marketing, email"
jobs in email marketing price,121.0,0.755,,32.22222222222222,5,29,1,0,0,Commercial,28.091013756086884,1,"marketing, email marketing, email"
software jobs in email marketing,790.0,0.755,,17.11111111111111,5,32,1,0,0,Navigational,34.55499915123997,1,"marketing, email marketing, email"
jobs in email marketing course,28.0,0.755,,34.77777777777777,5,30,1,0,0,Navigational,27.0104696976675,2,"course, marketing course, email marketing"
examples jobs in email marketing,3594.0,0.755,,60.0,5,32,1,0,0,Informational,19.15787831285484,1,"marketing, email marketing, email"
jobs in email marketing app,1312.0,0.755,,29.888888888888886,5,27,1,0,0,Navigational,29.771242862654873,1,"marketing, email marketing, email"
jobs in email marketing review,201.0,0.755,,24.444444444444443,5,30,1,0,0,Commercial,31.25229418865792,1,"marketing, email marketing, email"
checklist jobs in email marketing,2410.0,0.755,,33.11111111111111,5,33,1,0,0,Navigational,29.170927910803474,1,"marketing, email marketing, email"
template jobs in email marketing,157.0,0.755,,75.88888888888889,5,32,1,0,0,Navigational,10.64692328407719,1,"marketing, email marketing, email"
ideas jobs in email marketing,432.0,0.755,,73.0,5,29,1,0,0,Navigational,11.974935882151241,1,"marketing, email marketing, email"
strategy jobs in email marketing,2406.0,0.755,,51.444444444444436,5,32,1,0,0,Navigational,21.835086111397153,1,"marketing, email marketing, email"
best email marketing job,271.0,0.755,,96.22222222222221,4,24,1,0,0,Commercial,2.5850812338242544,1,"marketing, email marketing, email"
email marketing job how to,4900.0,0.755,,90.66666666666666,5,26,1,0,1,Informational,7.710225819021474,1,"marketing, email marketing, email"
free email marketing job,3410.0,0.755,,25.555555555555554,4,24,1,0,0,Navigational,32.820266651274785,1,"marketing, email marketing, email"
for beginners email marketing job,592.0,0.755,,18.88888888888889,5,33,1,0,0,Navigational,33.71971896951554,1,"marketing, email marketing, email"
tools email marketing job,284.0,0.755,,25.0,4,25,1,0,0,Navigational,31.082122637450375,3,"tools, marketing tools, free"
2026 email marketing job,737.0,0.755,,51.11111111111111,4,24,1,1,0,Navigational,20.92176197577277,1,"marketing, email marketing, email"
email marketing job vs,409.0,0.755,,26.111111111111114,4,22,1,0,0,Commercial,30.716067757787062,0,"vs, sample, marketing sample"
email marketing job guide,888.0,0.755,,32.666666666666664,4,25,1,0,0,Informational,28.394234347806158,1,"marketing, email marketing, email"
email marketing job tips,83.0,0.755,,51.22222222222222,4,24,1,0,0,Informational,20.467183328393425,1,"marketing, email marketing, email"
email marketing job near me,936.0,0.755,,96.11111111111111,5,27,1,0,0,Commercial,3.0465581629043315,1,"marketing, email marketing, email"
price email marketing job,65.0,0.755,,70.44444444444446,4,25,1,0,0,Commercial,12.767006342176046,1,"marketing, email marketing, email"
email marketing job software,354.0,0.755,,83.66666666666667,4,28,1,0,0,Navigational,7.659354127061146,7,"software, marketing software, strategy"
course email marketing job,141.0,0.755,,96.00000000000001,4,26,1,0,0,Navigational,2.59244497534075,2,"course, marketing course, email marketing"
email marketing job examples,105.0,0.755,,32.44444444444445,4,28,1,0,0,Informational,27.992091002906005,1,"marketing, email marketing, email"
email marketing job app,308.0,0.755,,64.88888888888889,4,23,1,0,0,Navigational,15.1416178783328,1,"marketing, email marketing, email"
review email marketing job,1099.0,0.755,,20.666666666666668,4,26,1,0,0,Commercial,33.32655593315671,1,"marketing, email marketing, email"
email marketing job checklist,1278.0,0.755,,66.55555555555556,4,29,1,0,0,Navigational,15.083254234367741,1,"marketing, email marketing, email"
template email marketing job,1146.0,0.755,,13.777777777777775,4,28,1,0,0,Navigational,36.11158596506998,1,"marketing, email marketing, email"
ideas email marketing job,568.0,0.755,,42.77777777777778,4,25,1,0,0,Navigational,24.149112617522004,1,"marketing, email marketing, email"
email marketing job strategy,1155.0,0.755,,62.77777777777778,4,28,1,0,0,Navigational,16.517230013734217,1,"marketing, email marketing, email"
best emailing campaign,194.0,0.755,,27.111111111111107,3,22,0,0,0,Commercial,30.18123770636351,9,"campaign, email campaign, email"
emailing campaign how to,129.0,0.755,,62.11111111111111,4,24,1,0,1,Informational,16.140475132677327,9,"campaign, email campaign, email"
emailing campaign free,33.0,0.755,,68.55555555555556,3,22,0,0,0,Navigational,13.502494169147633,9,"campaign, email campaign, email"
emailing campaign for beginners,156.0,0.755,,64.22222222222221,4,31,1,0,0,Navigational,15.31296283422561,9,"campaign, email campaign, email"
tools emailing campaign,299.0,0.755,,23.666666666666668,3,23,0,0,0,Navigational,31.624862718557445,9,"campaign, email campaign, email"
emailing campaign 2026,1260.0,0.755,,39.111111111111114,3,22,0,1,0,Navigational,26.049743914817032,9,"campaign, email campaign, email"
vs emailing campaign,1614.0,0.755,,70.66666666666666,3,20,0,0,0,Commercial,13.649520940054993,9,"campaign, email campaign, email"
emailing campaign guide,53.0,0.755,,34.333333333333336,3,23,0,0,0,Informational,27.2039253884015,9,"campaign, email campaign, email"
tips emailing campaign,103.0,0.755,,62.0,3,22,0,0,0,Informational,16.168614547647294,9,"campaign, email campaign, email"
emailing campaign near me,25.0,0.755,,12.000000000000002,4,25,1,0,0,Commercial,36.11969945922387,9,"campaign, email campaign, email"
price emailing campaign,246.0,0.755,,1.9999999999999998,3,23,0,0,0,Commercial,40.25829220975691,9,"campaign, email campaign, email"
emailing campaign software,4117.0,0.755,,46.333333333333336,3,26,0,0,0,Navigational,24.952526918565773,9,"campaign, email campaign, email"
course emailing campaign,1022.0,0.755,,92.88888888888889,3,24,0,0,0,Navigational,4.389379072362644,9,"campaign, email campaign, email"
emailing campaign examples,249.0,0.755,,52.33333333333333,3,26,0,0,0,Informational,20.126840225978327,9,"campaign, email campaign, email"
app emailing campaign,7.0,0.755,,13.333333333333334,3,21,0,0,0,Navigational,35.57507802856205,9,"campaign, email campaign, email"
emailing campaign review,602.0,0.755,,53.0,3,24,0,0,0,Commercial,20.081545690253584,9,"campaign, email campaign, email"
emailing campaign checklist,213.0,0.755,,54.66666666666667,3,27,0,0,0,Navigational,19.170930697988023,9,"campaign, email campaign, email"
template emailing campaign,257.0,0.755,,38.666666666666664,3,26,0,0,0,Navigational,25.59852382479098,9,"campaign, email campaign, email"
emailing campaign ideas,246.0,0.755,,66.0,3,23,0,0,0,Navigational,14.65829220975691,9,"campaign, email campaign, email"
emailing campaign strategy,74.0,0.755,,92.33333333333333,3,26,0,0,0,Navigational,4.017094835284735,9,"campaign, email campaign, email"
email marketing jobs best,3451.0,0.755,,13.88888888888889,4,25,1,0,0,Commercial,37.51264509518967,1,"marketing, email marketing, email"
how to email marketing jobs,312.0,0.755,,3.555555555555555,5,27,1,0,1,Informational,39.67745967773912,1,"marketing, email marketing, email"
email marketing jobs free,458.0,0.755,,49.77777777777778,4,25,1,0,0,Navigational,21.280129800514604,1,"marketing, email marketing, email"
email marketing jobs for beginners,119.0,0.755,,60.777777777777786,5,34,1,0,0,Navigational,16.667537300828165,1,"marketing, email marketing, email"
email marketing jobs tools,462.0,0.755,,87.55555555555556,4,26,1,0,0,Navigational,6.1715271554764914,1,"marketing, email marketing, email"
email marketing jobs 2026,729.0,0.755,,71.44444444444444,4,25,1,1,0,Navigational,12.783411710293437,1,"marketing, email marketing, email"
email marketing jobs vs,30.0,0.755,,10.555555555555555,4,23,1,0,0,Commercial,36.700612819592884,0,"vs, sample, marketing sample"
email marketing jobs guide,938.0,0.755,,27.333333333333336,4,26,1,0,0,Informational,30.558923507051936,1,"marketing, email marketing, email"
email marketing jobs tips,59.0,0.755,,43.22222222222222,4,25,1,0,0,Informational,23.65213253195544,1,"marketing, email marketing, email"
email marketing jobs near me,57.0,0.755,,19.666666666666664,5,28,1,0,0,Commercial,33.07310052114117,1,"marketing, email marketing, email"
email marketing jobs price,2575.0,0.755,,49.33333333333333,4,26,1,0,0,Commercial,22.785513247425694,1,"marketing, email marketing, email"
software email marketing jobs,272.0,0.755,,23.444444444444446,4,29,1,0,0,Navigational,31.696819461453607,7,"software, marketing software, strategy"
email marketing jobs course,82.0,0.755,,99.0,4,27,1,0,0,Navigational,1.3554451007640616,1,"marketing, email marketing, email"
examples email marketing jobs,155.0,0.755,,32.333333333333336,4,29,1,0,0,Informational,28.06789127326291,1,"marketing, email marketing, email"
email marketing jobs app,285.0,0.755,,34.0,4,24,1,0,0,Navigational,27.482749753968616,1,"marketing, email marketing, email"
email marketing jobs review,84.0,0.755,,24.11111111111111,4,27,1,0,0,Commercial,31.31225488935612,1,"marketing, email marketing, email"
checklist email marketing jobs,55.0,0.755,,16.11111111111111,4,30,1,0,0,Navigational,34.49406851032689,1,"marketing, email marketing, email"
template email marketing jobs,562.0,0.755,,4.333333333333334,4,29,1,0,0,Navigational,39.52312769619029,1,"marketing, email marketing, email"
ideas email marketing jobs,1095.0,0.755,,8.777777777777779,4,26,1,0,0,Navigational,38.07960302263927,1,"marketing, email marketing, email"
strategy email marketing jobs,46.0,0.755,,90.22222222222223,4,29,1,0,0,Navigational,4.843980017218204,7,"software, marketing software, strategy"
best email marketing platform,2098.0,0.755,,48.00000000000001,4,29,1,0,0,Commercial,23.019712001554208,1,"marketing, email marketing, email"
how to email marketing platform,446.0,0.755,,54.66666666666667,5,31,1,0,1,Informational,19.317048846740057,1,"marketing, email marketing, email"
email marketing platform free,542.0,0.755,,37.888888888888886,4,29,1,0,0,Navigational,26.088363143603083,1,"marketing, email marketing, email"
for beginners email marketing platform,21.0,0.755,,92.44444444444446,5,38,1,0,0,Navigational,3.9394132153730816,1,"marketing, email marketing, email"
email marketing platform tools,365.0,0.755,,36.666666666666664,4,30,1,0,0,Navigational,26.466252408761886,1,"marketing, email marketing, email"
2026 email marketing platform,129.0,0.755,,44.888888888888886,4,29,1,1,0,Navigational,23.029364021566213,1,"marketing, email marketing, email"
vs email marketing platform,3012.0,0.755,,39.55555555555556,4,27,1,0,0,Commercial,26.970674277011646,0,"vs, sample, marketing sample"
guide email marketing platform,90.0,0.755,,58.666666666666664,4,30,1,0,0,Informational,17.493795366243386,1,"marketing, email marketing, email"
email marketing platform tips,560.0,0.755,,91.0,4,29,1,0,0,Informational,4.8552067964871215,1,"marketing, email marketing, email"
email marketing platform near me,644.0,0.755,,17.444444444444443,5,32,1,0,0,Commercial,34.33010680624227,1,"marketing, email marketing, email"
email marketing platform price,274.0,0.755,,15.666666666666668,4,30,1,0,0,Commercial,34.80918480560121,1,"marketing, email marketing, email"
email marketing platform software,74.0,0.755,,31.0,4,33,1,0,0,Navigational,28.550428168618065,7,"software, marketing software, strategy"
course email marketing platform,85.0,0.755,,7.333333333333333,4,31,1,0,0,Navigational,38.02399311698548,2,"course, marketing course, email marketing"
email marketing platform examples,1839.0,0.755,,18.666666666666668,4,33,1,0,0,Informational,34.590622156661034,1,"marketing, email marketing, email"
email marketing platform app,1545.0,0.755,,68.66666666666667,4,28,1,0,0,Navigational,14.406249900295798,1,"marketing, email marketing, email"
review email marketing platform,250.0,0.755,,30.555555555555557,4,31,1,0,0,Commercial,28.83857845360768,1,"marketing, email marketing, email"
checklist email marketing platform,592.0,0.755,,91.55555555555556,4,34,1,0,0,Navigational,4.65305230284887,1,"marketing, email marketing, email"
template email marketing platform,3878.0,0.755,,50.0,4,33,1,0,0,Navigational,23.335979404037577,1,"marketing, email marketing, email"
ideas email marketing platform,694.0,0.755,,31.77777777777778,4,30,1,0,0,Navigational,28.628129298821385,1,"marketing, email marketing, email"
email marketing platform strategy,153.0,0.755,,38.55555555555556,4,33,1,0,0,Navigational,25.57774815133752,1,"marketing, email marketing, email"
best email marketing platforms,201.0,0.755,,79.8888888888889,4,30,1,0,0,Commercial,9.074516410880145,1,"marketing, email marketing, email"
how to email marketing platforms,10919.0,0.755,,51.0,5,32,1,0,1,Informational,27.351506809029363,1,"marketing, email marketing, email"
free email marketing platforms,321.0,0.755,,70.88888888888889,4,30,1,0,0,Navigational,12.749770393070037,1,"marketing, email marketing, email"
for beginners email marketing platforms,314.0,0.755,,38.333333333333336,5,39,1,0,0,Navigational,25.76760279966452,1,"marketing, email marketing, email"
email marketing platforms tools,347.0,0.755,,43.55555555555556,4,31,1,0,0,Navigational,23.699408755877847,1,"marketing, email marketing, email"
email marketing platforms 2026,1478.0,0.755,,0.6666666666666663,4,30,1,1,0,Navigational,41.56423309357311,1,"marketing, email marketing, email"
vs email marketing platforms,1988.0,0.755,,52.33333333333333,4,28,1,0,0,Commercial,21.21739585121348,0,"vs, sample, marketing sample"
email marketing platforms guide,117.0,0.755,,24.88888888888889,4,31,1,0,0,Informational,31.02183862334722,1,"marketing, email marketing, email"
email marketing platforms tips,318.0,0.755,,96.22222222222221,4,30,1,0,0,Informational,2.614555710181961,1,"marketing, email marketing, email"
near me email marketing platforms,8.0,0.755,,55.55555555555556,5,33,1,0,0,Commercial,18.686816256191406,1,"marketing, email marketing, email"
price email marketing platforms,1466.0,0.755,,72.55555555555556,4,31,1,0,0,Commercial,12.801152139798566,1,"marketing, email marketing, email"
email marketing platforms software,118.0,0.755,,80.66666666666666,4,34,1,0,0,Navigational,8.711354628754368,7,"software, marketing software, strategy"
email marketing platforms course,442.0,0.755,,8.111111111111112,4,32,1,0,0,Navigational,37.93676260288928,1,"marketing, email marketing, email"
examples email marketing platforms,921.0,0.755,,51.88888888888889,4,34,1,0,0,Informational,20.726040304019484,1,"marketing, email marketing, email"
email marketing platforms app,521.0,0.755,,20.555555555555554,4,29,1,0,0,Navigational,33.00852703005319,1,"marketing, email marketing, email"
review email marketing platforms,10.0,0.755,,75.1111111111111,4,32,1,0,0,Commercial,10.86584826700569,1,"marketing, email marketing, email"
email marketing platforms checklist,932.0,0.755,,69.8888888888889,4,35,1,0,0,Navigational,13.532938585720222,1,"marketing, email marketing, email"
email marketing platforms template,2187.0,0.755,,18.555555555555557,4,34,1,0,0,Navigational,34.85330314945615,1,"marketing, email marketing, email"
ideas email marketing platforms,1210.0,0.755,,18.22222222222222,4,31,1,0,0,Navigational,34.373943644460134,1,"marketing, email marketing, email"
email marketing platforms strategy,1835.0,0.755,,87.22222222222223,4,34,1,0,0,Navigational,7.165891468365813,1,"marketing, email marketing, email"
best email marketing software,127.0,0.755,,97.66666666666667,4,29,1,0,0,Commercial,1.9169986774186027,7,"software, marketing software, strategy"
email marketing software how to,3210.0,0.755,,17.22222222222222,5,31,1,0,1,Informational,36.0281766809583,7,"software, marketing software, strategy"
email marketing software free,71759.0,0.755,,82.77777777777777,4,29,1,0,0,Navigational,52.7941646681924,7,"software, marketing software, strategy"
email marketing software for beginners,464.0,0.755,,85.44444444444446,5,38,1,0,0,Navigational,7.017225832957428,7,"software, marketing software, strategy"
email marketing software tools,3575.0,0.755,,15.0,4,30,1,0,0,Navigational,37.14596309900811,7,"software, marketing software, strategy"
email marketing software 2026,693.0,0.755,,3.0000000000000004,4,29,1,1,0,Navigational,40.13861329341425,7,"software, marketing software, strategy"
email marketing software vs,55.0,0.755,,88.77777777777779,4,27,1,0,0,Commercial,5.4274018436602205,7,"software, marketing software, strategy"
email marketing software guide,73.0,0.755,,42.333333333333336,4,30,1,0,0,Informational,24.01646771876649,7,"software, marketing software, strategy"
tips email marketing software,1002.0,0.755,,47.88888888888889,4,29,1,0,0,Informational,22.37683674199766,7,"software, marketing software, strategy"
near me email marketing software,80.0,0.755,,40.44444444444444,5,32,1,0,0,Commercial,24.776413089949788,7,"software, marketing software, strategy"
price email marketing software,124.0,0.755,,35.55555555555556,4,30,1,0,0,Commercial,26.7595617723083,7,"software, marketing software, strategy"
software email marketing software,386.0,0.755,,91.0,4,33,1,0,0,Navigational,4.746088522311781,7,"software, marketing software, strategy"
email marketing software course,9725.0,0.755,,6.555555555555556,4,31,1,0,0,Navigational,44.38050746401773,7,"software, marketing software, strategy"
email marketing software examples,2741.0,0.755,,44.44444444444444,4,33,1,0,0,Informational,24.845170145010595,7,"software, marketing software, strategy"
app email marketing software,650.0,0.755,,71.33333333333334,4,28,1,0,0,Navigational,12.778313949796205,7,"software, marketing software, strategy"
review email marketing software,3243.0,0.755,,55.333333333333336,4,31,1,0,0,Commercial,20.804427081616076,7,"software, marketing software, strategy"
email marketing software checklist,240.0,0.755,,79.77777777777777,4,34,1,0,0,Navigational,9.143418399536309,7,"software, marketing software, strategy"
email marketing software template,336.0,0.755,,78.77777777777779,4,33,1,0,0,Navigational,9.603621585288213,7,"software, marketing software, strategy"
ideas email marketing software,225.0,0.755,,61.88888888888889,4,30,1,0,0,Navigational,16.28956720731812,7,"software, marketing software, strategy"
email marketing software strategy,143.0,0.755,,74.11111111111111,4,33,1,0,0,Navigational,11.349254763932809,7,"software, marketing software, strategy"
best e mail marketing course,1567.0,0.755,,6.777777777777777,5,28,1,0,0,Commercial,39.175602019252835,2,"course, marketing course, email marketing"
e mail marketing course how to,2550.0,0.755,,2.4444444444444446,6,30,1,0,1,Informational,41.525390890025015,2,"course, marketing course, email marketing"
free e mail marketing course,1054.0,0.755,,56.888888888888886,5,28,1,0,0,Navigational,18.809446800946613,2,"course, marketing course, email marketing"
e mail marketing course for beginners,83.0,0.755,,87.66666666666667,6,37,1,0,0,Navigational,5.889405550615642,2,"course, marketing course, email marketing"
tools e mail marketing course,855.0,0.755,,65.55555555555556,5,29,1,0,0,Navigational,15.217983947148381,2,"course, marketing course, email marketing"
e mail marketing course 2026,831.0,0.755,,31.333333333333336,5,28,1,1,0,Navigational,28.89182203959929,2,"course, marketing course, email marketing"
e mail marketing course vs,2156.0,0.755,,66.0,5,26,1,0,0,Commercial,15.856084759612656,2,"course, marketing course, email marketing"
guide e mail marketing course,200.0,0.755,,14.666666666666666,5,29,1,0,0,Informational,35.16277818325078,2,"course, marketing course, email marketing"
e mail marketing course tips,674.0,0.755,,16.555555555555554,5,28,1,0,0,Informational,34.704475857345294,2,"course, marketing course, email marketing"
near me e mail marketing course,729.0,0.755,,89.66666666666667,6,31,1,0,0,Commercial,5.494522821404549,2,"course, marketing course, email marketing"
e mail marketing course price,281.0,0.755,,47.11111111111111,5,29,1,0,0,Commercial,22.23579684345119,2,"course, marketing course, email marketing"
software e mail marketing course,1335.0,0.755,,72.0,5,32,1,0,0,Navigational,12.941222098130162,2,"course, marketing course, email marketing"
course e mail marketing course,145.0,0.755,,65.33333333333333,5,30,1,0,0,Navigational,14.861620108080423,2,"course, marketing course, email marketing"
e mail marketing course examples,110.0,0.755,,15.666666666666668,5,32,1,0,0,Informational,34.706337696608365,2,"course, marketing course, email marketing"
app e mail marketing course,150.0,0.755,,27.333333333333336,5,27,1,0,0,Navigational,30.064755690671657,2,"course, marketing course, email marketing"
e mail marketing course review,136.0,0.755,,87.55555555555556,5,30,1,0,0,Commercial,5.967087170527291,2,"course, marketing course, email marketing"
e mail marketing course checklist,9297.0,0.755,,15.111111111111114,5,33,1,0,0,Navigational,40.68987937198491,2,"course, marketing course, email marketing"
e mail marketing course template,430.0,0.755,,51.11111111111111,5,32,1,0,0,Navigational,20.7292372046703,2,"course, marketing course, email marketing"
e mail marketing course ideas,178.0,0.755,,59.22222222222222,5,29,1,0,0,Navigational,17.326759397627086,2,"course, marketing course, email marketing"
e mail marketing course strategy,42.0,0.755,,3.0000000000000004,5,32,1,0,0,Navigational,39.7303604400341,2,"course, marketing course, email marketing"
email marketing definition best,818.0,0.755,,57.55555555555555,4,31,1,0,0,Commercial,18.394780635973166,1,"marketing, email marketing, email"
how to email marketing definition,3995.0,0.755,,30.22222222222223,5,33,1,0,1,Informational,31.320463147783823,1,"marketing, email marketing, email"
email marketing definition free,199.0,0.755,,11.0,4,31,1,0,0,Informational,36.6288177333992,1,"marketing, email marketing, email"
email marketing definition for beginners,357.0,0.755,,1.9999999999999998,5,40,1,0,0,Informational,40.32790214328256,1,"marketing, email marketing, email"
tools email marketing definition,13.0,0.755,,52.77777777777778,4,32,1,0,0,Informational,19.801062949893762,3,"tools, marketing tools, free"
email marketing definition 2026,461.0,0.755,,82.44444444444444,4,31,1,1,0,Informational,8.215344483402687,1,"marketing, email marketing, email"
email marketing definition vs,234.0,0.755,,17.444444444444443,4,29,1,0,0,Commercial,34.072989033760145,0,"vs, sample, marketing sample"
email marketing definition guide,231.0,0.755,,23.555555555555554,4,32,1,0,0,Informational,31.626663239760955,1,"marketing, email marketing, email"
tips email marketing definition,308.0,0.755,,49.55555555555556,4,31,1,0,0,Informational,21.274951211666135,1,"marketing, email marketing, email"
near me email marketing definition,73.0,0.755,,97.0,5,34,1,0,0,Commercial,2.1498010520998205,1,"marketing, email marketing, email"
email marketing definition price,330.0,0.755,,86.44444444444444,4,32,1,0,0,Commercial,6.533192219512056,1,"marketing, email marketing, email"
email marketing definition software,822.0,0.755,,53.333333333333336,4,35,1,0,0,Informational,20.08617799093505,7,"software, marketing software, strategy"
course email marketing definition,1008.0,0.755,,27.111111111111107,4,33,1,0,0,Informational,30.691710552218264,2,"course, marketing course, email marketing"
email marketing definition examples,80.0,0.755,,77.11111111111111,4,35,1,0,0,Informational,10.109746423283116,1,"marketing, email marketing, email"
email marketing definition app,201.0,0.755,,13.111111111111112,4,30,1,0,0,Informational,35.78562752199125,1,"marketing, email marketing, email"
email marketing definition review,144.0,0.755,,32.11111111111111,4,33,1,0,0,Commercial,28.149881880451055,1,"marketing, email marketing, email"
checklist email marketing definition,582.0,0.755,,11.444444444444445,4,36,1,0,0,Informational,36.69122558211082,1,"marketing, email marketing, email"
email marketing definition template,1235.0,0.755,,24.555555555555557,4,35,1,0,0,Informational,31.85628822408303,1,"marketing, email marketing, email"
email marketing definition ideas,643.0,0.755,,73.33333333333333,4,32,1,0,0,Informational,11.973924134168465,1,"marketing, email marketing, email"
strategy email marketing definition,47.0,0.755,,55.111111111111114,4,35,1,0,0,Informational,18.8890515781809,7,"software, marketing software, strategy"
best free email marketing tool,50.0,0.755,,50.33333333333333,5,30,1,0,0,Commercial,20.80204403884676,1,"marketing, email marketing, email"
free email marketing tool how to,891.0,0.755,,36.55555555555555,6,32,1,0,1,Informational,26.840560141805348,1,"marketing, email marketing, email"
free email marketing tool free,213.0,0.755,,35.55555555555556,5,30,1,0,0,Navigational,26.81537514243247,1,"marketing, email marketing, email"
free email marketing tool for beginners,15.0,0.755,,28.333333333333332,6,39,1,0,0,Navigational,29.58009496070804,1,"marketing, email marketing, email"
free email marketing tool tools,762.0,0.755,,25.0,5,31,1,0,0,Navigational,31.38188433317344,3,"tools, marketing tools, free"
2026 free email marketing tool,278.0,0.755,,70.33333333333333,5,30,1,1,0,Navigational,12.94502660500755,1,"marketing, email marketing, email"
vs free email marketing tool,158.0,0.755,,15.999999999999998,5,28,1,0,0,Commercial,34.603105956151,0,"vs, sample, marketing sample"
guide free email marketing tool,372.0,0.755,,57.55555555555555,5,31,1,0,0,Informational,18.115086668834078,1,"marketing, email marketing, email"
free email marketing tool tips,396.0,0.755,,84.88888888888889,5,30,1,0,0,Informational,7.196804131938721,1,"marketing, email marketing, email"
free email marketing tool near me,130.0,0.755,,7.555555555555557,6,33,1,0,0,Commercial,37.96332447141779,1,"marketing, email marketing, email"
price free email marketing tool,593.0,0.755,,67.22222222222223,5,31,1,0,0,Commercial,14.387012752700452,1,"marketing, email marketing, email"
software free email marketing tool,378.0,0.755,,88.33333333333333,5,34,1,0,0,Navigational,5.807738256832458,7,"software, marketing software, strategy"
free email marketing tool course,5118.0,0.755,,21.11111111111111,5,32,1,0,0,Navigational,35.66915944222199,1,"marketing, email marketing, email"
examples free email marketing tool,104.0,0.755,,39.77777777777777,5,34,1,0,0,Informational,25.05813055305443,1,"marketing, email marketing, email"
app free email marketing tool,196.0,0.755,,70.0,5,29,1,0,0,Navigational,13.02693638384446,1,"marketing, email marketing, email"
free email marketing tool review,2055.0,0.755,,97.33333333333333,5,32,1,0,0,Commercial,3.2594126579361684,1,"marketing, email marketing, email"
checklist free email marketing tool,1241.0,0.755,,32.333333333333336,5,35,1,0,0,Navigational,28.74893981208141,1,"marketing, email marketing, email"
free email marketing tool template,312.0,0.755,,51.22222222222222,5,34,1,0,0,Navigational,20.610793011072463,1,"marketing, email marketing, email"
free email marketing tool ideas,1357.0,0.755,,10.88888888888889,5,31,1,0,0,Navigational,37.39946310597608,1,"marketing, email marketing, email"
strategy free email marketing tool,1310.0,0.755,,26.555555555555554,5,34,1,0,0,Navigational,31.103321962951714,1,"marketing, email marketing, email"
courses on email marketing best,1917.0,0.755,,64.88888888888889,5,31,1,0,0,Commercial,16.15064835619557,1,"marketing, email marketing, email"
courses on email marketing how to,3453.0,0.755,,22.11111111111111,6,33,1,0,1,Informational,34.225010439337275,1,"marketing, email marketing, email"
courses on email marketing free,398.0,0.755,,27.333333333333336,5,31,1,0,0,Navigational,30.22028058719743,1,"marketing, email marketing, email"
for beginners courses on email marketing,1136.0,0.755,,46.333333333333336,6,40,1,0,0,Navigational,23.083092577665262,1,"marketing, email marketing, email"
tools courses on email marketing,941.0,0.755,,41.66666666666667,5,32,1,0,0,Navigational,24.827471523273353,1,"marketing, email marketing, email"
2026 courses on email marketing,495.0,0.755,,15.555555555555555,5,31,1,1,0,Navigational,34.99222200057871,1,"marketing, email marketing, email"
vs courses on email marketing,690.0,0.755,,57.88888888888889,5,29,1,0,0,Commercial,18.18117638830395,0,"vs, sample, marketing sample"
courses on email marketing guide,1322.0,0.755,,27.333333333333336,5,32,1,0,0,Informational,30.799736250059585,1,"marketing, email marketing, email"
courses on email marketing tips,134.0,0.755,,66.0,5,31,1,0,0,Informational,14.588055159713011,1,"marketing, email marketing, email"
courses on email marketing near me,4.0,0.755,,87.44444444444444,6,34,1,0,0,Commercial,5.928752234562855,1,"marketing, email marketing, email"
price courses on email marketing,787.0,0.755,,99.66666666666667,5,32,1,0,0,Commercial,1.530895579462996,1,"marketing, email marketing, email"
courses on email marketing software,643.0,0.755,,72.88888888888889,5,35,1,0,0,Navigational,12.151701911946244,7,"software, marketing software, strategy"
courses on email marketing course,10.0,0.755,,40.0,5,33,1,0,0,Navigational,24.910292711450126,2,"course, marketing course, email marketing"
examples courses on email marketing,504.0,0.755,,77.55555555555556,5,35,1,0,0,Informational,10.197866049242952,1,"marketing, email marketing, email"
app courses on email marketing,3836.0,0.755,,13.444444444444445,5,30,1,0,0,Navigational,37.93186273249333,1,"marketing, email marketing, email"
courses on email marketing review,4100.0,0.755,,34.66666666666667,5,33,1,0,0,Commercial,29.608532604422205,1,"marketing, email marketing, email"
checklist courses on email marketing,1255.0,0.755,,56.666666666666664,5,36,1,0,0,Navigational,19.02438611000357,1,"marketing, email marketing, email"
courses on email marketing template,6875.0,0.755,,14.888888888888888,5,35,1,0,0,Navigational,39.25989205367452,1,"marketing, email marketing, email"
courses on email marketing ideas,339.0,0.755,,7.000000000000001,5,32,1,0,0,Navigational,38.316614045954076,1,"marketing, email marketing, email"
courses on email marketing strategy,210.0,0.755,,41.0,5,35,1,0,0,Navigational,24.63571601509995,7,"software, marketing software, strategy"
email-marketing course best,176.0,0.755,,90.88888888888889,3,27,0,0,0,Commercial,4.658838497923921,2,"course, marketing course, email marketing"
how to email-marketing course,978.0,0.755,,63.888888888888886,4,29,1,0,1,Informational,15.961785945559685,2,"course, marketing course, email marketing"
email-marketing course free,6369.0,0.755,,7.111111111111111,3,27,0,0,0,Navigational,42.0536822065516,2,"course, marketing course, email marketing"
email-marketing course for beginners,85.0,0.755,,11.11111111111111,4,36,1,0,0,Navigational,36.51288200587437,2,"course, marketing course, email marketing"
email-marketing course tools,645.0,0.755,,92.44444444444446,3,28,0,0,0,Navigational,4.330733922760508,2,"course, marketing course, email marketing"
2026 email-marketing course,162.0,0.755,,93.22222222222223,3,27,0,1,0,Navigational,3.716725533335097,2,"course, marketing course, email marketing"
vs email-marketing course,378.0,0.755,,43.888888888888886,3,25,0,0,0,Commercial,23.585516034610237,2,"course, marketing course, email marketing"
email-marketing course guide,283.0,0.755,,70.88888888888889,3,28,0,0,0,Informational,12.72593996537657,2,"course, marketing course, email marketing"
tips email-marketing course,501.0,0.755,,0.5555555555555556,3,27,0,0,0,Informational,40.9959846996882,2,"course, marketing course, email marketing"
email-marketing course near me,97.0,0.755,,65.55555555555556,4,30,1,0,0,Commercial,14.742629626315576,2,"course, marketing course, email marketing"
email-marketing course price,17695.0,0.755,,96.66666666666667,3,28,0,0,0,Commercial,13.334181670018474,2,"course, marketing course, email marketing"
software email-marketing course,123.0,0.755,,68.44444444444444,3,31,0,0,0,Navigational,13.603379100234497,2,"course, marketing course, email marketing"
email-marketing course course,506.0,0.755,,31.555555555555554,3,29,0,0,0,Navigational,28.59912028227945,2,"course, marketing course, email marketing"
email-marketing course examples,98.0,0.755,,75.77777777777777,3,31,0,0,0,Informational,10.65436785394494,2,"course, marketing course, email marketing"
email-marketing course app,158.0,0.755,,81.44444444444444,3,26,0,0,0,Navigational,8.425328178373215,2,"course, marketing course, email marketing"
review email-marketing course,301.0,0.755,,57.88888888888889,3,29,0,0,0,Commercial,17.937228062705053,2,"course, marketing course, email marketing"
checklist email-marketing course,132.0,0.755,,42.77777777777778,3,32,0,0,0,Navigational,23.875689815565405,2,"course, marketing course, email marketing"
email-marketing course template,2035.0,0.755,,55.22222222222223,3,31,0,0,0,Navigational,20.09131477201563,2,"course, marketing course, email marketing"
ideas email-marketing course,603.0,0.755,,41.11111111111111,3,28,0,0,0,Navigational,24.83772836232739,2,"course, marketing course, email marketing"
email-marketing course strategy,120.0,0.755,,90.88888888888889,3,31,0,0,0,Navigational,4.623719972901973,2,"course, marketing course, email marketing"
best email marketing free tools,107.0,0.755,,33.22222222222222,5,31,1,0,0,Commercial,27.6822341248314,3,"tools, marketing tools, free"
how to email marketing free tools,620.0,0.755,,15.555555555555555,6,33,1,0,1,Informational,35.07061156535984,3,"tools, marketing tools, free"
free email marketing free tools,236.0,0.755,,39.44444444444444,5,31,1,0,0,Navigational,25.274243266796642,3,"tools, marketing tools, free"
email marketing free tools for beginners,656.0,0.755,,77.55555555555556,6,40,1,0,0,Navigational,10.293187760016814,3,"tools, marketing tools, free"
email marketing free tools tools,13.0,0.755,,8.666666666666668,5,32,1,0,0,Navigational,37.44550739433821,3,"tools, marketing tools, free"
2026 email marketing free tools,1366.0,0.755,,27.88888888888889,5,31,1,1,0,Navigational,30.605107154640326,3,"tools, marketing tools, free"
vs email marketing free tools,358.0,0.755,,66.22222222222221,5,29,1,0,0,Commercial,14.639640370911925,3,"tools, marketing tools, free"
email marketing free tools guide,83.0,0.755,,63.55555555555556,5,32,1,0,0,Informational,15.53384999506009,3,"tools, marketing tools, free"
email marketing free tools tips,47.0,0.755,,51.88888888888889,5,31,1,0,0,Informational,20.177940467069785,3,"tools, marketing tools, free"
near me email marketing free tools,91.0,0.755,,36.333333333333336,6,34,1,0,0,Commercial,26.427755816094972,3,"tools, marketing tools, free"
email marketing free tools price,4489.0,0.755,,86.00000000000001,5,32,1,0,0,Commercial,9.319147596687763,3,"tools, marketing tools, free"
software email marketing free tools,42.0,0.755,,100.0,5,35,1,0,0,Navigational,0.9303604400340979,3,"tools, marketing tools, free"
email marketing free tools course,242.0,0.755,,69.22222222222221,5,33,1,0,0,Navigational,13.366894854795028,3,"tools, marketing tools, free"
email marketing free tools examples,56.0,0.755,,79.22222222222221,5,35,1,0,0,Informational,9.250251182400698,3,"tools, marketing tools, free"
email marketing free tools app,112.0,0.755,,71.00000000000001,5,30,1,0,0,Navigational,12.574258596311527,3,"tools, marketing tools, free"
review email marketing free tools,410.0,0.755,,21.666666666666668,5,33,1,0,0,Commercial,32.4944726520831,3,"tools, marketing tools, free"
email marketing free tools checklist,1211.0,0.755,,32.44444444444445,5,36,1,0,0,Navigational,28.685681872089493,3,"tools, marketing tools, free"
template email marketing free tools,1435.0,0.755,,39.0,5,35,1,0,0,Navigational,26.203933749955066,3,"tools, marketing tools, free"
email marketing free tools ideas,910.0,0.755,,34.111111111111114,5,32,1,0,0,Navigational,27.830253133429856,3,"tools, marketing tools, free"
email marketing free tools strategy,7828.0,0.755,,75.77777777777777,5,35,1,0,0,Navigational,15.501978540010345,3,"tools, marketing tools, free"
best email marketing class,225.0,0.755,,15.333333333333336,4,26,1,0,0,Commercial,34.91178942954035,1,"marketing, email marketing, email"
email marketing class how to,6777.0,0.755,,85.88888888888889,5,28,1,0,1,Informational,10.798434634886112,1,"marketing, email marketing, email"
email marketing class free,147.0,0.755,,80.1111111111111,4,26,1,0,0,Navigational,8.951763230005811,1,"marketing, email marketing, email"
for beginners email marketing class,204.0,0.755,,22.77777777777778,5,35,1,0,0,Navigational,31.920842204879342,1,"marketing, email marketing, email"
tools email marketing class,21.0,0.755,,23.666666666666668,4,27,1,0,0,Navigational,31.450524326484196,3,"tools, marketing tools, free"
2026 email marketing class,19.0,0.755,,15.88888888888889,4,26,1,1,0,Navigational,34.560381204558816,1,"marketing, email marketing, email"
email marketing class vs,89.0,0.755,,0.8888888888888887,4,24,1,0,0,Commercial,40.60427936083625,0,"vs, sample, marketing sample"
email marketing class guide,1561.0,0.755,,62.66666666666667,4,27,1,0,0,Informational,16.816283764587787,1,"marketing, email marketing, email"
email marketing class tips,298.0,0.755,,41.22222222222222,4,26,1,0,0,Informational,24.602013379816974,1,"marketing, email marketing, email"
email marketing class near me,44.0,0.755,,91.11111111111111,5,29,1,0,0,Commercial,4.487170228626153,1,"marketing, email marketing, email"
email marketing class price,985.0,0.755,,33.33333333333333,4,27,1,0,0,Commercial,28.18839798340965,1,"marketing, email marketing, email"
software email marketing class,104.0,0.755,,0.6666666666666663,4,30,1,0,0,Navigational,40.70257499749887,7,"software, marketing software, strategy"
course email marketing class,528.0,0.755,,22.333333333333336,4,28,1,0,0,Navigational,32.30180573456982,2,"course, marketing course, email marketing"
email marketing class examples,1644.0,0.755,,21.77777777777778,4,30,1,0,0,Informational,33.22388999115801,1,"marketing, email marketing, email"
app email marketing class,606.0,0.755,,44.0,4,25,1,0,0,Navigational,23.684054156326585,1,"marketing, email marketing, email"
review email marketing class,566.0,0.755,,23.444444444444446,4,28,1,0,0,Commercial,31.881191717818837,1,"marketing, email marketing, email"
checklist email marketing class,44.0,0.755,,29.11111111111111,4,31,1,0,0,Navigational,29.287170228626145,1,"marketing, email marketing, email"
template email marketing class,1014.0,0.755,,92.0,4,30,1,0,0,Navigational,4.7399176957722045,1,"marketing, email marketing, email"
ideas email marketing class,448.0,0.755,,60.88888888888888,4,27,1,0,0,Navigational,16.829414190887675,1,"marketing, email marketing, email"
email marketing class strategy,1309.0,0.755,,0.777777777777778,4,30,1,0,0,Navigational,41.413805957544575,1,"marketing, email marketing, email"
best email marketing in digital marketing,854.0,0.755,,19.77777777777778,6,41,1,0,0,Commercial,33.52846794174124,1,"marketing, email marketing, email"
how to email marketing in digital marketing,30.0,0.755,,24.11111111111111,7,43,1,0,1,Informational,31.278390597370663,1,"marketing, email marketing, email"
email marketing in digital marketing free,1396.0,0.755,,99.8888888888889,6,41,1,0,0,Navigational,1.823920650187793,1,"marketing, email marketing, email"
email marketing in digital marketing for beginners,2425.0,0.755,,22.555555555555557,7,50,1,0,0,Navigational,33.40255688079944,1,"marketing, email marketing, email"
email marketing in digital marketing tools,102.0,0.755,,27.444444444444443,6,42,1,0,0,Navigational,29.990209653351265,3,"tools, marketing tools, free"
2026 email marketing in digital marketing,592.0,0.755,,16.88888888888889,6,41,1,1,0,Navigational,34.51971896951554,1,"marketing, email marketing, email"
email marketing in digital marketing vs,184.0,0.755,,51.33333333333334,6,39,1,0,0,Commercial,20.486077652292135,0,"vs, sample, marketing sample"
guide email marketing in digital marketing,3221.0,0.755,,29.444444444444446,6,42,1,0,0,Informational,31.14618607377015,1,"marketing, email marketing, email"
email marketing in digital marketing tips,116.0,0.755,,22.333333333333336,6,41,1,0,0,Informational,32.04343372905119,1,"marketing, email marketing, email"
email marketing in digital marketing near me,454.0,0.755,,17.444444444444443,7,44,1,0,0,Commercial,34.21095466777494,1,"marketing, email marketing, email"
price email marketing in digital marketing,1032.0,0.755,,41.333333333333336,6,42,1,0,0,Commercial,25.01787245976736,1,"marketing, email marketing, email"
software email marketing in digital marketing,218.0,0.755,,41.22222222222222,6,45,1,0,0,Navigational,24.551844058357048,7,"software, marketing software, strategy"
course email marketing in digital marketing,48.0,0.755,,55.55555555555556,6,43,1,0,0,Navigational,18.71190091692137,1,"marketing, email marketing, email"
examples email marketing in digital marketing,503.0,0.755,,56.333333333333336,6,45,1,0,0,Informational,18.686127821613592,1,"marketing, email marketing, email"
email marketing in digital marketing app,541.0,0.755,,45.0,6,40,1,0,0,Navigational,23.243291582640392,1,"marketing, email marketing, email"
email marketing in digital marketing review,724.0,0.755,,17.22222222222222,6,43,1,0,0,Commercial,34.46916501659108,1,"marketing, email marketing, email"
checklist email marketing in digital marketing,365.0,0.755,,92.66666666666667,6,46,1,0,0,Navigational,4.066252408761882,1,"marketing, email marketing, email"
template email marketing in digital marketing,241.0,0.755,,62.22222222222222,6,45,1,0,0,Navigational,16.166267738276776,1,"marketing, email marketing, email"
email marketing in digital marketing ideas,257.0,0.755,,4.222222222222223,6,42,1,0,0,Navigational,39.37630160256876,1,"marketing, email marketing, email"
email marketing in digital marketing strategy,33.0,0.755,,30.0,6,45,1,0,0,Navigational,28.924716391369852,7,"software, marketing software, strategy"
email marketing course best,59.0,0.755,,50.0,4,27,1,0,0,Commercial,20.941021420844333,2,"course, marketing course, email marketing"
email marketing course how to,215.0,0.755,,62.11111111111111,5,29,1,0,1,Informational,16.194407153246747,2,"course, marketing course, email marketing"
free email marketing course,125.0,0.755,,83.44444444444444,4,27,1,0,0,Navigational,7.604633333270995,2,"course, marketing course, email marketing"
for beginners email marketing course,7.0,0.755,,65.88888888888889,5,36,1,0,0,Navigational,14.552855806339826,2,"course, marketing course, email marketing"
email marketing course tools,2304.0,0.755,,0.33333333333333315,4,28,1,0,0,Navigational,42.21556467098019,2,"course, marketing course, email marketing"
email marketing course 2026,44.0,0.755,,99.11111111111111,4,27,1,1,0,Navigational,1.2871702286261495,2,"course, marketing course, email marketing"
vs email marketing course,406.0,0.755,,73.33333333333333,4,25,1,0,0,Commercial,11.825297519343433,2,"course, marketing course, email marketing"
email marketing course guide,3160.0,0.755,,71.66666666666667,4,28,1,0,0,Informational,14.21904307726807,2,"course, marketing course, email marketing"
tips email marketing course,1861.0,0.755,,4.888888888888889,4,27,1,0,0,Informational,40.115529831173625,2,"course, marketing course, email marketing"
email marketing course near me,422.0,0.755,,65.77777777777779,5,30,1,0,0,Commercial,14.857553605857632,2,"course, marketing course, email marketing"
email marketing course price,424.0,0.755,,86.66666666666667,4,28,1,0,0,Commercial,6.50325228333858,2,"course, marketing course, email marketing"
email marketing course software,259.0,0.755,,60.88888888888888,4,31,1,0,0,Navigational,16.710889168938596,2,"course, marketing course, email marketing"
course email marketing course,2514.0,0.755,,97.44444444444444,4,29,1,0,0,Navigational,3.5028146953680506,2,"course, marketing course, email marketing"
email marketing course examples,2587.0,0.755,,25.77777777777778,4,31,1,0,0,Informational,32.2152608678669,2,"course, marketing course, email marketing"
email marketing course app,144.0,0.755,,1.9999999999999998,4,26,1,0,0,Navigational,40.1943263248955,2,"course, marketing course, email marketing"
email marketing course review,1170.0,0.755,,45.111111111111114,4,29,1,0,0,Commercial,23.593303428174618,2,"course, marketing course, email marketing"
email marketing course checklist,8480.0,0.755,,44.888888888888886,4,32,1,0,0,Navigational,28.26641406546429,2,"course, marketing course, email marketing"
email marketing course template,865.0,0.755,,10.222222222222221,4,31,1,0,0,Navigational,37.357588445664206,2,"course, marketing course, email marketing"
ideas email marketing course,87.0,0.755,,44.22222222222222,4,28,1,0,0,Navigational,23.269691794466414,2,"course, marketing course, email marketing"
email marketing course strategy,426.0,0.755,,80.0,4,31,1,0,0,Navigational,9.171173183041745,2,"course, marketing course, email marketing"
best free tools for email marketing,1005.0,0.755,,62.66666666666667,6,35,1,0,0,Commercial,16.467606980441296,3,"tools, marketing tools, free"
free tools for email marketing how to,4768.0,0.755,,13.88888888888889,7,37,1,0,1,Informational,38.3385575497237,3,"tools, marketing tools, free"
free tools for email marketing free,1075.0,0.755,,65.33333333333333,6,35,1,0,0,Navigational,15.44483847005207,3,"tools, marketing tools, free"
for beginners free tools for email marketing,187.0,0.755,,47.88888888888889,7,44,1,0,0,Navigational,21.86573677962466,3,"tools, marketing tools, free"
free tools for email marketing tools,455.0,0.755,,87.55555555555556,6,36,1,0,0,Navigational,6.167137339848748,3,"tools, marketing tools, free"
2026 free tools for email marketing,179.0,0.755,,65.11111111111111,6,35,1,1,0,Navigational,14.971830958589774,3,"tools, marketing tools, free"
vs free tools for email marketing,815.0,0.755,,5.0,6,33,1,0,0,Commercial,39.41512150864064,3,"tools, marketing tools, free"
free tools for email marketing guide,32.0,0.755,,95.66666666666666,6,36,1,0,0,Informational,2.6574226081849446,3,"tools, marketing tools, free"
tips free tools for email marketing,57.0,0.755,,75.66666666666666,6,35,1,0,0,Informational,10.673100521141171,3,"tools, marketing tools, free"
near me free tools for email marketing,1088.0,0.755,,95.77777777777779,7,38,1,0,0,Commercial,3.2752132070115243,3,"tools, marketing tools, free"
free tools for email marketing price,16.0,0.755,,11.222222222222221,6,36,1,0,0,Commercial,36.42516652167073,3,"tools, marketing tools, free"
software free tools for email marketing,103.0,0.755,,33.22222222222222,6,39,1,0,0,Navigational,27.679725658758404,3,"tools, marketing tools, free"
free tools for email marketing course,11472.0,0.755,,58.333333333333336,6,37,1,0,0,Navigational,24.76496891028777,2,"course, marketing course, email marketing"
examples free tools for email marketing,8863.0,0.755,,55.44444444444444,6,39,1,0,0,Informational,24.284377469731474,3,"tools, marketing tools, free"
app free tools for email marketing,148.0,0.755,,63.22222222222222,6,34,1,0,0,Navigational,15.707945902079611,3,"tools, marketing tools, free"
review free tools for email marketing,719.0,0.755,,42.55555555555555,6,37,1,0,0,Commercial,24.33269610066651,3,"tools, marketing tools, free"
free tools for email marketing checklist,1247.0,0.755,,39.55555555555556,6,40,1,0,0,Navigational,25.86381362230202,3,"tools, marketing tools, free"
free tools for email marketing template,659.0,0.755,,8.666666666666668,6,39,1,0,0,Navigational,37.850624665127114,3,"tools, marketing tools, free"
ideas free tools for email marketing,69.0,0.755,,14.666666666666666,6,36,1,0,0,Navigational,35.08062591936015,3,"tools, marketing tools, free"
strategy free tools for email marketing,99.0,0.755,,76.55555555555557,6,39,1,0,0,Navigational,10.343883859352065,3,"tools, marketing tools, free"
best best email marketing tools,89.0,0.755,,77.55555555555556,5,31,1,0,0,Commercial,9.937612694169584,3,"tools, marketing tools, free"
how to best email marketing tools,176.0,0.755,,34.0,6,33,1,0,1,Commercial,27.41439405347947,3,"tools, marketing tools, free"
best email marketing tools free,2427.0,0.755,,6.8888888888888875,5,31,1,0,0,Commercial,39.6704777805026,3,"tools, marketing tools, free"
for beginners best email marketing tools,3074.0,0.755,,91.33333333333333,6,40,1,0,0,Commercial,6.298444390031982,3,"tools, marketing tools, free"
tools best email marketing tools,266.0,0.755,,92.77777777777779,5,32,1,0,0,Commercial,3.95972342901078,3,"tools, marketing tools, free"
2026 best email marketing tools,179.0,0.755,,64.44444444444444,5,31,1,1,0,Commercial,15.238497625256448,3,"tools, marketing tools, free"
best email marketing tools vs,667.0,0.755,,95.22222222222223,5,29,1,0,0,Commercial,3.233419375050882,3,"tools, marketing tools, free"
best email marketing tools guide,1316.0,0.755,,14.555555555555557,5,32,1,0,0,Commercial,35.90708466206121,3,"tools, marketing tools, free"
tips best email marketing tools,285.0,0.755,,68.22222222222223,5,31,1,0,0,Commercial,13.793860865079735,3,"tools, marketing tools, free"
best email marketing tools near me,3427.0,0.755,,21.88888888888889,6,34,1,0,0,Commercial,34.29759429875168,3,"tools, marketing tools, free"
price best email marketing tools,837.0,0.755,,77.88888888888889,5,32,1,0,0,Commercial,10.273362516486564,3,"tools, marketing tools, free"
best email marketing tools software,1564.0,0.755,,56.22222222222223,5,35,1,0,0,Commercial,19.395942891920313,3,"tools, marketing tools, free"
best email marketing tools course,42.0,0.755,,41.11111111111111,5,33,1,0,0,Commercial,24.485915995589654,3,"tools, marketing tools, free"
best email marketing tools examples,2127.0,0.755,,68.22222222222223,5,35,1,0,0,Commercial,14.949009491694543,3,"tools, marketing tools, free"
best email marketing tools app,485.0,0.755,,72.88888888888889,5,30,1,0,0,Commercial,12.05261750206289,3,"tools, marketing tools, free"
best email marketing tools review,716.0,0.755,,26.77777777777778,5,33,1,0,0,Commercial,30.64192586222287,3,"tools, marketing tools, free"
checklist best email marketing tools,97.0,0.755,,46.88888888888889,5,36,1,0,0,Commercial,22.20929629298224,3,"tools, marketing tools, free"
best email marketing tools template,104.0,0.755,,38.44444444444445,5,35,1,0,0,Commercial,25.59146388638776,3,"tools, marketing tools, free"
best email marketing tools ideas,132.0,0.755,,64.55555555555556,5,32,1,0,0,Commercial,15.164578704454293,3,"tools, marketing tools, free"
strategy best email marketing tools,119.0,0.755,,35.77777777777778,5,35,1,0,0,Commercial,26.667537300828165,3,"tools, marketing tools, free"
email marketing strategies best,493.0,0.755,,9.222222222222223,4,31,1,0,0,Commercial,37.52430110087555,4,"strategies, marketing strategies, marketing"
how to email marketing strategies,85.0,0.755,,12.888888888888891,5,33,1,0,1,Informational,35.80177089476325,4,"strategies, marketing strategies, marketing"
free email marketing strategies,1259.0,0.755,,27.0,4,31,1,0,0,Navigational,30.89356124274323,4,"strategies, marketing strategies, marketing"
for beginners email marketing strategies,40.0,0.755,,0.5555555555555556,5,40,1,0,0,Navigational,40.706883984775374,4,"strategies, marketing strategies, marketing"
tools email marketing strategies,8382.0,0.755,,53.0,4,32,1,0,0,Navigational,24.960512202231442,4,"strategies, marketing strategies, marketing"
email marketing strategies 2026,733.0,0.755,,68.55555555555556,4,31,1,1,0,Navigational,13.94147573192199,4,"strategies, marketing strategies, marketing"
email marketing strategies vs,1330.0,0.755,,81.0,4,29,1,0,0,Commercial,9.338086515538913,4,"strategies, marketing strategies, marketing"
guide email marketing strategies,544.0,0.755,,63.22222222222222,4,32,1,0,0,Informational,15.95628404330625,4,"strategies, marketing strategies, marketing"
email marketing strategies tips,68.0,0.755,,12.777777777777777,4,31,1,0,0,Informational,35.83555435839747,4,"strategies, marketing strategies, marketing"
email marketing strategies near me,629.0,0.755,,2.5555555555555554,5,34,1,0,0,Commercial,40.27625561402409,4,"strategies, marketing strategies, marketing"
email marketing strategies price,1483.0,0.755,,91.22222222222221,4,32,1,0,0,Commercial,5.345146453942139,4,"strategies, marketing strategies, marketing"
software email marketing strategies,190.0,0.755,,31.222222222222225,4,35,1,0,0,Navigational,28.53428479584607,4,"strategies, marketing strategies, marketing"
course email marketing strategies,8039.0,0.755,,25.0,4,33,1,0,0,Navigational,35.945411236472005,4,"strategies, marketing strategies, marketing"
examples email marketing strategies,1243.0,0.755,,17.11111111111111,4,35,1,0,0,Informational,34.839082934006804,4,"strategies, marketing strategies, marketing"
app email marketing strategies,1550.0,0.755,,36.22222222222222,4,30,1,0,0,Navigational,27.38716326066482,4,"strategies, marketing strategies, marketing"
email marketing strategies review,276.0,0.755,,10.11111111111111,4,33,1,0,0,Commercial,37.03266126085994,4,"strategies, marketing strategies, marketing"
checklist email marketing strategies,712.0,0.755,,98.1111111111111,4,36,1,0,0,Navigational,2.106084062816541,4,"strategies, marketing strategies, marketing"
email marketing strategies template,99.0,0.755,,44.33333333333333,4,35,1,0,0,Navigational,23.232772748240965,4,"strategies, marketing strategies, marketing"
email marketing strategies ideas,154.0,0.755,,91.55555555555556,4,32,1,0,0,Navigational,4.3783752678557715,4,"strategies, marketing strategies, marketing"
email marketing strategies strategy,2353.0,0.755,,51.88888888888889,4,35,1,0,0,Navigational,21.62407115815217,4,"strategies, marketing strategies, marketing"
marketing email strategy best,55.0,0.755,,60.66666666666667,4,29,1,0,0,Commercial,16.671846288104668,1,"marketing, email marketing, email"
marketing email strategy how to,422.0,0.755,,59.88888888888889,5,31,1,0,1,Informational,17.213109161413193,1,"marketing, email marketing, email"
free marketing email strategy,180.0,0.755,,62.22222222222222,4,29,1,0,0,Navigational,16.12801363066358,1,"marketing, email marketing, email"
for beginners marketing email strategy,1698.0,0.755,,35.0,5,38,1,0,0,Navigational,27.96886539425458,1,"marketing, email marketing, email"
marketing email strategy tools,308.0,0.755,,33.33333333333333,4,30,1,0,0,Navigational,27.763840100555022,1,"marketing, email marketing, email"
2026 marketing email strategy,467.0,0.755,,10.11111111111111,4,29,1,1,0,Navigational,37.15244051584551,1,"marketing, email marketing, email"
marketing email strategy vs,79.0,0.755,,15.666666666666668,4,27,1,0,0,Commercial,34.68689708454264,0,"vs, sample, marketing sample"
marketing email strategy guide,359.0,0.755,,50.111111111111114,4,30,1,0,0,Informational,21.08471193187461,1,"marketing, email marketing, email"
tips marketing email strategy,1201.0,0.755,,67.66666666666667,4,29,1,0,0,Informational,14.590521818018114,1,"marketing, email marketing, email"
near me marketing email strategy,383.0,0.755,,32.44444444444445,5,32,1,0,0,Commercial,28.166429394979254,1,"marketing, email marketing, email"
price marketing email strategy,5634.0,0.755,,29.444444444444446,4,30,1,0,0,Commercial,32.659418232305185,1,"marketing, email marketing, email"
marketing email strategy software,2729.0,0.755,,58.44444444444444,4,33,1,0,0,Navigational,19.237644746791606,7,"software, marketing software, strategy"
marketing email strategy course,81.0,0.755,,41.333333333333336,4,31,1,0,0,Navigational,24.421484650912483,1,"marketing, email marketing, email"
examples marketing email strategy,3696.0,0.755,,89.77777777777777,4,33,1,0,0,Informational,7.310733086605136,1,"marketing, email marketing, email"
app marketing email strategy,820.0,0.755,,59.77777777777777,4,28,1,0,0,Navigational,17.507145980120775,1,"marketing, email marketing, email"
marketing email strategy review,1046.0,0.755,,28.666666666666668,4,31,1,0,0,Commercial,30.093318757689513,1,"marketing, email marketing, email"
checklist marketing email strategy,413.0,0.755,,83.55555555555556,4,34,1,0,0,Navigational,7.740798446082284,1,"marketing, email marketing, email"
template marketing email strategy,140.0,0.755,,64.11111111111111,4,33,1,0,0,Navigational,15.34737341437806,1,"marketing, email marketing, email"
ideas marketing email strategy,295.0,0.755,,76.8888888888889,4,30,1,0,0,Navigational,10.33346536359556,1,"marketing, email marketing, email"
marketing email strategy strategy,977.0,0.755,,42.11111111111111,4,33,1,0,0,Navigational,24.672269940152553,7,"software, marketing software, strategy"
how to do email marketing best,78.0,0.755,,71.11111111111111,6,30,1,0,1,Commercial,12.50849219024662,1,"marketing, email marketing, email"
how to do email marketing how to,64.0,0.755,,78.44444444444444,7,32,1,0,1,Informational,9.566379225657803,1,"marketing, email marketing, email"
how to do email marketing free,39.0,0.755,,18.22222222222222,6,30,1,0,1,Informational,33.639590201590465,3,"tools, marketing tools, free"
for beginners how to do email marketing,3423.0,0.755,,28.888888888888886,7,39,1,0,1,Informational,31.495085832678686,1,"marketing, email marketing, email"
how to do email marketing tools,120.0,0.755,,74.66666666666667,6,31,1,0,1,Informational,11.112608861790859,3,"tools, marketing tools, free"
how to do email marketing 2026,558.0,0.755,,21.0,6,30,1,1,1,Informational,32.853952563450626,1,"marketing, email marketing, email"
vs how to do email marketing,377.0,0.755,,83.22222222222223,6,28,1,0,1,Commercial,7.851555584758649,0,"vs, sample, marketing sample"
guide how to do email marketing,14.0,0.755,,51.55555555555556,6,31,1,0,1,Informational,20.2905789553009,1,"marketing, email marketing, email"
tips how to do email marketing,995.0,0.755,,37.0,6,30,1,0,1,Informational,26.728002481925472,1,"marketing, email marketing, email"
near me how to do email marketing,1773.0,0.755,,42.11111111111111,7,33,1,0,1,Commercial,25.171454688678818,1,"marketing, email marketing, email"
how to do email marketing price,935.0,0.755,,89.22222222222221,6,31,1,0,1,Commercial,5.801486601941643,1,"marketing, email marketing, email"
software how to do email marketing,846.0,0.755,,75.0,6,34,1,0,1,Informational,11.434562120706362,7,"software, marketing software, strategy"
how to do email marketing course,16879.0,0.755,,5.333333333333334,6,32,1,0,1,Informational,49.35578792446056,2,"course, marketing course, email marketing"
examples how to do email marketing,3015.0,0.755,,53.666666666666664,6,34,1,0,1,Informational,21.328111182121955,1,"marketing, email marketing, email"
how to do email marketing app,240.0,0.755,,61.55555555555555,6,29,1,0,1,Informational,16.432307288425196,1,"marketing, email marketing, email"
review how to do email marketing,740.0,0.755,,10.444444444444445,6,32,1,0,1,Commercial,37.19030999199418,1,"marketing, email marketing, email"
how to do email marketing checklist,841.0,0.755,,10.0,6,35,1,0,1,Informational,37.43142653811511,1,"marketing, email marketing, email"
template how to do email marketing,173.0,0.755,,80.0,6,34,1,0,1,Informational,9.012512703924727,1,"marketing, email marketing, email"
ideas how to do email marketing,520.0,0.755,,29.888888888888886,6,31,1,0,1,Informational,29.2745665802016,1,"marketing, email marketing, email"
how to do email marketing strategy,304.0,0.755,,15.555555555555555,6,34,1,0,1,Informational,34.87244274559313,7,"software, marketing software, strategy"
best email marketing pics,3020.0,0.755,,38.11111111111111,4,25,1,0,0,Commercial,27.55346898693542,1,"marketing, email marketing, email"
how to email marketing pics,291.0,0.755,,68.0,5,27,1,0,1,Informational,13.886512453078117,1,"marketing, email marketing, email"
email marketing pics free,142.0,0.755,,96.77777777777777,4,25,1,0,0,Navigational,2.281960980747897,1,"marketing, email marketing, email"
email marketing pics for beginners,343.0,0.755,,8.555555555555555,5,34,1,0,0,Navigational,37.696900289804844,1,"marketing, email marketing, email"
tools email marketing pics,536.0,0.755,,5.333333333333334,4,26,1,0,0,Navigational,39.106822666715814,3,"tools, marketing tools, free"
email marketing pics 2026,737.0,0.755,,47.0,4,25,1,1,0,Navigational,22.566206420217213,1,"marketing, email marketing, email"
email marketing pics vs,7167.0,0.755,,74.66666666666667,4,23,1,0,0,Commercial,15.531898965892141,0,"vs, sample, marketing sample"
guide email marketing pics,398.0,0.755,,22.333333333333336,4,26,1,0,0,Informational,32.22028058719743,1,"marketing, email marketing, email"
email marketing pics tips,969.0,0.755,,8.777777777777779,4,25,1,0,0,Informational,38.00058634133989,1,"marketing, email marketing, email"
near me email marketing pics,2195.0,0.755,,24.333333333333332,5,28,1,0,0,Commercial,32.547208970491035,1,"marketing, email marketing, email"
price email marketing pics,431.0,0.755,,46.333333333333336,4,26,1,0,0,Commercial,22.64097543229966,1,"marketing, email marketing, email"
software email marketing pics,177.0,0.755,,77.22222222222223,4,29,1,0,0,Navigational,10.126132281108834,7,"software, marketing software, strategy"
course email marketing pics,519.0,0.755,,39.66666666666667,4,27,1,0,0,Navigational,25.362828352572244,2,"course, marketing course, email marketing"
email marketing pics examples,1813.0,0.755,,50.888888888888886,4,29,1,0,0,Informational,21.685428238297668,1,"marketing, email marketing, email"
app email marketing pics,883.0,0.755,,75.44444444444444,4,24,1,0,0,Navigational,11.279987654103797,1,"marketing, email marketing, email"
review email marketing pics,246.0,0.755,,52.33333333333333,4,27,1,0,0,Commercial,20.12495887642358,1,"marketing, email marketing, email"
checklist email marketing pics,1443.0,0.755,,41.0,4,30,1,0,0,Navigational,25.408950682101068,1,"marketing, email marketing, email"
template email marketing pics,90.0,0.755,,36.666666666666664,4,29,1,0,0,Navigational,26.293795366243387,1,"marketing, email marketing, email"
email marketing pics ideas,105.0,0.755,,79.22222222222221,4,26,1,0,0,Navigational,9.280979891794903,1,"marketing, email marketing, email"
strategy email marketing pics,1083.0,0.755,,55.00000000000001,4,29,1,0,0,Navigational,19.583188735531394,7,"software, marketing software, strategy"
email marketing images best,25.0,0.755,,19.888888888888886,4,27,1,0,0,Commercial,32.96414390366831,5,"images, images email, email"
email marketing images how to,90.0,0.755,,46.22222222222223,5,29,1,0,1,Informational,22.47157314402116,5,"images, images email, email"
free email marketing images,122.0,0.755,,78.55555555555556,4,27,1,0,0,Navigational,9.558307539271803,5,"images, images email, email"
for beginners email marketing images,41.0,0.755,,4.333333333333334,5,36,1,0,0,Navigational,39.19639999018252,5,"images, images email, email"
tools email marketing images,819.0,0.755,,25.222222222222225,4,28,1,0,0,Navigational,31.328741085824742,5,"images, images email, email"
2026 email marketing images,506.0,0.755,,67.33333333333333,4,27,1,1,0,Navigational,14.288009171168339,5,"images, images email, email"
email marketing images vs,54.0,0.755,,19.555555555555557,4,25,1,0,0,Commercial,33.11566361603086,5,"images, images email, email"
guide email marketing images,243.0,0.755,,16.555555555555554,4,28,1,0,0,Informational,34.43418863797994,5,"images, images email, email"
email marketing images tips,2212.0,0.755,,28.111111111111114,4,27,1,0,0,Informational,31.046758840190158,5,"images, images email, email"
email marketing images near me,881.0,0.755,,49.222222222222214,5,30,1,0,0,Commercial,21.767622309956195,5,"images, images email, email"
email marketing images price,332.0,0.755,,8.444444444444445,4,28,1,0,0,Commercial,37.73444645254855,5,"images, images email, email"
software email marketing images,109.0,0.755,,2.7777777777777777,4,31,1,0,0,Navigational,39.86126613564567,5,"images, images email, email"
course email marketing images,2.0,0.755,,6.111111111111111,4,29,1,0,0,Navigational,38.46083133485969,5,"images, images email, email"
examples email marketing images,239.0,0.755,,46.44444444444444,4,31,1,0,0,Informational,22.476124616351388,5,"images, images email, email"
app email marketing images,504.0,0.755,,13.333333333333334,4,26,1,0,0,Navigational,35.88675493813184,5,"images, images email, email"
review email marketing images,18173.0,0.755,,26.444444444444443,4,29,1,0,0,Commercial,41.72283225463042,5,"images, images email, email"
checklist email marketing images,164.0,0.755,,29.333333333333332,4,32,1,0,0,Navigational,29.273535321927152,5,"images, images email, email"
email marketing images template,370.0,0.755,,56.111111111111114,4,31,1,0,0,Navigational,18.691610213575355,5,"images, images email, email"
email marketing images ideas,3172.0,0.755,,4.555555555555555,4,28,1,0,0,Navigational,41.0710129199315,5,"images, images email, email"
strategy email marketing images,90.0,0.755,,26.77777777777778,4,31,1,0,0,Navigational,30.249350921798946,5,"images, images email, email"
best email marketing pictures,126.0,0.755,,83.55555555555556,4,29,1,0,0,Commercial,7.560816005344797,1,"marketing, email marketing, email"
how to email marketing pictures,2157.0,0.755,,3.7777777777777786,5,31,1,0,1,Informational,40.74560076501979,1,"marketing, email marketing, email"
email marketing pictures free,173.0,0.755,,65.22222222222223,4,29,1,0,0,Navigational,14.923623815035839,1,"marketing, email marketing, email"
email marketing pictures for beginners,1517.0,0.755,,43.00000000000001,5,38,1,0,0,Navigational,24.655357304451492,1,"marketing, email marketing, email"
tools email marketing pictures,778.0,0.755,,30.88888888888889,4,30,1,0,0,Navigational,29.036362641909864,3,"tools, marketing tools, free"
email marketing pictures 2026,296.0,0.755,,69.44444444444444,4,29,1,1,0,Navigational,13.311870257891586,1,"marketing, email marketing, email"
email marketing pictures vs,224.0,0.755,,79.8888888888889,4,27,1,0,0,Commercial,9.088940090799873,0,"vs, sample, marketing sample"
email marketing pictures guide,119.0,0.755,,96.88888888888889,4,30,1,0,0,Informational,2.223092856383721,1,"marketing, email marketing, email"
email marketing pictures tips,382.0,0.755,,66.55555555555556,4,29,1,0,0,Informational,14.521357834016563,1,"marketing, email marketing, email"
near me email marketing pictures,828.0,0.755,,66.66666666666666,5,32,1,0,0,Commercial,14.756607356711216,1,"marketing, email marketing, email"
email marketing pictures price,948.0,0.755,,48.333333333333336,4,30,1,0,0,Commercial,22.165194672234435,1,"marketing, email marketing, email"
email marketing pictures software,45.0,0.755,,57.22222222222222,4,33,1,0,0,Navigational,18.043352900699958,7,"software, marketing software, strategy"
email marketing pictures course,2220.0,0.755,,81.88888888888889,4,31,1,0,0,Navigational,9.540664661225044,1,"marketing, email marketing, email"
email marketing pictures examples,832.0,0.755,,65.55555555555556,4,33,1,0,0,Informational,15.20356026722865,1,"marketing, email marketing, email"
app email marketing pictures,805.0,0.755,,70.33333333333333,4,28,1,0,0,Navigational,13.275517010124819,1,"marketing, email marketing, email"
email marketing pictures review,417.0,0.755,,15.666666666666668,4,31,1,0,0,Commercial,34.898862467710835,1,"marketing, email marketing, email"
checklist email marketing pictures,2756.0,0.755,,89.33333333333334,4,34,1,0,0,Navigational,6.89902133722877,1,"marketing, email marketing, email"
email marketing pictures template,368.0,0.755,,15.22222222222222,4,33,1,0,0,Navigational,35.04591153609441,1,"marketing, email marketing, email"
email marketing pictures ideas,1549.0,0.755,,45.55555555555556,4,30,1,0,0,Navigational,23.653202810813248,1,"marketing, email marketing, email"
email marketing pictures strategy,276.0,0.755,,91.22222222222221,4,33,1,0,0,Navigational,4.588216816415497,1,"marketing, email marketing, email"
email campaign marketing best,4968.0,0.755,,0.5555555555555556,4,29,1,0,0,Commercial,43.797314186706856,9,"campaign, email campaign, email"
how to email campaign marketing,316.0,0.755,,26.666666666666668,5,31,1,0,1,Informational,30.435523699367685,9,"campaign, email campaign, email"
free email campaign marketing,110.0,0.755,,22.555555555555557,4,29,1,0,0,Navigational,31.950782141052812,9,"campaign, email campaign, email"
email campaign marketing for beginners,954.0,0.755,,80.77777777777779,5,38,1,0,0,Navigational,9.191179593566149,9,"campaign, email campaign, email"
tools email campaign marketing,496.0,0.755,,40.111111111111114,4,30,1,0,0,Navigational,25.170626894874733,9,"campaign, email campaign, email"
email campaign marketing 2026,23525.0,0.755,,28.888888888888886,4,29,1,1,0,Navigational,44.10138208252173,9,"campaign, email campaign, email"
email campaign marketing vs,1546.0,0.755,,18.333333333333332,4,27,1,0,0,Commercial,34.54021035014738,9,"campaign, email campaign, email"
guide email campaign marketing,279.0,0.755,,6.8888888888888875,4,30,1,0,0,Informational,38.323431499303574,9,"campaign, email campaign, email"
tips email campaign marketing,1269.0,0.755,,8.333333333333332,4,29,1,0,0,Informational,38.36649907459238,9,"campaign, email campaign, email"
email campaign marketing near me,1090.0,0.755,,34.888888888888886,5,32,1,0,0,Commercial,27.632022995603585,9,"campaign, email campaign, email"
price email campaign marketing,106.0,0.755,,60.66666666666667,4,30,1,0,0,Commercial,16.703829230535373,9,"campaign, email campaign, email"
software email campaign marketing,26.0,0.755,,14.000000000000002,4,33,1,0,0,Navigational,35.320326575742115,9,"campaign, email campaign, email"
course email campaign marketing,1300.0,0.755,,43.00000000000001,4,31,1,0,0,Navigational,24.51927301999144,9,"campaign, email campaign, email"
examples email campaign marketing,4413.0,0.755,,60.0,4,33,1,0,0,Informational,19.67148674130084,9,"campaign, email campaign, email"
email campaign marketing app,355.0,0.755,,41.11111111111111,4,28,1,0,0,Navigational,24.68220346580162,9,"campaign, email campaign, email"
review email campaign marketing,298.0,0.755,,0.0,4,31,1,0,0,Commercial,41.09090226870586,9,"campaign, email campaign, email"
email campaign marketing checklist,172.0,0.755,,6.666666666666667,4,34,1,0,0,Navigational,38.34521892073981,9,"campaign, email campaign, email"
email campaign marketing template,295.0,0.755,,28.777777777777775,4,33,1,0,0,Navigational,29.577909808040005,9,"campaign, email campaign, email"
ideas email campaign marketing,195.0,0.755,,24.666666666666664,4,30,1,0,0,Navigational,31.15964260065954,9,"campaign, email campaign, email"
strategy email campaign marketing,580.0,0.755,,18.88888888888889,4,33,1,0,0,Navigational,33.71219357129655,9,"campaign, email campaign, email"
marketing email campaign best,4537.0,0.755,,65.0,4,29,1,0,0,Commercial,17.74924918956372,9,"campaign, email campaign, email"
how to marketing email campaign,1474.0,0.755,,80.44444444444446,5,31,1,0,1,Informational,9.650613516389003,9,"campaign, email campaign, email"
free marketing email campaign,47.0,0.755,,9.666666666666666,4,29,1,0,0,Navigational,37.066829355958674,9,"campaign, email campaign, email"
marketing email campaign for beginners,1267.0,0.755,,68.88888888888889,5,38,1,0,0,Navigational,14.14302261933367,9,"campaign, email campaign, email"
tools marketing email campaign,41.0,0.755,,65.22222222222223,4,30,1,0,0,Navigational,14.840844434626959,9,"campaign, email campaign, email"
2026 marketing email campaign,323.0,0.755,,42.44444444444444,4,29,1,1,0,Navigational,24.128802403884315,9,"campaign, email campaign, email"
marketing email campaign vs,153.0,0.755,,70.66666666666666,4,27,1,0,0,Commercial,12.733303706893084,9,"campaign, email campaign, email"
marketing email campaign guide,3497.0,0.755,,52.77777777777778,4,30,1,0,0,Informational,21.985936899473565,9,"campaign, email campaign, email"
tips marketing email campaign,912.0,0.755,,72.0,4,29,1,0,0,Informational,12.675951810910801,9,"campaign, email campaign, email"
marketing email campaign near me,53.0,0.755,,13.555555555555554,5,32,1,0,0,Commercial,35.51503649951261,9,"campaign, email campaign, email"
marketing email campaign price,181.0,0.755,,78.77777777777779,4,30,1,0,0,Commercial,9.506418524959605,9,"campaign, email campaign, email"
marketing email campaign software,66.0,0.755,,49.77777777777778,4,33,1,0,0,Navigational,21.034300125360968,9,"campaign, email campaign, email"
course marketing email campaign,1060.0,0.755,,39.55555555555556,4,31,1,0,0,Navigational,25.74654283338944,9,"campaign, email campaign, email"
marketing email campaign examples,184.0,0.755,,75.0,4,33,1,0,0,Informational,11.01941098562547,9,"campaign, email campaign, email"
marketing email campaign app,852.0,0.755,,53.333333333333336,4,28,1,0,0,Navigational,20.104991486482522,9,"campaign, email campaign, email"
review marketing email campaign,71.0,0.755,,21.555555555555554,4,31,1,0,0,Commercial,32.3263245968411,9,"campaign, email campaign, email"
checklist marketing email campaign,623.0,0.755,,48.55555555555556,4,34,1,0,0,Navigational,21.872492914914595,9,"campaign, email campaign, email"
marketing email campaign template,8757.0,0.755,,49.0,4,33,1,0,0,Navigational,26.795680896574847,9,"campaign, email campaign, email"
ideas marketing email campaign,77.0,0.755,,42.11111111111111,4,30,1,0,0,Navigational,24.10786507372838,9,"campaign, email campaign, email"
strategy marketing email campaign,6112.0,0.755,,17.77777777777778,4,33,1,0,0,Navigational,37.62584659469491,9,"campaign, email campaign, email"
images of email marketing best,185.0,0.755,,93.77777777777779,5,30,1,0,0,Commercial,3.508926991032604,5,"images, images email, email"
how to images of email marketing,1803.0,0.755,,20.444444444444443,6,32,1,0,1,Informational,33.85693485089295,5,"images, images email, email"
images of email marketing free,5505.0,0.755,,65.11111111111111,5,30,1,0,0,Navigational,18.311853534784383,5,"images, images email, email"
images of email marketing for beginners,2856.0,0.755,,13.88888888888889,6,39,1,0,0,Navigational,37.139510766831464,5,"images, images email, email"
images of email marketing tools,140.0,0.755,,7.444444444444444,5,31,1,0,0,Navigational,38.01404008104473,5,"images, images email, email"
2026 images of email marketing,195.0,0.755,,22.11111111111111,5,30,1,1,0,Navigational,32.181864822881764,5,"images, images email, email"
vs images of email marketing,271.0,0.755,,21.0,5,28,1,0,0,Commercial,32.67397012271314,5,"images, images email, email"
guide images of email marketing,2776.0,0.755,,39.0,5,31,1,0,0,Informational,27.044897000927087,5,"images, images email, email"
images of email marketing tips,44.0,0.755,,96.88888888888889,5,30,1,0,0,Informational,2.17605911751504,5,"images, images email, email"
images of email marketing near me,328.0,0.755,,90.77777777777779,6,33,1,0,0,Commercial,4.798604653142219,5,"images, images email, email"
price images of email marketing,378.0,0.755,,64.44444444444444,5,31,1,0,0,Commercial,15.363293812388015,5,"images, images email, email"
images of email marketing software,18.0,0.755,,52.11111111111111,5,34,1,0,0,Navigational,20.07086519915168,5,"images, images email, email"
images of email marketing course,121.0,0.755,,84.88888888888889,5,32,1,0,0,Navigational,7.024347089420223,5,"images, images email, email"
images of email marketing examples,33.0,0.755,,95.22222222222223,5,34,1,0,0,Informational,2.835827502480964,5,"images, images email, email"
images of email marketing app,155.0,0.755,,70.66666666666666,5,29,1,0,0,Navigational,12.734557939929584,5,"images, images email, email"
images of email marketing review,1101.0,0.755,,86.55555555555556,5,32,1,0,0,Commercial,6.972254610637655,5,"images, images email, email"
images of email marketing checklist,25.0,0.755,,57.88888888888889,5,35,1,0,0,Navigational,17.76414390366831,5,"images, images email, email"
images of email marketing template,127.0,0.755,,74.66666666666667,5,34,1,0,0,Navigational,11.116998677418604,5,"images, images email, email"
images of email marketing ideas,1434.0,0.755,,71.33333333333334,5,31,1,0,0,Navigational,13.269973300103485,5,"images, images email, email"
strategy images of email marketing,568.0,0.755,,28.444444444444443,5,34,1,0,0,Navigational,29.882445950855335,5,"images, images email, email"
best email marketing campaign,1454.0,0.755,,68.88888888888889,4,29,1,0,0,Commercial,14.260293408246246,9,"campaign, email campaign, email"
how to email marketing campaign,203.0,0.755,,27.333333333333336,5,31,1,0,1,Informational,30.097992866138863,9,"campaign, email campaign, email"
email marketing campaign free,91.0,0.755,,47.22222222222222,4,29,1,0,0,Navigational,22.072200260539418,9,"campaign, email campaign, email"
email marketing campaign for beginners,501.0,0.755,,86.8888888888889,5,38,1,0,0,Navigational,6.462651366354864,9,"campaign, email campaign, email"
email marketing campaign tools,126.0,0.755,,70.22222222222223,4,30,1,0,0,Navigational,12.89414933867813,9,"campaign, email campaign, email"
2026 email marketing campaign,157.0,0.755,,28.444444444444443,4,29,1,1,0,Navigational,29.624701061854964,9,"campaign, email campaign, email"
email marketing campaign vs,261.0,0.755,,46.333333333333336,4,27,1,0,0,Commercial,22.534365624197314,0,"vs, sample, marketing sample"
guide email marketing campaign,3743.0,0.755,,17.333333333333336,4,30,1,0,0,Informational,36.31798534074061,9,"campaign, email campaign, email"
tips email marketing campaign,258.0,0.755,,20.111111111111114,4,29,1,0,0,Informational,33.02137316353146,9,"campaign, email campaign, email"
email marketing campaign near me,409.0,0.755,,60.111111111111114,5,32,1,0,0,Commercial,17.116067757787068,9,"campaign, email campaign, email"
price email marketing campaign,282.0,0.755,,81.33333333333333,4,30,1,0,0,Commercial,8.547535071080548,9,"campaign, email campaign, email"
email marketing campaign software,2216.0,0.755,,19.444444444444446,4,33,1,0,0,Navigational,34.51593397292982,9,"campaign, email campaign, email"
course email marketing campaign,2652.0,0.755,,21.22222222222222,4,31,1,0,0,Navigational,34.07824566377531,2,"course, marketing course, email marketing"
email marketing campaign examples,270.0,0.755,,53.44444444444445,4,33,1,0,0,Informational,19.69556522841711,9,"campaign, email campaign, email"
email marketing campaign app,1619.0,0.755,,69.11111111111111,4,28,1,0,0,Navigational,14.274878744868454,9,"campaign, email campaign, email"
email marketing campaign review,173.0,0.755,,7.999999999999999,4,31,1,0,0,Commercial,37.812512703924725,9,"campaign, email campaign, email"
email marketing campaign checklist,72.0,0.755,,13.666666666666668,4,34,1,0,0,Navigational,35.4825072689149,9,"campaign, email campaign, email"
email marketing campaign template,706.0,0.755,,59.88888888888889,4,33,1,0,0,Navigational,17.391210252595933,9,"campaign, email campaign, email"
email marketing campaign ideas,337.0,0.755,,57.55555555555555,4,30,1,0,0,Navigational,18.093137590695356,9,"campaign, email campaign, email"
email marketing campaign strategy,939.0,0.755,,22.555555555555557,4,33,1,0,0,Navigational,32.47066173468131,9,"campaign, email campaign, email"
email marketing picture best,59.0,0.755,,76.11111111111111,4,28,1,0,0,Commercial,10.496576976399886,1,"marketing, email marketing, email"
email marketing picture how to,177.0,0.755,,66.77777777777777,5,30,1,0,1,Informational,14.303910058886615,1,"marketing, email marketing, email"
free email marketing picture,24.0,0.755,,71.33333333333334,4,28,1,0,0,Navigational,12.38573900937228,1,"marketing, email marketing, email"
email marketing picture for beginners,4254.0,0.755,,55.55555555555556,5,37,1,0,0,Navigational,21.34955299267701,1,"marketing, email marketing, email"
tools email marketing picture,9379.0,0.755,,60.66666666666667,4,29,1,0,0,Navigational,22.51908070425911,3,"tools, marketing tools, free"
2026 email marketing picture,943.0,0.755,,78.99999999999999,4,28,1,1,0,Navigational,9.89539242297653,1,"marketing, email marketing, email"
email marketing picture vs,5660.0,0.755,,46.55555555555556,4,26,1,0,0,Commercial,25.831278817335217,0,"vs, sample, marketing sample"
guide email marketing picture,1746.0,0.755,,25.444444444444443,4,29,1,0,0,Informational,31.821189209352752,1,"marketing, email marketing, email"
tips email marketing picture,613.0,0.755,,66.44444444444444,4,28,1,0,0,Informational,14.710666194176547,1,"marketing, email marketing, email"
near me email marketing picture,577.0,0.755,,44.22222222222222,5,31,1,0,0,Commercial,23.57697888840847,1,"marketing, email marketing, email"
email marketing picture price,35.0,0.755,,32.666666666666664,4,29,1,0,0,Commercial,27.85930395773969,1,"marketing, email marketing, email"
software email marketing picture,422.0,0.755,,94.33333333333334,4,32,1,0,0,Navigational,3.4353313836354107,7,"software, marketing software, strategy"
email marketing picture course,92.0,0.755,,14.888888888888888,4,30,1,0,0,Navigational,35.006160710391,1,"marketing, email marketing, email"
email marketing picture examples,408.0,0.755,,73.1111111111111,4,32,1,0,0,Informational,11.915440641268821,1,"marketing, email marketing, email"
app email marketing picture,4163.0,0.755,,44.888888888888886,4,27,1,0,0,Navigational,25.55915205618301,1,"marketing, email marketing, email"
email marketing picture review,114.0,0.755,,30.22222222222223,4,30,1,0,0,Commercial,28.88662394045914,1,"marketing, email marketing, email"
email marketing picture checklist,424.0,0.755,,99.22222222222223,4,33,1,0,0,Navigational,1.4810300611163536,1,"marketing, email marketing, email"
template email marketing picture,98.0,0.755,,12.333333333333336,4,32,1,0,0,Navigational,36.03214563172271,1,"marketing, email marketing, email"
ideas email marketing picture,487.0,0.755,,24.666666666666664,4,29,1,0,0,Navigational,31.342760623988276,1,"marketing, email marketing, email"
strategy email marketing picture,655.0,0.755,,3.555555555555555,4,32,1,0,0,Navigational,39.89256064349856,7,"software, marketing software, strategy"
best images for email marketing,69.0,0.755,,24.000000000000004,5,31,1,0,0,Commercial,31.347292586026825,5,"images, images email, email"
how to images for email marketing,180.0,0.755,,85.44444444444446,6,33,1,0,1,Informational,6.839124741774688,5,"images, images email, email"
images for email marketing free,397.0,0.755,,35.22222222222223,5,31,1,0,0,Navigational,27.064097915123632,5,"images, images email, email"
images for email marketing for beginners,86.0,0.755,,57.55555555555555,6,40,1,0,0,Navigational,17.93573134461484,5,"images, images email, email"
tools images for email marketing,50.0,0.755,,53.222222222222214,5,32,1,0,0,Navigational,19.646488483291204,5,"images, images email, email"
2026 images for email marketing,74.0,0.755,,44.33333333333333,5,31,1,1,0,Navigational,23.217094835284737,5,"images, images email, email"
vs images for email marketing,89.0,0.755,,60.22222222222222,5,29,1,0,0,Commercial,16.870946027502917,5,"images, images email, email"
guide images for email marketing,325.0,0.755,,0.33333333333333315,5,32,1,0,0,Informational,40.974501081365254,5,"images, images email, email"
tips images for email marketing,7.0,0.755,,69.33333333333334,5,31,1,0,0,Informational,13.175078028562043,5,"images, images email, email"
images for email marketing near me,73.0,0.755,,24.444444444444443,6,34,1,0,0,Commercial,31.17202327432204,5,"images, images email, email"
images for email marketing price,103.0,0.755,,11.444444444444445,5,32,1,0,0,Commercial,36.39083676986951,5,"images, images email, email"
images for email marketing software,549.0,0.755,,86.55555555555556,5,35,1,0,0,Navigational,6.626086292564162,5,"images, images email, email"
images for email marketing course,1005.0,0.755,,25.66666666666667,5,33,1,0,0,Navigational,31.267606980441293,5,"images, images email, email"
examples images for email marketing,5336.0,0.755,,41.22222222222222,5,35,1,0,0,Informational,27.761426398755845,5,"images, images email, email"
app images for email marketing,1340.0,0.755,,27.333333333333336,5,30,1,0,0,Navigational,30.811024347388067,5,"images, images email, email"
images for email marketing review,148.0,0.755,,64.22222222222221,5,33,1,0,0,Commercial,15.307945902079616,5,"images, images email, email"
checklist images for email marketing,2788.0,0.755,,6.000000000000001,5,36,1,0,0,Navigational,40.25242239914608,5,"images, images email, email"
template images for email marketing,63.0,0.755,,12.222222222222221,5,35,1,0,0,Navigational,36.05464099802844,5,"images, images email, email"
ideas images for email marketing,1172.0,0.755,,81.77777777777777,5,32,1,0,0,Navigational,8.927890994544454,5,"images, images email, email"
images for email marketing strategy,108.0,0.755,,7.222222222222221,5,35,1,0,0,Navigational,38.082861241349654,5,"images, images email, email"
email marketing pic best,292.0,0.755,,98.88888888888889,4,24,1,0,0,Commercial,1.5315840140408157,1,"marketing, email marketing, email"
how to email marketing pic,174.0,0.755,,60.0,5,26,1,0,1,Informational,17.01313982044298,1,"marketing, email marketing, email"
free email marketing pic,1836.0,0.755,,88.33333333333333,4,24,1,0,0,Navigational,6.72207414043962,1,"marketing, email marketing, email"
email marketing pic for beginners,20.0,0.755,,80.66666666666666,5,33,1,0,0,Navigational,8.649897209965959,1,"marketing, email marketing, email"
email marketing pic tools,2635.0,0.755,,32.11111111111111,4,25,1,0,0,Navigational,29.71202912740952,1,"marketing, email marketing, email"
2026 email marketing pic,1738.0,0.755,,43.55555555555556,4,24,1,1,0,Navigational,24.57172783276232,1,"marketing, email marketing, email"
vs email marketing pic,151.0,0.755,,88.77777777777779,4,22,1,0,0,Commercial,5.487605029412132,0,"vs, sample, marketing sample"
guide email marketing pic,45.0,0.755,,94.22222222222221,4,25,1,0,0,Informational,3.2433529006999575,1,"marketing, email marketing, email"
tips email marketing pic,1994.0,0.755,,5.888888888888889,4,24,1,0,0,Informational,39.79893632810075,1,"marketing, email marketing, email"
near me email marketing pic,2098.0,0.755,,34.333333333333336,5,27,1,0,0,Commercial,28.486378668220873,1,"marketing, email marketing, email"
email marketing pic price,260.0,0.755,,62.33333333333333,4,25,1,0,0,Commercial,16.13373850767907,1,"marketing, email marketing, email"
software email marketing pic,3350.0,0.755,,16.666666666666664,4,28,1,0,0,Navigational,36.3381952157354,7,"software, marketing software, strategy"
course email marketing pic,38.0,0.755,,85.66666666666666,4,26,1,0,0,Navigational,6.6611853072944385,2,"course, marketing course, email marketing"
email marketing pic examples,380.0,0.755,,74.0,4,28,1,0,0,Informational,11.542325823202289,1,"marketing, email marketing, email"
app email marketing pic,406.0,0.755,,37.888888888888886,4,23,1,0,0,Navigational,26.00307529712121,1,"marketing, email marketing, email"
email marketing pic review,444.0,0.755,,3.4444444444444438,4,26,1,0,0,Commercial,39.804683502592454,1,"marketing, email marketing, email"
email marketing pic checklist,398.0,0.755,,54.222222222222214,4,29,1,0,0,Navigational,19.464725031641887,1,"marketing, email marketing, email"
template email marketing pic,979.0,0.755,,1.4444444444444442,4,28,1,0,0,Navigational,40.94019083985571,1,"marketing, email marketing, email"
ideas email marketing pic,140.0,0.755,,36.22222222222222,4,25,1,0,0,Navigational,26.50292896993362,1,"marketing, email marketing, email"
email marketing pic strategy,359.0,0.755,,61.111111111111114,4,28,1,0,0,Navigational,16.684711931874613,1,"marketing, email marketing, email"
best email marketing campaigns,21.0,0.755,,27.111111111111107,4,30,1,0,0,Commercial,30.07274654870642,1,"marketing, email marketing, email"
how to email marketing campaigns,233.0,0.755,,79.8888888888889,5,32,1,0,1,Informational,9.094584139464114,1,"marketing, email marketing, email"
free email marketing campaigns,716.0,0.755,,59.111111111111114,4,30,1,0,0,Navigational,17.708592528889536,1,"marketing, email marketing, email"
for beginners email marketing campaigns,183.0,0.755,,83.22222222222223,5,39,1,0,0,Navigational,7.729894980218327,1,"marketing, email marketing, email"
email marketing campaigns tools,1517.0,0.755,,58.333333333333336,4,31,1,0,0,Navigational,18.52202397111816,1,"marketing, email marketing, email"
email marketing campaigns 2026,53.0,0.755,,39.44444444444444,4,30,1,1,0,Navigational,25.159480943957064,1,"marketing, email marketing, email"
vs email marketing campaigns,9.0,0.755,,38.44444444444445,4,28,1,0,0,Commercial,25.531887817154097,0,"vs, sample, marketing sample"
guide email marketing campaigns,966.0,0.755,,45.33333333333333,4,31,1,0,0,Informational,23.376482769562916,1,"marketing, email marketing, email"
tips email marketing campaigns,326.0,0.755,,32.666666666666664,4,30,1,0,0,Informational,28.041794864550173,1,"marketing, email marketing, email"
near me email marketing campaigns,139.0,0.755,,77.22222222222223,5,33,1,0,0,Commercial,10.10230185341537,1,"marketing, email marketing, email"
email marketing campaigns price,151.0,0.755,,66.44444444444444,4,31,1,0,0,Commercial,14.420938362745472,1,"marketing, email marketing, email"
email marketing campaigns software,453.0,0.755,,52.666666666666664,4,34,1,0,0,Navigational,20.121438662367805,7,"software, marketing software, strategy"
course email marketing campaigns,1155.0,0.755,,28.555555555555557,4,32,1,0,0,Navigational,30.206118902623103,2,"course, marketing course, email marketing"
email marketing campaigns examples,165.0,0.755,,63.44444444444445,4,34,1,0,0,Informational,15.629717994000957,1,"marketing, email marketing, email"
email marketing campaigns app,33.0,0.755,,93.66666666666667,4,29,1,0,0,Navigational,3.4580497247031854,1,"marketing, email marketing, email"
email marketing campaigns review,760.0,0.755,,1.4444444444444442,4,32,1,0,0,Commercial,40.802852322359165,1,"marketing, email marketing, email"
checklist email marketing campaigns,26.0,0.755,,61.88888888888889,4,35,1,0,0,Navigational,16.164771020186556,1,"marketing, email marketing, email"
email marketing campaigns template,137.0,0.755,,5.555555555555555,4,34,1,0,0,Navigational,38.767714287045536,1,"marketing, email marketing, email"
ideas email marketing campaigns,102.0,0.755,,99.11111111111111,4,31,1,0,0,Navigational,1.3235429866845962,1,"marketing, email marketing, email"
strategy email marketing campaigns,8015.0,0.755,,22.22222222222222,4,34,1,0,0,Navigational,37.041471551145136,7,"software, marketing software, strategy"
images in email marketing best,917.0,0.755,,37.111111111111114,5,30,1,0,0,Commercial,26.634642949057596,5,"images, images email, email"
how to images in email marketing,221.0,0.755,,23.333333333333332,6,32,1,0,1,Informational,31.70928096346735,5,"images, images email, email"
images in email marketing free,3789.0,0.755,,90.55555555555556,5,30,1,0,0,Navigational,7.057943811691186,5,"images, images email, email"
images in email marketing for beginners,1028.0,0.755,,51.77777777777778,6,39,1,0,0,Navigational,20.83758621591658,5,"images, images email, email"
images in email marketing tools,247.0,0.755,,56.777777777777786,5,31,1,0,0,Navigational,18.347808215164047,5,"images, images email, email"
images in email marketing 2026,4551.0,0.755,,2.5555555555555554,5,30,1,1,0,Navigational,42.73580659859698,5,"images, images email, email"
images in email marketing vs,1342.0,0.755,,65.22222222222223,5,28,1,0,0,Commercial,15.656723024869015,5,"images, images email, email"
images in email marketing guide,124.0,0.755,,42.55555555555555,5,31,1,0,0,Informational,23.959561772308305,5,"images, images email, email"
images in email marketing tips,22.0,0.755,,32.22222222222222,5,30,1,0,0,Informational,28.02892922078023,5,"images, images email, email"
images in email marketing near me,49.0,0.755,,92.66666666666667,6,33,1,0,0,Commercial,3.868083588995172,5,"images, images email, email"
images in email marketing price,6291.0,0.755,,52.666666666666664,5,31,1,0,0,Commercial,23.782544895905946,5,"images, images email, email"
software images in email marketing,51.0,0.755,,74.55555555555556,5,34,1,0,0,Navigational,11.11378226647612,5,"images, images email, email"
course images in email marketing,165.0,0.755,,60.33333333333333,5,32,1,0,0,Navigational,16.874162438445406,5,"images, images email, email"
examples images in email marketing,3715.0,0.755,,34.888888888888886,5,34,1,0,0,Informational,29.278203856007423,5,"images, images email, email"
app images in email marketing,254.0,0.755,,79.11111111111111,5,29,1,0,0,Navigational,9.41886469745846,5,"images, images email, email"
images in email marketing review,325.0,0.755,,26.0,5,32,1,0,0,Commercial,30.70783441469858,5,"images, images email, email"
checklist images in email marketing,204.0,0.755,,72.33333333333333,5,35,1,0,0,Navigational,12.09861998265712,5,"images, images email, email"
template images in email marketing,225.0,0.755,,90.55555555555556,5,34,1,0,0,Navigational,4.822900540651458,5,"images, images email, email"
ideas images in email marketing,6689.0,0.755,,49.44444444444444,5,31,1,0,0,Navigational,25.32102615905797,5,"images, images email, email"
strategy images in email marketing,9014.0,0.755,,72.33333333333333,5,34,1,0,0,Navigational,17.623516508431532,5,"images, images email, email"
best questions on email,127.0,0.755,,96.66666666666667,4,23,1,0,0,Commercial,2.3169986774186033,8,"questions, questions email, interview"
questions on email how to,384.0,0.755,,28.777777777777775,5,25,1,0,1,Informational,29.633723178164175,8,"questions, questions email, interview"
free questions on email,28.0,0.755,,17.555555555555557,4,23,1,0,0,Navigational,33.89935858655639,8,"questions, questions email, interview"
for beginners questions on email,229.0,0.755,,53.77777777777778,5,32,1,0,0,Navigational,19.536520117835565,8,"questions, questions email, interview"
questions on email tools,7196.0,0.755,,36.11111111111111,4,24,1,0,0,Navigational,30.972307567143588,8,"questions, questions email, interview"
questions on email 2026,197.0,0.755,,82.11111111111111,4,23,1,1,0,Navigational,8.183119055918262,8,"questions, questions email, interview"
questions on email vs,204.0,0.755,,96.55555555555556,4,21,1,0,0,Commercial,2.409731093768225,8,"questions, questions email, interview"
questions on email guide,681.0,0.755,,59.77777777777777,4,24,1,0,0,Informational,17.419976784084152,8,"questions, questions email, interview"
questions on email tips,431.0,0.755,,25.77777777777778,4,23,1,0,0,Informational,30.86319765452188,8,"questions, questions email, interview"
near me questions on email,332.0,0.755,,73.44444444444443,5,26,1,0,0,Commercial,11.734446452548564,8,"questions, questions email, interview"
questions on email price,2340.0,0.755,,90.11111111111111,4,24,1,0,0,Commercial,6.327029754526041,8,"questions, questions email, interview"
software questions on email,282.0,0.755,,81.11111111111111,4,27,1,0,0,Navigational,8.636423959969433,8,"questions, questions email, interview"
questions on email course,412.0,0.755,,97.66666666666667,4,25,1,0,0,Navigational,2.095726885119591,8,"questions, questions email, interview"
questions on email examples,5774.0,0.755,,38.11111111111111,4,27,1,0,0,Informational,29.280547878193392,8,"questions, questions email, interview"
questions on email app,1041.0,0.755,,98.0,4,22,1,0,0,Navigational,2.3568498417649315,8,"questions, questions email, interview"
questions on email review,2553.0,0.755,,60.0,4,25,1,0,0,Commercial,18.505050017357547,8,"questions, questions email, interview"
questions on email checklist,58.0,0.755,,22.88888888888889,4,28,1,0,0,Navigational,31.78483874877053,8,"questions, questions email, interview"
questions on email template,11605.0,0.755,,10.222222222222221,4,27,1,0,0,Navigational,44.09281985165934,8,"questions, questions email, interview"
ideas questions on email,452.0,0.755,,19.77777777777778,4,24,1,0,0,Navigational,33.27636710140511,8,"questions, questions email, interview"
questions on email strategy,1071.0,0.755,,38.22222222222222,4,27,1,0,0,Navigational,26.28677444842351,8,"questions, questions email, interview"
email advertising best,298.0,0.755,,22.11111111111111,3,22,0,0,0,Commercial,32.24645782426142,6,"templates, email templates, advertising"
email advertising how to,194.0,0.755,,85.66666666666666,4,24,1,0,1,Informational,6.759015484141296,6,"templates, email templates, advertising"
email advertising free,1329.0,0.755,,1.2222222222222219,3,22,0,0,0,Navigational,41.24857051013178,6,"templates, email templates, advertising"
email advertising for beginners,85.0,0.755,,72.0,4,31,1,0,0,Navigational,12.157326450318811,6,"templates, email templates, advertising"
tools email advertising,50.0,0.755,,21.666666666666668,3,23,0,0,0,Navigational,32.26871070551343,6,"templates, email templates, advertising"
email advertising 2026,228.0,0.755,,22.77777777777778,3,22,0,1,0,Navigational,31.935893001317318,6,"templates, email templates, advertising"
vs email advertising,3090.0,0.755,,83.88888888888889,3,20,0,0,0,Commercial,9.286256032101745,6,"templates, email templates, advertising"
guide email advertising,86.0,0.755,,74.55555555555556,3,23,0,0,0,Informational,11.135731344614838,6,"templates, email templates, advertising"
email advertising tips,165.0,0.755,,57.333333333333336,3,22,0,0,0,Informational,18.074162438445402,6,"templates, email templates, advertising"
near me email advertising,282.0,0.755,,47.88888888888889,4,25,1,0,0,Commercial,21.925312848858322,6,"templates, email templates, advertising"
email advertising price,47.0,0.755,,25.66666666666667,3,23,0,0,0,Commercial,30.666829355958676,6,"templates, email templates, advertising"
software email advertising,53.0,0.755,,64.11111111111111,3,26,0,0,0,Navigational,15.29281427729039,6,"templates, email templates, advertising"
course email advertising,1365.0,0.755,,58.44444444444444,3,24,0,0,0,Navigational,18.38225781589986,6,"templates, email templates, advertising"
examples email advertising,135.0,0.755,,38.22222222222222,3,26,0,0,0,Informational,25.699793387342375,6,"templates, email templates, advertising"
app email advertising,19.0,0.755,,0.6666666666666663,3,21,0,0,0,Navigational,40.6492700934477,6,"templates, email templates, advertising"
review email advertising,7579.0,0.755,,31.666666666666664,3,24,0,0,0,Commercial,32.990270971410766,6,"templates, email templates, advertising"
email advertising checklist,6478.0,0.755,,66.55555555555556,3,27,0,0,0,Navigational,18.344260129262967,6,"templates, email templates, advertising"
email advertising template,243.0,0.755,,13.555555555555554,3,26,0,0,0,Navigational,35.63418863797994,6,"templates, email templates, advertising"
email advertising ideas,5348.0,0.755,,71.33333333333334,3,23,0,0,0,Navigational,15.724507352530392,6,"templates, email templates, advertising"
strategy email advertising,3521.0,0.755,,33.88888888888889,3,26,0,0,0,Navigational,29.556543251467094,6,"templates, email templates, advertising"
best email questions,3420.0,0.755,,73.44444444444443,3,20,0,0,0,Commercial,13.670982260901729,8,"questions, questions email, interview"
how to email questions,935.0,0.755,,85.55555555555556,4,22,1,0,1,Informational,7.268153268608304,8,"questions, questions email, interview"
free email questions,174.0,0.755,,44.888888888888886,3,20,0,0,0,Navigational,23.05758426488742,8,"questions, questions email, interview"
for beginners email questions,76.0,0.755,,71.77777777777777,4,29,1,0,0,Navigational,12.240571290543459,8,"questions, questions email, interview"
email questions tools,668.0,0.755,,54.55555555555556,3,21,0,0,0,Navigational,19.5007131582358,8,"questions, questions email, interview"
2026 email questions,253.0,0.755,,11.555555555555557,3,20,0,1,0,Navigational,36.440459803162426,8,"questions, questions email, interview"
vs email questions,106.0,0.755,,43.666666666666664,3,18,0,0,0,Commercial,23.503829230535374,8,"questions, questions email, interview"
guide email questions,36.0,0.755,,26.111111111111114,3,21,0,0,0,Informational,30.482153296480156,8,"questions, questions email, interview"
email questions tips,162.0,0.755,,27.111111111111107,3,20,0,0,0,Informational,30.16116997777954,8,"questions, questions email, interview"
near me email questions,3702.0,0.755,,13.111111111111112,4,23,1,0,0,Commercial,37.98116245238129,8,"questions, questions email, interview"
price email questions,2495.0,0.755,,34.44444444444444,3,21,0,0,0,Commercial,28.69089948152132,8,"questions, questions email, interview"
email questions software,3779.0,0.755,,54.333333333333336,3,24,0,0,0,Navigational,21.540561535397586,8,"questions, questions email, interview"
email questions course,307.0,0.755,,78.66666666666666,3,22,0,0,0,Navigational,9.62987965070344,8,"questions, questions email, interview"
examples email questions,65.0,0.755,,69.11111111111111,3,24,0,0,0,Informational,13.300339675509381,8,"questions, questions email, interview"
app email questions,488.0,0.755,,19.77777777777778,3,19,0,0,0,Navigational,33.29894329606207,8,"questions, questions email, interview"
review email questions,498.0,0.755,,2.666666666666667,3,22,0,0,0,Commercial,40.14965890568901,8,"questions, questions email, interview"
email questions checklist,878.0,0.755,,22.22222222222222,3,25,0,0,0,Navigational,32.56574096040144,8,"questions, questions email, interview"
email questions template,26.0,0.755,,36.44444444444444,3,24,0,0,0,Navigational,26.342548797964337,8,"questions, questions email, interview"
ideas email questions,1981.0,0.755,,29.000000000000004,3,21,0,0,0,Navigational,30.546339368919064,8,"questions, questions email, interview"
strategy email questions,778.0,0.755,,87.88888888888889,3,24,0,0,0,Navigational,6.236362641909869,8,"questions, questions email, interview"
email marketing kya hai best,564.0,0.755,,51.444444444444436,5,28,1,0,0,Commercial,20.679937484782347,1,"marketing, email marketing, email"
how to email marketing kya hai,13.0,0.755,,44.77777777777777,6,30,1,0,1,Informational,23.001062949893765,1,"marketing, email marketing, email"
free email marketing kya hai,2543.0,0.755,,82.66666666666667,5,28,1,0,0,Navigational,9.432112185508386,1,"marketing, email marketing, email"
for beginners email marketing kya hai,353.0,0.755,,31.999999999999996,6,37,1,0,0,Navigational,28.325393677209558,1,"marketing, email marketing, email"
tools email marketing kya hai,83.0,0.755,,91.88888888888889,5,29,1,0,0,Navigational,4.2005166617267555,3,"tools, marketing tools, free"
email marketing kya hai 2026,2590.0,0.755,,39.22222222222222,5,28,1,1,0,Navigational,26.839364439643866,1,"marketing, email marketing, email"
vs email marketing kya hai,2588.0,0.755,,8.555555555555555,5,26,1,0,0,Commercial,39.104776873274034,0,"vs, sample, marketing sample"
email marketing kya hai guide,328.0,0.755,,79.77777777777777,5,29,1,0,0,Informational,9.198604653142228,1,"marketing, email marketing, email"
email marketing kya hai tips,92.0,0.755,,26.666666666666668,5,28,1,0,0,Informational,30.29504959927989,1,"marketing, email marketing, email"
near me email marketing kya hai,339.0,0.755,,68.66666666666667,6,31,1,0,0,Commercial,13.649947379287406,1,"marketing, email marketing, email"
email marketing kya hai price,1003.0,0.755,,66.0,5,29,1,0,0,Commercial,15.133019414071464,1,"marketing, email marketing, email"
software email marketing kya hai,875.0,0.755,,7.222222222222221,5,32,1,0,0,Navigational,38.5638596108467,7,"software, marketing software, strategy"
course email marketing kya hai,414.0,0.755,,27.999999999999996,5,30,1,0,0,Navigational,29.96364778482275,1,"marketing, email marketing, email"
email marketing kya hai examples,17354.0,0.755,,86.8888888888889,5,32,1,0,0,Informational,17.031446048406643,1,"marketing, email marketing, email"
app email marketing kya hai,50.0,0.755,,3.6666666666666674,5,27,1,0,0,Navigational,39.46871070551342,1,"marketing, email marketing, email"
email marketing kya hai review,208.0,0.755,,96.77777777777777,5,30,1,0,0,Commercial,2.323350670952336,1,"marketing, email marketing, email"
email marketing kya hai checklist,207.0,0.755,,88.55555555555556,5,33,1,0,0,Navigational,5.611612443322975,1,"marketing, email marketing, email"
email marketing kya hai template,1444.0,0.755,,64.22222222222221,5,32,1,0,0,Navigational,16.120688909730426,1,"marketing, email marketing, email"
email marketing kya hai ideas,352.0,0.755,,28.555555555555557,5,29,1,0,0,Navigational,29.70254433846909,1,"marketing, email marketing, email"
strategy email marketing kya hai,1287.0,0.755,,34.0,5,32,1,0,0,Navigational,28.1111205052542,1,"marketing, email marketing, email"
what is email marketing in digital marketing best,326.0,0.755,,15.777777777777777,8,49,1,0,1,Commercial,34.79735042010573,1,"marketing, email marketing, email"
how to what is email marketing in digital marketing,3226.0,0.755,,70.88888888888889,9,51,1,0,1,Informational,14.57154387858362,1,"marketing, email marketing, email"
what is email marketing in digital marketing free,303.0,0.755,,77.0,8,49,1,0,1,Informational,10.294037851297109,1,"marketing, email marketing, email"
for beginners what is email marketing in digital marketing,996.0,0.755,,16.88888888888889,9,58,1,0,1,Informational,34.77307404288817,1,"marketing, email marketing, email"
tools what is email marketing in digital marketing,182.0,0.755,,84.0,8,50,1,0,1,Informational,7.418156752588971,3,"tools, marketing tools, free"
2026 what is email marketing in digital marketing,2652.0,0.755,,7.888888888888888,8,49,1,1,1,Informational,39.41157899710865,1,"marketing, email marketing, email"
vs what is email marketing in digital marketing,1436.0,0.755,,37.888888888888886,8,47,1,0,1,Commercial,26.64900531091776,0,"vs, sample, marketing sample"
guide what is email marketing in digital marketing,118.0,0.755,,54.888888888888886,8,50,1,0,1,Informational,19.022465739865474,1,"marketing, email marketing, email"
what is email marketing in digital marketing tips,257.0,0.755,,1.4444444444444442,8,49,1,0,1,Informational,40.48741271367987,1,"marketing, email marketing, email"
what is email marketing in digital marketing near me,43.0,0.755,,39.0,9,52,1,0,1,Commercial,25.330987556552348,1,"marketing, email marketing, email"
what is email marketing in digital marketing price,1070.0,0.755,,51.55555555555556,8,50,1,0,1,Commercial,20.952813998571933,1,"marketing, email marketing, email"
software what is email marketing in digital marketing,478.0,0.755,,58.88888888888889,8,53,1,0,1,Informational,17.648227686435142,7,"software, marketing software, strategy"
what is email marketing in digital marketing course,242.0,0.755,,59.44444444444444,8,51,1,0,1,Informational,17.278005965906136,2,"course, marketing course, email marketing"
examples what is email marketing in digital marketing,2334.0,0.755,,46.111111111111114,8,53,1,0,1,Informational,23.92326705541655,1,"marketing, email marketing, email"
what is email marketing in digital marketing app,2096.0,0.755,,49.66666666666667,8,48,1,0,1,Informational,22.351791101851045,1,"marketing, email marketing, email"
review what is email marketing in digital marketing,812.0,0.755,,59.88888888888889,8,51,1,0,1,Commercial,17.457684603530335,1,"marketing, email marketing, email"
checklist what is email marketing in digital marketing,94.0,0.755,,13.444444444444445,8,54,1,0,1,Informational,35.58519272120527,1,"marketing, email marketing, email"
what is email marketing in digital marketing template,254.0,0.755,,22.333333333333336,8,53,1,0,1,Informational,32.12997580856957,1,"marketing, email marketing, email"
ideas what is email marketing in digital marketing,449.0,0.755,,15.444444444444445,8,50,1,0,1,Informational,35.0078190851837,1,"marketing, email marketing, email"
what is email marketing in digital marketing strategy,758.0,0.755,,47.22222222222222,8,53,1,0,1,Informational,22.490486978211553,7,"software, marketing software, strategy"
questions about email best,6592.0,0.755,,60.33333333333333,4,26,1,0,0,Commercial,20.904640301232256,8,"questions, questions email, interview"
how to questions about email,804.0,0.755,,11.333333333333332,5,28,1,0,1,Informational,36.874889893606564,8,"questions, questions email, interview"
free questions about email,132.0,0.755,,90.66666666666666,4,26,1,0,0,Navigational,4.720134260009851,8,"questions, questions email, interview"
for beginners questions about email,430.0,0.755,,78.11111111111111,5,35,1,0,0,Navigational,9.929237204670299,8,"questions, questions email, interview"
tools questions about email,162.0,0.755,,46.111111111111114,4,27,1,0,0,Navigational,22.561169977779542,8,"questions, questions email, interview"
questions about email 2026,722.0,0.755,,42.44444444444444,4,26,1,1,0,Navigational,24.379021894665698,8,"questions, questions email, interview"
vs questions about email,434.0,0.755,,76.8888888888889,4,24,1,0,0,Commercial,10.42063455963218,8,"questions, questions email, interview"
questions about email guide,175.0,0.755,,16.11111111111111,4,27,1,0,0,Informational,34.56932249251678,8,"questions, questions email, interview"
questions about email tips,26.0,0.755,,10.777777777777777,4,26,1,0,0,Informational,36.609215464631,8,"questions, questions email, interview"
near me questions about email,111.0,0.755,,66.22222222222221,5,29,1,0,0,Commercial,14.484742590904402,8,"questions, questions email, interview"
questions about email price,393.0,0.755,,44.33333333333333,4,27,1,0,0,Commercial,23.417145004606194,8,"questions, questions email, interview"
software questions about email,8.0,0.755,,62.11111111111111,4,30,1,0,0,Navigational,16.064594033969186,8,"questions, questions email, interview"
course questions about email,3234.0,0.755,,69.77777777777777,4,28,1,0,0,Navigational,15.02100525517406,8,"questions, questions email, interview"
examples questions about email,444.0,0.755,,36.22222222222222,4,30,1,0,0,Informational,26.69357239148134,8,"questions, questions email, interview"
questions about email app,2993.0,0.755,,16.666666666666664,4,25,1,0,0,Navigational,36.11431461872047,8,"questions, questions email, interview"
questions about email review,63.0,0.755,,38.333333333333336,4,28,1,0,0,Commercial,25.610196553583997,8,"questions, questions email, interview"
questions about email checklist,24.0,0.755,,4.555555555555555,4,31,1,0,0,Navigational,39.09685012048339,8,"questions, questions email, interview"
questions about email template,3153.0,0.755,,12.888888888888891,4,30,1,0,0,Navigational,37.725764372751435,8,"questions, questions email, interview"
questions about email ideas,85.0,0.755,,97.66666666666667,4,27,1,0,0,Navigational,1.8906597836521413,8,"questions, questions email, interview"
strategy questions about email,173.0,0.755,,11.222222222222221,4,30,1,0,0,Navigational,36.52362381503584,8,"questions, questions email, interview"
email campaign software best,454.0,0.755,,22.11111111111111,4,28,1,0,0,Commercial,32.344288001108275,9,"campaign, email campaign, email"
how to email campaign software,1130.0,0.755,,85.44444444444446,5,30,1,0,1,Informational,7.434885434111317,9,"campaign, email campaign, email"
free email campaign software,135.0,0.755,,44.0,4,28,1,0,0,Navigational,23.388682276231265,9,"campaign, email campaign, email"
email campaign software for beginners,363.0,0.755,,90.66666666666666,5,37,1,0,0,Navigational,4.864998175725388,9,"campaign, email campaign, email"
tools email campaign software,316.0,0.755,,35.888888888888886,4,29,1,0,0,Navigational,26.746634810478792,9,"campaign, email campaign, email"
email campaign software 2026,63.0,0.755,,1.7777777777777775,4,28,1,1,0,Navigational,40.23241877580622,9,"campaign, email campaign, email"
email campaign software vs,412.0,0.755,,55.44444444444444,4,26,1,0,0,Commercial,18.984615774008486,9,"campaign, email campaign, email"
email campaign software guide,531.0,0.755,,43.888888888888886,4,29,1,0,0,Informational,23.68146486190234,9,"campaign, email campaign, email"
email campaign software tips,267.0,0.755,,61.66666666666667,4,28,1,0,0,Informational,16.404794989973475,9,"campaign, email campaign, email"
near me email campaign software,1359.0,0.755,,60.0,5,31,1,0,0,Commercial,17.75627289456814,9,"campaign, email campaign, email"
price email campaign software,55.0,0.755,,89.77777777777777,4,29,1,0,0,Commercial,5.027401843660229,9,"campaign, email campaign, email"
software email campaign software,556.0,0.755,,89.66666666666667,4,32,1,0,0,Navigational,5.386031663747458,9,"campaign, email campaign, email"
course email campaign software,46.0,0.755,,40.33333333333333,4,30,1,0,0,Navigational,24.799535572773763,9,"campaign, email campaign, email"
examples email campaign software,137.0,0.755,,84.44444444444444,4,32,1,0,0,Informational,7.212158731489985,9,"campaign, email campaign, email"
email campaign software app,15.0,0.755,,41.77777777777778,4,27,1,0,0,Navigational,24.202317182930262,9,"campaign, email campaign, email"
email campaign software review,110.0,0.755,,83.77777777777779,4,30,1,0,0,Commercial,7.461893252163923,9,"campaign, email campaign, email"
checklist email campaign software,2066.0,0.755,,11.666666666666666,4,33,1,0,0,Navigational,37.53297760630357,9,"campaign, email campaign, email"
email campaign software template,12.0,0.755,,37.333333333333336,4,32,1,0,0,Navigational,25.978213611153294,9,"campaign, email campaign, email"
email campaign software ideas,670.0,0.755,,69.44444444444444,4,29,1,0,0,Navigational,13.546411835716746,9,"campaign, email campaign, email"
email campaign software strategy,682.0,0.755,,70.0,4,32,1,0,0,Navigational,13.331715011713513,9,"campaign, email campaign, email"
best strategy for email marketing,36.0,0.755,,21.444444444444446,5,33,1,0,0,Commercial,32.34881996314682,7,"software, marketing software, strategy"
how to strategy for email marketing,1317.0,0.755,,55.111111111111114,6,35,1,0,1,Informational,19.685489556357236,7,"software, marketing software, strategy"
strategy for email marketing free,2531.0,0.755,,14.555555555555557,5,33,1,0,0,Navigational,36.66903123173384,7,"software, marketing software, strategy"
strategy for email marketing for beginners,170.0,0.755,,51.22222222222222,6,42,1,0,0,Navigational,20.521742465481093,7,"software, marketing software, strategy"
tools strategy for email marketing,223.0,0.755,,46.77777777777778,5,34,1,0,0,Navigational,22.33275741872607,7,"software, marketing software, strategy"
2026 strategy for email marketing,314.0,0.755,,97.33333333333333,5,33,1,1,0,Navigational,2.1676027996645173,7,"software, marketing software, strategy"
vs strategy for email marketing,79.0,0.755,,2.333333333333333,5,31,1,0,0,Commercial,40.020230417875986,0,"vs, sample, marketing sample"
guide strategy for email marketing,27.0,0.755,,36.88888888888889,5,34,1,0,0,Informational,26.1653981367048,7,"software, marketing software, strategy"
strategy for email marketing tips,161.0,0.755,,24.77777777777778,5,33,1,0,0,Informational,31.09387619459463,7,"software, marketing software, strategy"
near me strategy for email marketing,131.0,0.755,,57.77777777777777,6,36,1,0,0,Commercial,17.87506269904716,7,"software, marketing software, strategy"
strategy for email marketing price,511.0,0.755,,42.77777777777778,5,34,1,0,0,Commercial,24.113366975981805,7,"software, marketing software, strategy"
software strategy for email marketing,774.0,0.755,,66.66666666666666,5,37,1,0,0,Navigational,14.722743064725766,7,"software, marketing software, strategy"
strategy for email marketing course,823.0,0.755,,27.333333333333336,5,35,1,0,0,Navigational,30.48680510745329,2,"course, marketing course, email marketing"
strategy for email marketing examples,984.0,0.755,,43.77777777777778,5,37,1,0,0,Informational,24.00999308911362,7,"software, marketing software, strategy"
strategy for email marketing app,4140.0,0.755,,85.66666666666666,5,32,1,0,0,Navigational,9.233617265152173,7,"software, marketing software, strategy"
strategy for email marketing review,57.0,0.755,,15.22222222222222,5,35,1,0,0,Commercial,34.85087829891895,7,"software, marketing software, strategy"
checklist strategy for email marketing,167.0,0.755,,82.33333333333333,5,38,1,0,0,Navigational,8.075416671481902,7,"software, marketing software, strategy"
strategy for email marketing template,1256.0,0.755,,44.0,5,37,1,0,0,Navigational,24.091679893188488,7,"software, marketing software, strategy"
ideas strategy for email marketing,1102.0,0.755,,78.66666666666666,5,34,1,0,0,Navigational,10.128437282711461,7,"software, marketing software, strategy"
strategy strategy for email marketing,196.0,0.755,,81.22222222222221,5,37,1,0,0,Navigational,8.53804749495557,7,"software, marketing software, strategy"
best strategies for email marketing,237.0,0.755,,42.44444444444444,5,35,1,0,0,Commercial,24.074870383314895,4,"strategies, marketing strategies, marketing"
how to strategies for email marketing,2694.0,0.755,,56.55555555555556,6,37,1,0,1,Informational,19.97125122420844,4,"strategies, marketing strategies, marketing"
strategies for email marketing free,796.0,0.755,,63.44444444444445,5,35,1,0,0,Navigational,16.02542851701613,4,"strategies, marketing strategies, marketing"
strategies for email marketing for beginners,3030.0,0.755,,69.11111111111111,6,44,1,0,0,Navigational,15.159740152117912,4,"strategies, marketing strategies, marketing"
strategies for email marketing tools,27.0,0.755,,68.44444444444444,5,36,1,0,0,Navigational,13.543175914482585,3,"tools, marketing tools, free"
strategies for email marketing 2026,68.0,0.755,,70.66666666666666,5,35,1,1,0,Navigational,12.679998802841913,4,"strategies, marketing strategies, marketing"
vs strategies for email marketing,214.0,0.755,,37.888888888888886,5,33,1,0,0,Commercial,25.882668925617384,4,"strategies, marketing strategies, marketing"
guide strategies for email marketing,222.0,0.755,,23.88888888888889,5,36,1,0,0,Informational,31.487685857763374,4,"strategies, marketing strategies, marketing"
tips strategies for email marketing,399.0,0.755,,63.44444444444445,5,35,1,0,0,Informational,15.776463259271242,4,"strategies, marketing strategies, marketing"
near me strategies for email marketing,6449.0,0.755,,27.111111111111107,6,38,1,0,0,Commercial,34.10385152801152,4,"strategies, marketing strategies, marketing"
strategies for email marketing price,183.0,0.755,,22.333333333333336,5,36,1,0,0,Commercial,32.08545053577388,4,"strategies, marketing strategies, marketing"
software strategies for email marketing,275.0,0.755,,3.111111111111111,5,39,1,0,0,Navigational,39.83203414434169,4,"strategies, marketing strategies, marketing"
strategies for email marketing course,661.0,0.755,,55.44444444444444,5,37,1,0,0,Navigational,19.140767787052507,2,"course, marketing course, email marketing"
strategies for email marketing examples,303.0,0.755,,45.55555555555556,5,39,1,0,0,Informational,22.87181562907489,4,"strategies, marketing strategies, marketing"
app strategies for email marketing,195.0,0.755,,98.77777777777779,5,34,1,0,0,Navigational,1.515198156215093,4,"strategies, marketing strategies, marketing"
strategies for email marketing review,218.0,0.755,,18.555555555555557,5,37,1,0,0,Commercial,33.61851072502371,4,"strategies, marketing strategies, marketing"
checklist strategies for email marketing,117.0,0.755,,60.33333333333333,5,40,1,0,0,Navigational,16.84406084556945,4,"strategies, marketing strategies, marketing"
strategies for email marketing template,326.0,0.755,,32.666666666666664,5,39,1,0,0,Navigational,28.041794864550173,4,"strategies, marketing strategies, marketing"
ideas strategies for email marketing,365.0,0.755,,10.666666666666666,5,36,1,0,0,Navigational,36.86625240876189,4,"strategies, marketing strategies, marketing"
strategies for email marketing strategy,424.0,0.755,,70.33333333333333,5,39,1,0,0,Navigational,13.036585616671918,4,"strategies, marketing strategies, marketing"
best mailing marketing strategies,109.0,0.755,,26.111111111111114,4,33,1,0,0,Commercial,30.527932802312343,4,"strategies, marketing strategies, marketing"
how to mailing marketing strategies,1618.0,0.755,,74.11111111111111,5,35,1,0,1,Informational,12.274251628350205,4,"strategies, marketing strategies, marketing"
free mailing marketing strategies,162.0,0.755,,74.66666666666667,4,33,1,0,0,Navigational,11.138947755557322,4,"strategies, marketing strategies, marketing"
mailing marketing strategies for beginners,296.0,0.755,,69.44444444444444,5,42,1,0,0,Navigational,13.311870257891586,4,"strategies, marketing strategies, marketing"
mailing marketing strategies tools,896.0,0.755,,54.222222222222214,4,34,1,0,0,Navigational,19.777029057729926,4,"strategies, marketing strategies, marketing"
mailing marketing strategies 2026,581.0,0.755,,94.8888888888889,4,33,1,1,0,Navigational,3.312820687814793,4,"strategies, marketing strategies, marketing"
mailing marketing strategies vs,199.0,0.755,,6.000000000000001,4,31,1,0,0,Commercial,38.6288177333992,4,"strategies, marketing strategies, marketing"
mailing marketing strategies guide,161.0,0.755,,65.88888888888889,4,34,1,0,0,Informational,14.649431750150185,4,"strategies, marketing strategies, marketing"
tips mailing marketing strategies,288.0,0.755,,38.333333333333336,4,33,1,0,0,Informational,25.75129777019004,4,"strategies, marketing strategies, marketing"
near me mailing marketing strategies,5621.0,0.755,,30.555555555555557,5,36,1,0,0,Commercial,32.2068212731235,4,"strategies, marketing strategies, marketing"
mailing marketing strategies price,1895.0,0.755,,95.44444444444446,4,34,1,0,0,Commercial,3.914629570571865,4,"strategies, marketing strategies, marketing"
mailing marketing strategies software,2862.0,0.755,,36.22222222222222,4,37,1,0,0,Navigational,28.20994013260762,4,"strategies, marketing strategies, marketing"
course mailing marketing strategies,521.0,0.755,,90.0,4,35,1,0,0,Navigational,5.230749252275407,4,"strategies, marketing strategies, marketing"
examples mailing marketing strategies,291.0,0.755,,42.77777777777778,4,37,1,0,0,Informational,23.97540134196701,4,"strategies, marketing strategies, marketing"
app mailing marketing strategies,332.0,0.755,,84.55555555555556,4,32,1,0,0,Navigational,7.290002008104107,4,"strategies, marketing strategies, marketing"
mailing marketing strategies review,2033.0,0.755,,69.33333333333334,4,35,1,0,0,Commercial,14.445616094534683,4,"strategies, marketing strategies, marketing"
mailing marketing strategies checklist,945.0,0.755,,62.33333333333333,4,38,1,0,0,Navigational,16.56331332267969,4,"strategies, marketing strategies, marketing"
mailing marketing strategies template,1452.0,0.755,,62.33333333333333,4,37,1,0,0,Navigational,16.881261397431974,4,"strategies, marketing strategies, marketing"
mailing marketing strategies ideas,533.0,0.755,,93.22222222222223,4,34,1,0,0,Navigational,3.949385761605506,4,"strategies, marketing strategies, marketing"
mailing marketing strategies strategy,887.0,0.755,,61.44444444444444,4,37,1,0,0,Navigational,16.882496120176796,4,"strategies, marketing strategies, marketing"
best email marketing approach,96.0,0.755,,36.0,4,29,1,0,0,Commercial,26.564224732019547,1,"marketing, email marketing, email"
email marketing approach how to,926.0,0.755,,25.88888888888889,5,31,1,0,1,Informational,31.129175886610728,1,"marketing, email marketing, email"
free email marketing approach,179.0,0.755,,51.0,4,29,1,0,0,Navigational,20.616275403034223,1,"marketing, email marketing, email"
for beginners email marketing approach,18535.0,0.755,,15.0,5,38,1,0,0,Navigational,46.52762621201437,1,"marketing, email marketing, email"
tools email marketing approach,303.0,0.755,,83.88888888888889,4,30,1,0,0,Navigational,7.538482295741552,3,"tools, marketing tools, free"
2026 email marketing approach,290.0,0.755,,89.66666666666667,4,29,1,1,0,Navigational,5.219218669893201,1,"marketing, email marketing, email"
vs email marketing approach,39.0,0.755,,94.44444444444444,4,27,1,0,0,Commercial,3.1507013127015737,0,"vs, sample, marketing sample"
guide email marketing approach,169.0,0.755,,94.44444444444444,4,30,1,0,0,Informational,3.2322264600739543,1,"marketing, email marketing, email"
email marketing approach tips,109.0,0.755,,13.555555555555554,4,29,1,0,0,Informational,35.55015502453456,1,"marketing, email marketing, email"
email marketing approach near me,52.0,0.755,,89.77777777777777,5,32,1,0,0,Commercial,5.025520494105481,1,"marketing, email marketing, email"
email marketing approach price,710.0,0.755,,54.55555555555556,4,30,1,0,0,Commercial,19.527052052002265,1,"marketing, email marketing, email"
software email marketing approach,156.0,0.755,,72.0,4,33,1,0,0,Navigational,12.201851723114496,7,"software, marketing software, strategy"
course email marketing approach,3259.0,0.755,,76.44444444444444,4,31,1,0,0,Navigational,12.370016501463615,2,"course, marketing course, email marketing"
examples email marketing approach,82.0,0.755,,26.333333333333332,4,33,1,0,0,Informational,30.422111767430728,1,"marketing, email marketing, email"
app email marketing approach,211.0,0.755,,38.666666666666664,4,28,1,0,0,Navigational,25.569676464951524,1,"marketing, email marketing, email"
review email marketing approach,2410.0,0.755,,36.44444444444444,4,31,1,0,0,Commercial,27.83759457747015,1,"marketing, email marketing, email"
checklist email marketing approach,287.0,0.755,,42.88888888888889,4,34,1,0,0,Navigational,23.928448431449567,1,"marketing, email marketing, email"
email marketing approach template,1598.0,0.755,,41.11111111111111,4,33,1,0,0,Navigational,25.461709297985223,1,"marketing, email marketing, email"
ideas email marketing approach,978.0,0.755,,71.55555555555556,4,30,1,0,0,Navigational,12.895119278893013,1,"marketing, email marketing, email"
strategy email marketing approach,225.0,0.755,,75.1111111111111,4,33,1,0,0,Navigational,11.000678318429243,7,"software, marketing software, strategy"
best email blast strategy,1884.0,0.755,,57.666666666666664,4,25,1,0,0,Commercial,19.01884239998224,7,"software, marketing software, strategy"
email blast strategy how to,63.0,0.755,,23.333333333333332,5,27,1,0,1,Informational,31.610196553583997,7,"software, marketing software, strategy"
free email blast strategy,368.0,0.755,,12.777777777777777,4,25,1,0,0,Navigational,36.02368931387219,7,"software, marketing software, strategy"
email blast strategy for beginners,399.0,0.755,,53.333333333333336,5,34,1,0,0,Navigational,19.820907703715687,7,"software, marketing software, strategy"
email blast strategy tools,1259.0,0.755,,0.8888888888888887,4,26,1,0,0,Navigational,41.33800568718768,7,"software, marketing software, strategy"
email blast strategy 2026,71.0,0.755,,61.55555555555555,4,25,1,1,0,Navigational,16.3263245968411,7,"software, marketing software, strategy"
email blast strategy vs,1024.0,0.755,,94.0,4,23,1,0,0,Commercial,3.9461888609546985,7,"software, marketing software, strategy"
email blast strategy guide,4796.0,0.755,,6.555555555555556,4,26,1,0,0,Informational,41.289450145568004,7,"software, marketing software, strategy"
email blast strategy tips,8588.0,0.755,,7.777777777777778,4,25,1,0,0,Informational,43.17858709387964,7,"software, marketing software, strategy"
near me email blast strategy,132.0,0.755,,18.0,5,28,1,0,0,Commercial,33.78680092667652,7,"software, marketing software, strategy"
price email blast strategy,8.0,0.755,,26.0,4,26,1,0,0,Commercial,30.509038478413625,7,"software, marketing software, strategy"
software email blast strategy,77.0,0.755,,26.0,4,29,1,0,0,Navigational,30.55230951817281,7,"software, marketing software, strategy"
course email blast strategy,12141.0,0.755,,58.22222222222222,4,27,1,0,0,Navigational,25.228954305440855,7,"software, marketing software, strategy"
email blast strategy examples,237.0,0.755,,57.88888888888889,4,29,1,0,0,Informational,17.897092605537114,7,"software, marketing software, strategy"
app email blast strategy,5453.0,0.755,,41.88888888888889,4,24,1,0,0,Navigational,27.568132364724324,7,"software, marketing software, strategy"
review email blast strategy,2069.0,0.755,,90.33333333333333,4,27,1,0,0,Commercial,6.0681922891916535,7,"software, marketing software, strategy"
checklist email blast strategy,1277.0,0.755,,55.333333333333336,4,30,1,0,0,Navigational,19.57151600673838,7,"software, marketing software, strategy"
email blast strategy template,325.0,0.755,,25.88888888888889,4,29,1,0,0,Navigational,30.75227885914303,7,"software, marketing software, strategy"
email blast strategy ideas,2742.0,0.755,,25.555555555555554,4,26,1,0,0,Navigational,32.4013528170844,7,"software, marketing software, strategy"
email blast strategy strategy,223.0,0.755,,52.11111111111111,4,29,1,0,0,Navigational,20.199424085392742,7,"software, marketing software, strategy"
best email blast marketing strategies,299.0,0.755,,87.11111111111111,5,37,1,0,0,Commercial,6.247084940779665,4,"strategies, marketing strategies, marketing"
email blast marketing strategies how to,3430.0,0.755,,55.333333333333336,6,39,1,0,1,Informational,20.921697870528654,4,"strategies, marketing strategies, marketing"
email blast marketing strategies free,4395.0,0.755,,68.77777777777779,5,37,1,0,0,Navigational,16.149087532861238,4,"strategies, marketing strategies, marketing"
for beginners email blast marketing strategies,4307.0,0.755,,69.0,6,46,1,0,0,Navigational,16.005012390366435,4,"strategies, marketing strategies, marketing"
tools email blast marketing strategies,840.0,0.755,,62.55555555555555,5,38,1,0,0,Navigational,16.408577199374644,4,"strategies, marketing strategies, marketing"
2026 email blast marketing strategies,690.0,0.755,,75.55555555555556,5,37,1,1,0,Navigational,11.114509721637283,4,"strategies, marketing strategies, marketing"
vs email blast marketing strategies,232.0,0.755,,37.44444444444445,5,35,1,0,0,Commercial,26.07173480072364,4,"strategies, marketing strategies, marketing"
email blast marketing strategies guide,48.0,0.755,,85.0,5,38,1,0,0,Informational,6.934123139143593,4,"strategies, marketing strategies, marketing"
email blast marketing strategies tips,764.0,0.755,,62.44444444444445,5,37,1,0,0,Informational,16.40536078843216,4,"strategies, marketing strategies, marketing"
email blast marketing strategies near me,2499.0,0.755,,98.1111111111111,6,40,1,0,0,Commercial,3.22674128092765,4,"strategies, marketing strategies, marketing"
email blast marketing strategies price,122.0,0.755,,39.77777777777777,5,38,1,0,0,Commercial,25.069418650382914,4,"strategies, marketing strategies, marketing"
email blast marketing strategies software,503.0,0.755,,97.33333333333333,5,41,1,0,0,Navigational,2.2861278216135936,4,"strategies, marketing strategies, marketing"
course email blast marketing strategies,2261.0,0.755,,85.22222222222223,5,39,1,0,0,Navigational,8.233043105139918,4,"strategies, marketing strategies, marketing"
examples email blast marketing strategies,1235.0,0.755,,78.33333333333333,5,41,1,0,0,Informational,10.345177112971921,4,"strategies, marketing strategies, marketing"
email blast marketing strategies app,1592.0,0.755,,69.77777777777777,5,36,1,0,0,Navigational,13.991279932209066,4,"strategies, marketing strategies, marketing"
email blast marketing strategies review,908.0,0.755,,20.88888888888889,5,39,1,0,0,Commercial,33.11788778928225,4,"strategies, marketing strategies, marketing"
checklist email blast marketing strategies,50.0,0.755,,92.55555555555556,5,42,1,0,0,Navigational,3.9131551499578676,4,"strategies, marketing strategies, marketing"
template email blast marketing strategies,1254.0,0.755,,95.77777777777779,5,41,1,0,0,Navigational,3.3793145490408723,4,"strategies, marketing strategies, marketing"
ideas email blast marketing strategies,93.0,0.755,,15.444444444444445,5,38,1,0,0,Navigational,34.784565604687025,4,"strategies, marketing strategies, marketing"
email blast marketing strategies strategy,557.0,0.755,,13.88888888888889,5,41,1,0,0,Navigational,35.69776989137682,4,"strategies, marketing strategies, marketing"
best email marketing strategy,2684.0,0.755,,76.66666666666667,4,29,1,0,0,Commercial,11.920535614581505,7,"software, marketing software, strategy"
email marketing strategy how to,539.0,0.755,,8.333333333333332,5,31,1,0,1,Informational,37.90870401627056,7,"software, marketing software, strategy"
free email marketing strategy,155.0,0.755,,93.44444444444444,4,29,1,0,0,Navigational,3.6234468288184676,7,"software, marketing software, strategy"
email marketing strategy for beginners,4659.0,0.755,,15.666666666666668,5,38,1,0,0,Navigational,37.55909073812344,7,"software, marketing software, strategy"
tools email marketing strategy,109.0,0.755,,42.22222222222222,4,30,1,0,0,Navigational,24.083488357867896,3,"tools, marketing tools, free"
2026 email marketing strategy,134.0,0.755,,59.33333333333333,4,29,1,1,0,Navigational,17.254721826379686,7,"software, marketing software, strategy"
email marketing strategy vs,365.0,0.755,,40.111111111111114,4,27,1,0,0,Commercial,25.088474630984102,0,"vs, sample, marketing sample"
guide email marketing strategy,2496.0,0.755,,94.8888888888889,4,30,1,0,0,Informational,4.513748820261785,7,"software, marketing software, strategy"
email marketing strategy tips,468.0,0.755,,67.33333333333333,4,29,1,0,0,Informational,14.264178743474876,7,"software, marketing software, strategy"
email marketing strategy near me,393.0,0.755,,39.33333333333333,5,32,1,0,0,Commercial,25.417145004606194,7,"software, marketing software, strategy"
email marketing strategy price,2999.0,0.755,,69.22222222222221,4,30,1,0,0,Commercial,15.095855095607746,7,"software, marketing software, strategy"
software email marketing strategy,10.0,0.755,,31.666666666666664,4,33,1,0,0,Navigational,28.24362604478346,7,"software, marketing software, strategy"
email marketing strategy course,115.0,0.755,,91.88888888888889,4,31,1,0,0,Navigational,4.2205843903107265,7,"software, marketing software, strategy"
examples email marketing strategy,53.0,0.755,,54.44444444444444,4,33,1,0,0,Informational,19.159480943957064,7,"software, marketing software, strategy"
email marketing strategy app,122.0,0.755,,69.8888888888889,4,28,1,0,0,Navigational,13.024974205938463,7,"software, marketing software, strategy"
review email marketing strategy,1465.0,0.755,,64.0,4,31,1,0,0,Commercial,16.222747245502543,7,"software, marketing software, strategy"
email marketing strategy checklist,95.0,0.755,,82.77777777777777,4,34,1,0,0,Navigational,7.852486504390191,7,"software, marketing software, strategy"
email marketing strategy template,797.0,0.755,,56.666666666666664,4,33,1,0,0,Navigational,18.73716674464549,7,"software, marketing software, strategy"
ideas email marketing strategy,1754.0,0.755,,62.66666666666667,4,30,1,0,0,Navigational,16.93731725260986,7,"software, marketing software, strategy"
email marketing strategy strategy,785.0,0.755,,88.22222222222223,4,33,1,0,0,Navigational,6.107419124204276,7,"software, marketing software, strategy"
best questions for email,2091.0,0.755,,67.44444444444446,4,24,1,0,0,Commercial,15.23754440814868,8,"questions, questions email, interview"
questions for email how to,425.0,0.755,,48.44444444444444,5,26,1,0,1,Informational,21.79276828874572,8,"questions, questions email, interview"
questions for email free,1163.0,0.755,,75.66666666666666,4,24,1,0,0,Navigational,11.366691390324656,8,"questions, questions email, interview"
questions for email for beginners,52.0,0.755,,20.555555555555554,5,33,1,0,0,Navigational,32.71440938299437,8,"questions, questions email, interview"
questions for email tools,346.0,0.755,,83.66666666666667,4,25,1,0,0,Navigational,7.654337194915153,8,"questions, questions email, interview"
questions for email 2026,300.0,0.755,,10.777777777777777,4,24,1,1,0,Navigational,36.78104539063125,8,"questions, questions email, interview"
questions for email vs,914.0,0.755,,58.22222222222222,4,22,1,0,0,Commercial,18.18831715505841,8,"questions, questions email, interview"
questions for email guide,1086.0,0.755,,44.77777777777777,4,25,1,0,0,Informational,23.673958973975033,8,"questions, questions email, interview"
tips questions for email,174.0,0.755,,75.66666666666666,4,24,1,0,0,Informational,10.746473153776313,8,"questions, questions email, interview"
near me questions for email,85.0,0.755,,58.77777777777777,5,27,1,0,0,Commercial,17.4462153392077,8,"questions, questions email, interview"
price questions for email,118.0,0.755,,71.22222222222221,4,25,1,0,0,Commercial,12.489132406532146,8,"questions, questions email, interview"
software questions for email,102.0,0.755,,63.66666666666666,4,28,1,0,0,Navigational,15.501320764462381,8,"questions, questions email, interview"
questions for email course,89.0,0.755,,85.66666666666666,4,26,1,0,0,Navigational,6.693168249725143,8,"questions, questions email, interview"
questions for email examples,1415.0,0.755,,65.55555555555556,4,28,1,0,0,Informational,15.569169197367867,8,"questions, questions email, interview"
app questions for email,5793.0,0.755,,23.444444444444446,4,23,1,0,0,Navigational,35.15912975870678,8,"questions, questions email, interview"
review questions for email,147.0,0.755,,88.22222222222223,4,26,1,0,0,Commercial,5.707318785561362,8,"questions, questions email, interview"
checklist questions for email,453.0,0.755,,79.8888888888889,4,29,1,0,0,Navigational,9.232549773478912,8,"questions, questions email, interview"
template questions for email,747.0,0.755,,32.11111111111111,4,28,1,0,0,Navigational,28.528033140955255,8,"questions, questions email, interview"
questions for email ideas,3668.0,0.755,,68.0,4,25,1,0,0,Navigational,16.004284935205266,8,"questions, questions email, interview"
questions for email strategy,97.0,0.755,,15.333333333333336,4,28,1,0,0,Navigational,34.831518515204465,8,"questions, questions email, interview"
best free email templates,314.0,0.755,,89.22222222222221,4,25,1,0,0,Commercial,5.412047244108963,6,"templates, email templates, advertising"
how to free email templates,953.0,0.755,,65.88888888888889,5,27,1,0,1,Informational,15.146108032603456,6,"templates, email templates, advertising"
free free email templates,589.0,0.755,,50.33333333333333,4,25,1,0,0,Navigational,21.140059842183014,6,"templates, email templates, advertising"
for beginners free email templates,2998.0,0.755,,41.66666666666667,5,34,1,0,0,Navigational,26.117450201311716,6,"templates, email templates, advertising"
free email templates tools,803.0,0.755,,44.888888888888886,4,26,1,0,0,Navigational,23.452040554866095,6,"templates, email templates, advertising"
free email templates 2026,90.0,0.755,,82.66666666666667,4,25,1,1,0,Navigational,7.893795366243389,6,"templates, email templates, advertising"
vs free email templates,292.0,0.755,,6.333333333333332,4,23,1,0,0,Commercial,38.553806236263036,6,"templates, email templates, advertising"
guide free email templates,89.0,0.755,,40.44444444444444,4,26,1,0,0,Informational,24.78205713861403,6,"templates, email templates, advertising"
tips free email templates,4224.0,0.755,,91.44444444444444,4,25,1,0,0,Informational,6.975183941573983,6,"templates, email templates, advertising"
near me free email templates,361.0,0.755,,16.222222222222225,5,28,1,0,0,Commercial,34.64152172046667,6,"templates, email templates, advertising"
price free email templates,164.0,0.755,,24.000000000000004,4,26,1,0,0,Commercial,31.40686865526049,6,"templates, email templates, advertising"
software free email templates,48.0,0.755,,50.111111111111114,4,29,1,0,0,Navigational,20.889678694699146,6,"templates, email templates, advertising"
course free email templates,484.0,0.755,,16.333333333333332,4,27,1,0,0,Navigational,34.674212607766854,6,"templates, email templates, advertising"
examples free email templates,828.0,0.755,,96.77777777777777,4,29,1,0,0,Informational,2.7121629122667668,6,"templates, email templates, advertising"
free email templates app,325.0,0.755,,69.44444444444444,4,24,1,0,0,Navigational,13.330056636920812,6,"templates, email templates, advertising"
review free email templates,283.0,0.755,,19.666666666666664,4,27,1,0,0,Commercial,33.21482885426546,6,"templates, email templates, advertising"
checklist free email templates,67.0,0.755,,94.8888888888889,4,30,1,0,0,Navigational,2.990482797434765,6,"templates, email templates, advertising"
free email templates template,355.0,0.755,,31.444444444444443,4,29,1,0,0,Navigational,28.548870132468284,6,"templates, email templates, advertising"
ideas free email templates,2193.0,0.755,,55.111111111111114,4,26,1,0,0,Navigational,20.234843626343434,6,"templates, email templates, advertising"
strategy free email templates,1665.0,0.755,,79.8888888888889,4,29,1,0,0,Navigational,9.992614993596801,6,"templates, email templates, advertising"
best e-mail marketing strategies,576.0,0.755,,73.66666666666666,4,32,1,0,0,Commercial,11.798573994112447,4,"strategies, marketing strategies, marketing"
e-mail marketing strategies how to,11.0,0.755,,24.666666666666664,5,34,1,0,1,Informational,31.044253161301715,4,"strategies, marketing strategies, marketing"
e-mail marketing strategies free,117.0,0.755,,69.44444444444444,4,32,1,0,0,Navigational,13.199616401125002,4,"strategies, marketing strategies, marketing"
for beginners e-mail marketing strategies,395.0,0.755,,40.0,5,41,1,0,0,Navigational,25.15173257097602,4,"strategies, marketing strategies, marketing"
tools e-mail marketing strategies,794.0,0.755,,62.22222222222222,4,33,1,0,0,Navigational,16.51306317286852,4,"strategies, marketing strategies, marketing"
e-mail marketing strategies 2026,1603.0,0.755,,0.22222222222222243,4,32,1,1,0,Navigational,41.820400436132026,4,"strategies, marketing strategies, marketing"
vs e-mail marketing strategies,21.0,0.755,,48.666666666666664,4,30,1,0,0,Commercial,21.450524326484206,4,"strategies, marketing strategies, marketing"
guide e-mail marketing strategies,663.0,0.755,,45.666666666666664,4,33,1,0,0,Informational,23.053133131200113,4,"strategies, marketing strategies, marketing"
e-mail marketing strategies tips,235.0,0.755,,42.666666666666664,4,32,1,0,0,Informational,23.98472726138951,4,"strategies, marketing strategies, marketing"
e-mail marketing strategies near me,226.0,0.755,,98.77777777777779,5,35,1,0,0,Commercial,1.5346387682808142,4,"strategies, marketing strategies, marketing"
price e-mail marketing strategies,196.0,0.755,,26.0,4,33,1,0,0,Commercial,30.626936383844455,4,"strategies, marketing strategies, marketing"
e-mail marketing strategies software,528.0,0.755,,7.000000000000001,4,36,1,0,0,Navigational,38.43513906790315,4,"strategies, marketing strategies, marketing"
e-mail marketing strategies course,353.0,0.755,,17.77777777777778,4,34,1,0,0,Navigational,34.014282566098444,4,"strategies, marketing strategies, marketing"
examples e-mail marketing strategies,1078.0,0.755,,68.0,4,36,1,0,0,Informational,14.380053152940144,4,"strategies, marketing strategies, marketing"
e-mail marketing strategies app,761.0,0.755,,41.11111111111111,4,31,1,0,0,Navigational,24.936812772210747,4,"strategies, marketing strategies, marketing"
review e-mail marketing strategies,371.0,0.755,,63.66666666666666,4,34,1,0,0,Commercial,15.670015107871382,4,"strategies, marketing strategies, marketing"
e-mail marketing strategies checklist,2446.0,0.755,,53.666666666666664,4,37,1,0,0,Navigational,20.971281883238227,4,"strategies, marketing strategies, marketing"
e-mail marketing strategies template,641.0,0.755,,31.888888888888893,4,36,1,0,0,Navigational,28.55044767890974,4,"strategies, marketing strategies, marketing"
e-mail marketing strategies ideas,353.0,0.755,,46.0,4,33,1,0,0,Navigational,22.725393677209567,4,"strategies, marketing strategies, marketing"
strategy e-mail marketing strategies,1168.0,0.755,,12.000000000000002,4,36,1,0,0,Navigational,36.836493639582564,4,"strategies, marketing strategies, marketing"
email campaign tools best,8223.0,0.755,,56.333333333333336,4,25,1,0,0,Commercial,23.527467342496504,9,"campaign, email campaign, email"
email campaign tools how to,265.0,0.755,,92.33333333333333,5,27,1,0,1,Informational,4.136874090270309,9,"campaign, email campaign, email"
email campaign tools free,719.0,0.755,,59.66666666666667,4,25,1,0,0,Navigational,17.488251656222058,9,"campaign, email campaign, email"
for beginners email campaign tools,1179.0,0.755,,18.22222222222222,5,34,1,0,0,Navigational,34.35450303239441,9,"campaign, email campaign, email"
email campaign tools tools,935.0,0.755,,77.66666666666667,4,26,1,0,0,Navigational,10.42370882416386,9,"campaign, email campaign, email"
2026 email campaign tools,548.0,0.755,,86.55555555555556,4,25,1,1,0,Navigational,6.625459176045913,9,"campaign, email campaign, email"
email campaign tools vs,421.0,0.755,,3.2222222222222228,4,23,1,0,0,Commercial,39.87914871156161,9,"campaign, email campaign, email"
guide email campaign tools,458.0,0.755,,3.555555555555555,4,26,1,0,0,Informational,39.76901868940349,9,"campaign, email campaign, email"
tips email campaign tools,26.0,0.755,,16.555555555555554,4,25,1,0,0,Informational,34.29810435351989,9,"campaign, email campaign, email"
email campaign tools near me,217.0,0.755,,34.333333333333336,5,28,1,0,0,Commercial,27.30677249739435,9,"campaign, email campaign, email"
email campaign tools price,1350.0,0.755,,3.555555555555555,4,26,1,0,0,Commercial,40.32840662368167,9,"campaign, email campaign, email"
email campaign tools software,74.0,0.755,,71.55555555555556,4,29,1,0,0,Navigational,12.328205946395844,9,"campaign, email campaign, email"
email campaign tools course,250.0,0.755,,53.11111111111111,4,27,1,0,0,Navigational,19.816356231385466,9,"campaign, email campaign, email"
email campaign tools examples,1619.0,0.755,,75.1111111111111,4,29,1,0,0,Informational,11.874878744868463,9,"campaign, email campaign, email"
app email campaign tools,739.0,0.755,,12.555555555555555,4,24,1,0,0,Navigational,36.34523843103148,9,"campaign, email campaign, email"
email campaign tools review,4132.0,0.755,,48.00000000000001,4,27,1,0,0,Commercial,24.29526699967284,9,"campaign, email campaign, email"
checklist email campaign tools,929.0,0.755,,78.44444444444444,4,30,1,0,0,Navigational,10.10883501394326,9,"campaign, email campaign, email"
template email campaign tools,468.0,0.755,,72.44444444444444,4,29,1,0,0,Navigational,12.21973429903043,9,"campaign, email campaign, email"
ideas email campaign tools,636.0,0.755,,77.88888888888889,4,26,1,0,0,Navigational,10.1473120963185,9,"campaign, email campaign, email"
strategy email campaign tools,3754.0,0.755,,82.88888888888889,4,29,1,0,0,Navigational,10.102661400219134,9,"campaign, email campaign, email"
email campaign tool best,6217.0,0.755,,39.22222222222222,4,24,1,0,0,Commercial,29.113916051333288,9,"campaign, email campaign, email"
email campaign tool how to,3092.0,0.755,,66.55555555555556,5,26,1,0,1,Informational,16.220843598471575,9,"campaign, email campaign, email"
email campaign tool free,192.0,0.755,,56.55555555555556,4,24,1,0,0,Navigational,18.402205695549238,9,"campaign, email campaign, email"
email campaign tool for beginners,65.0,0.755,,75.22222222222223,5,33,1,0,0,Navigational,10.855895231064938,9,"campaign, email campaign, email"
tools email campaign tool,137.0,0.755,,86.66666666666667,4,25,1,0,0,Navigational,6.323269842601093,9,"campaign, email campaign, email"
email campaign tool 2026,24.0,0.755,,25.222222222222225,4,24,1,1,0,Navigational,30.830183453816723,9,"campaign, email campaign, email"
vs email campaign tool,4964.0,0.755,,32.88888888888889,4,22,1,0,0,Commercial,30.86147238730052,9,"campaign, email campaign, email"
guide email campaign tool,340.0,0.755,,74.44444444444444,4,25,1,0,0,Informational,11.339463384694547,9,"campaign, email campaign, email"
tips email campaign tool,13.0,0.755,,13.555555555555554,4,24,1,0,0,Informational,35.48995183878265,9,"campaign, email campaign, email"
email campaign tool near me,326.0,0.755,,21.22222222222222,5,27,1,0,0,Commercial,32.619572642327945,9,"campaign, email campaign, email"
price email campaign tool,263.0,0.755,,91.0,4,25,1,0,0,Commercial,4.668953190567144,9,"campaign, email campaign, email"
software email campaign tool,2305.0,0.755,,96.22222222222221,4,28,1,0,0,Navigational,3.860636231942886,9,"campaign, email campaign, email"
course email campaign tool,97.0,0.755,,77.55555555555556,4,26,1,0,0,Navigational,9.942629626315577,9,"campaign, email campaign, email"
examples email campaign tool,465.0,0.755,,73.77777777777779,4,28,1,0,0,Informational,11.684519616142348,9,"campaign, email campaign, email"
app email campaign tool,414.0,0.755,,17.88888888888889,4,23,1,0,0,Navigational,34.0080922292672,9,"campaign, email campaign, email"
review email campaign tool,77.0,0.755,,56.777777777777786,4,26,1,0,0,Commercial,18.241198407061702,9,"campaign, email campaign, email"
email campaign tool checklist,3296.0,0.755,,17.444444444444443,4,29,1,0,0,Navigational,35.993219812638834,9,"campaign, email campaign, email"
template email campaign tool,151.0,0.755,,59.88888888888889,4,28,1,0,0,Navigational,17.043160584967694,9,"campaign, email campaign, email"
ideas email campaign tool,133.0,0.755,,79.77777777777777,4,25,1,0,0,Navigational,9.076316932083657,9,"campaign, email campaign, email"
strategy email campaign tool,853.0,0.755,,59.77777777777777,4,28,1,0,0,Navigational,17.527840825222995,9,"campaign, email campaign, email"
best emailing software,269.0,0.755,,25.333333333333336,3,22,0,0,0,Commercial,30.939382556343304,7,"software, marketing software, strategy"
emailing software how to,67.0,0.755,,59.555555555555564,4,24,1,0,1,Informational,17.123816130768102,7,"software, marketing software, strategy"
emailing software free,1126.0,0.755,,40.33333333333333,3,22,0,0,0,Navigational,25.47682141248277,7,"software, marketing software, strategy"
for beginners emailing software,999.0,0.755,,77.44444444444444,4,31,1,0,0,Navigational,10.552733170220696,7,"software, marketing software, strategy"
emailing software tools,217.0,0.755,,17.22222222222222,3,23,0,0,0,Navigational,34.1512169418388,7,"software, marketing software, strategy"
emailing software 2026,3873.0,0.755,,2.4444444444444446,3,22,0,1,0,Navigational,42.35506604366856,7,"software, marketing software, strategy"
emailing software vs,1065.0,0.755,,77.66666666666667,3,20,0,0,0,Commercial,10.505233971536242,7,"software, marketing software, strategy"
emailing software guide,1145.0,0.755,,24.444444444444443,3,23,0,0,0,Informational,31.844292181885052,7,"software, marketing software, strategy"
emailing software tips,56.0,0.755,,31.888888888888893,3,22,0,0,0,Informational,28.18358451573403,7,"software, marketing software, strategy"
emailing software near me,258.0,0.755,,34.44444444444444,4,25,1,0,0,Commercial,27.288039830198123,7,"software, marketing software, strategy"
price emailing software,2321.0,0.755,,44.33333333333333,3,23,0,0,0,Commercial,24.626225651790424,7,"software, marketing software, strategy"
emailing software software,65.0,0.755,,40.55555555555556,3,26,0,0,0,Navigational,24.722561897731605,7,"software, marketing software, strategy"
emailing software course,291.0,0.755,,86.77777777777777,3,24,0,0,0,Navigational,6.375401341967009,7,"software, marketing software, strategy"
examples emailing software,171.0,0.755,,34.44444444444444,3,26,0,0,0,Informational,27.23348069311045,7,"software, marketing software, strategy"
emailing software app,167.0,0.755,,38.0,3,21,0,0,0,Navigational,25.808750004815234,7,"software, marketing software, strategy"
emailing software review,12509.0,0.755,,96.11111111111111,3,24,0,0,0,Commercial,10.304177628600957,7,"software, marketing software, strategy"
checklist emailing software,2882.0,0.755,,43.77777777777778,3,27,0,0,0,Navigational,25.200260240750378,7,"software, marketing software, strategy"
template emailing software,389.0,0.755,,78.55555555555556,3,26,0,0,0,Navigational,9.725747649644308,7,"software, marketing software, strategy"
ideas emailing software,1320.0,0.755,,15.777777777777777,3,23,0,0,0,Navigational,35.42070423924531,7,"software, marketing software, strategy"
emailing software strategy,408.0,0.755,,47.44444444444445,3,26,0,0,0,Navigational,22.182107307935482,7,"software, marketing software, strategy"
interview questions for email marketing best,3334.0,0.755,,61.88888888888889,6,44,1,0,0,Commercial,18.23927246255452,8,"questions, questions email, interview"
interview questions for email marketing how to,402.0,0.755,,36.88888888888889,7,46,1,0,1,Informational,26.400566831048206,8,"questions, questions email, interview"
interview questions for email marketing free,438.0,0.755,,53.44444444444445,6,44,1,0,0,Navigational,19.800920803482956,8,"questions, questions email, interview"
for beginners interview questions for email marketing,431.0,0.755,,29.777777777777782,7,53,1,0,0,Navigational,29.26319765452188,8,"questions, questions email, interview"
interview questions for email marketing tools,774.0,0.755,,62.55555555555555,6,45,1,0,0,Navigational,16.367187509170204,8,"questions, questions email, interview"
2026 interview questions for email marketing,1701.0,0.755,,59.66666666666667,6,44,1,1,0,Navigational,18.104080077142658,8,"questions, questions email, interview"
vs interview questions for email marketing,1019.0,0.755,,38.666666666666664,6,42,1,0,0,Commercial,26.076386611696776,8,"questions, questions email, interview"
guide interview questions for email marketing,778.0,0.755,,42.77777777777778,6,45,1,0,0,Informational,24.28080708635431,8,"questions, questions email, interview"
tips interview questions for email marketing,4724.0,0.755,,64.22222222222221,6,44,1,0,0,Informational,18.177631089587415,8,"questions, questions email, interview"
near me interview questions for email marketing,3943.0,0.755,,0.8888888888888887,7,47,1,0,0,Commercial,43.02118642216821,8,"questions, questions email, interview"
price interview questions for email marketing,2482.0,0.755,,3.2222222222222228,6,45,1,0,0,Commercial,41.17163585567297,8,"questions, questions email, interview"
interview questions for email marketing software,1372.0,0.755,,97.44444444444444,6,48,1,0,0,Navigational,2.786647631527599,8,"questions, questions email, interview"
course interview questions for email marketing,131.0,0.755,,81.66666666666667,6,46,1,0,0,Navigational,8.319507143491595,8,"questions, questions email, interview"
interview questions for email marketing examples,6804.0,0.755,,72.33333333333333,6,48,1,0,0,Informational,16.237589003101057,8,"questions, questions email, interview"
app interview questions for email marketing,353.0,0.755,,7.888888888888888,6,43,1,0,0,Navigational,37.96983812165401,8,"questions, questions email, interview"
interview questions for email marketing review,757.0,0.755,,46.22222222222223,6,46,1,0,0,Commercial,22.889859861693303,8,"questions, questions email, interview"
interview questions for email marketing checklist,547.0,0.755,,4.444444444444445,6,49,1,0,0,Navigational,39.469276503972104,8,"questions, questions email, interview"
interview questions for email marketing template,338.0,0.755,,30.777777777777782,6,48,1,0,0,Navigational,28.804875818324717,8,"questions, questions email, interview"
interview questions for email marketing ideas,492.0,0.755,,39.33333333333333,6,45,1,0,0,Navigational,25.47922953991285,8,"questions, questions email, interview"
interview questions for email marketing strategy,85.0,0.755,,83.66666666666667,6,48,1,0,0,Navigational,7.490659783652143,8,"questions, questions email, interview"
best email marketing questions interview,320.0,0.755,,83.44444444444444,5,40,1,0,0,Commercial,7.726921054329565,8,"questions, questions email, interview"
how to email marketing questions interview,807.0,0.755,,19.555555555555557,6,42,1,0,1,Informational,33.587882354272416,8,"questions, questions email, interview"
free email marketing questions interview,72.0,0.755,,34.66666666666667,5,40,1,0,0,Navigational,27.082507268914902,8,"questions, questions email, interview"
email marketing questions interview for beginners,805.0,0.755,,74.11111111111111,6,49,1,0,0,Navigational,11.764405899013703,8,"questions, questions email, interview"
email marketing questions interview tools,3281.0,0.755,,33.55555555555556,5,41,1,0,0,Navigational,29.539368620420646,8,"questions, questions email, interview"
email marketing questions interview 2026,3618.0,0.755,,2.4444444444444446,5,40,1,1,0,Navigational,42.195151331515035,8,"questions, questions email, interview"
email marketing questions interview vs,597.0,0.755,,42.44444444444444,5,38,1,0,0,Commercial,24.300632329884564,8,"questions, questions email, interview"
guide email marketing questions interview,362.0,0.755,,60.0,5,41,1,0,0,Informational,17.131037725873806,8,"questions, questions email, interview"
email marketing questions interview tips,317.0,0.755,,31.444444444444443,5,40,1,0,0,Informational,28.52503970477482,8,"questions, questions email, interview"
near me email marketing questions interview,1188.0,0.755,,72.88888888888889,6,43,1,0,0,Commercial,12.493480414391994,8,"questions, questions email, interview"
email marketing questions interview price,1533.0,0.755,,98.44444444444443,5,41,1,0,0,Commercial,2.4876133909657097,8,"questions, questions email, interview"
email marketing questions interview software,40.0,0.755,,84.55555555555556,5,44,1,0,0,Navigational,7.106883984775375,8,"questions, questions email, interview"
email marketing questions interview course,1806.0,0.755,,60.88888888888888,5,42,1,0,0,Navigational,17.68103842266993,8,"questions, questions email, interview"
examples email marketing questions interview,39.0,0.755,,95.88888888888889,5,44,1,0,0,Informational,2.5729235349237944,8,"questions, questions email, interview"
email marketing questions interview app,948.0,0.755,,9.333333333333334,5,39,1,0,0,Navigational,37.76519467223443,8,"questions, questions email, interview"
review email marketing questions interview,1011.0,0.755,,69.55555555555554,5,42,1,0,0,Commercial,13.71581412399524,8,"questions, questions email, interview"
email marketing questions interview checklist,402.0,0.755,,43.55555555555556,5,45,1,0,0,Navigational,23.733900164381545,8,"questions, questions email, interview"
template email marketing questions interview,48.0,0.755,,71.77777777777777,5,44,1,0,0,Navigational,12.223012028032484,8,"questions, questions email, interview"
email marketing questions interview ideas,34.0,0.755,,34.55555555555556,5,41,1,0,0,Navigational,27.103121285665882,8,"questions, questions email, interview"
email marketing questions interview strategy,362.0,0.755,,91.44444444444444,5,44,1,0,0,Navigational,4.553259948096028,8,"questions, questions email, interview"
email marketing interview questions best,14.0,0.755,,32.55555555555556,5,40,1,0,0,Commercial,27.8905789553009,8,"questions, questions email, interview"
how to email marketing interview questions,1688.0,0.755,,39.77777777777777,6,42,1,0,1,Informational,26.051483117960977,8,"questions, questions email, interview"
free email marketing interview questions,18.0,0.755,,67.66666666666667,5,40,1,0,0,Navigational,13.848642976929451,8,"questions, questions email, interview"
email marketing interview questions for beginners,696.0,0.755,,48.77777777777778,6,49,1,0,0,Navigational,21.829383531857886,8,"questions, questions email, interview"
email marketing interview questions tools,243.0,0.755,,10.0,5,41,1,0,0,Navigational,37.05641086020216,8,"questions, questions email, interview"
email marketing interview questions 2026,54.0,0.755,,74.55555555555556,5,40,1,1,0,Navigational,11.115663616030867,8,"questions, questions email, interview"
vs email marketing interview questions,440.0,0.755,,29.22222222222222,5,38,1,0,0,Commercial,29.491063925408344,8,"questions, questions email, interview"
guide email marketing interview questions,539.0,0.755,,56.55555555555556,5,41,1,0,0,Informational,18.61981512738167,8,"questions, questions email, interview"
email marketing interview questions tips,150.0,0.755,,96.22222222222221,5,40,1,0,0,Informational,2.509200135116115,8,"questions, questions email, interview"
email marketing interview questions near me,6.0,0.755,,62.55555555555555,6,43,1,0,0,Commercial,15.88556202315491,8,"questions, questions email, interview"
email marketing interview questions price,34.0,0.755,,38.11111111111111,5,41,1,0,0,Commercial,25.68089906344366,8,"questions, questions email, interview"
email marketing interview questions software,75.0,0.755,,98.1111111111111,5,44,1,0,0,Navigational,1.7066108406918759,8,"questions, questions email, interview"
course email marketing interview questions,833.0,0.755,,32.77777777777778,5,42,1,0,0,Navigational,28.31529849485801,8,"questions, questions email, interview"
email marketing interview questions examples,86.0,0.755,,99.77777777777777,5,44,1,0,0,Informational,1.046842455725947,8,"questions, questions email, interview"
app email marketing interview questions,219.0,0.755,,79.22222222222221,5,39,1,0,0,Navigational,9.352471174875298,8,"questions, questions email, interview"
review email marketing interview questions,532.0,0.755,,36.11111111111111,5,42,1,0,0,Commercial,26.7932030895317,8,"questions, questions email, interview"
checklist email marketing interview questions,886.0,0.755,,49.33333333333333,5,45,1,0,0,Navigational,21.726313448102992,8,"questions, questions email, interview"
email marketing interview questions template,425.0,0.755,,47.11111111111111,5,44,1,0,0,Navigational,22.326101622079058,8,"questions, questions email, interview"
email marketing interview questions ideas,5681.0,0.755,,34.333333333333336,5,41,1,0,0,Navigational,30.73333715310734,8,"questions, questions email, interview"
strategy email marketing interview questions,936.0,0.755,,53.888888888888886,5,44,1,0,0,Navigational,19.935447051793222,8,"questions, questions email, interview"
best email marketing in hindi,305.0,0.755,,11.333333333333332,5,29,1,0,0,Commercial,36.561958751000276,1,"marketing, email marketing, email"
how to email marketing in hindi,57.0,0.755,,47.0,6,31,1,0,1,Informational,22.139767187807838,1,"marketing, email marketing, email"
free email marketing in hindi,201.0,0.755,,75.66666666666666,5,29,1,0,0,Navigational,10.76340529976904,1,"marketing, email marketing, email"
for beginners email marketing in hindi,1537.0,0.755,,85.55555555555556,6,38,1,0,0,Navigational,7.645677412594251,1,"marketing, email marketing, email"
email marketing in hindi tools,1598.0,0.755,,99.22222222222223,5,30,1,0,0,Navigational,2.2172648535407755,1,"marketing, email marketing, email"
email marketing in hindi 2026,1386.0,0.755,,87.22222222222223,5,29,1,1,0,Navigational,6.884316151671975,1,"marketing, email marketing, email"
vs email marketing in hindi,211.0,0.755,,86.66666666666667,5,27,1,0,0,Commercial,6.369676464951525,0,"vs, sample, marketing sample"
guide email marketing in hindi,133.0,0.755,,10.11111111111111,5,30,1,0,0,Informational,36.94298359875032,1,"marketing, email marketing, email"
tips email marketing in hindi,676.0,0.755,,36.88888888888889,5,29,1,0,0,Informational,26.572396757048455,1,"marketing, email marketing, email"
email marketing in hindi near me,65.0,0.755,,84.33333333333334,6,32,1,0,0,Commercial,7.211450786620492,1,"marketing, email marketing, email"
price email marketing in hindi,51.0,0.755,,55.99999999999999,5,30,1,0,0,Commercial,18.536004488698342,1,"marketing, email marketing, email"
email marketing in hindi software,3579.0,0.755,,88.66666666666666,5,33,1,0,0,Navigational,7.681804898414438,1,"marketing, email marketing, email"
email marketing in hindi course,758.0,0.755,,28.22222222222222,5,31,1,0,0,Navigational,30.090486978211555,1,"marketing, email marketing, email"
email marketing in hindi examples,913.0,0.755,,52.0,5,33,1,0,0,Informational,20.67657892742905,1,"marketing, email marketing, email"
email marketing in hindi app,108.0,0.755,,4.666666666666666,5,28,1,0,0,Navigational,39.10508346357187,1,"marketing, email marketing, email"
email marketing in hindi review,117.0,0.755,,42.11111111111111,5,31,1,0,0,Commercial,24.132949734458343,1,"marketing, email marketing, email"
checklist email marketing in hindi,86.0,0.755,,0.44444444444444486,5,34,1,0,0,Navigational,40.78017578905928,1,"marketing, email marketing, email"
template email marketing in hindi,1684.0,0.755,,40.0,5,33,1,0,0,Navigational,25.960085762999086,1,"marketing, email marketing, email"
ideas email marketing in hindi,87.0,0.755,,50.66666666666667,5,30,1,0,0,Navigational,20.69191401668864,1,"marketing, email marketing, email"
email marketing in hindi strategy,25.0,0.755,,98.33333333333333,5,33,1,0,0,Navigational,1.5863661258905322,1,"marketing, email marketing, email"
best email campaign templates,2048.0,0.755,,44.66666666666667,4,29,1,0,0,Commercial,24.321689508975087,9,"campaign, email campaign, email"
how to email campaign templates,585.0,0.755,,70.22222222222223,5,31,1,0,1,Informational,13.181995820554457,9,"campaign, email campaign, email"
free email campaign templates,817.0,0.755,,8.444444444444445,4,29,1,0,0,Navigational,38.038597963899356,9,"campaign, email campaign, email"
for beginners email campaign templates,2757.0,0.755,,99.8888888888889,5,38,1,0,0,Navigational,2.677426231524793,9,"campaign, email campaign, email"
email campaign templates tools,4872.0,0.755,,41.88888888888889,4,30,1,0,0,Navigational,27.20377766762161,9,"campaign, email campaign, email"
email campaign templates 2026,1610.0,0.755,,88.66666666666666,4,29,1,1,0,Navigational,6.447012473981994,9,"campaign, email campaign, email"
vs email campaign templates,13859.0,0.755,,84.44444444444444,4,27,1,0,0,Commercial,15.817451594903886,9,"campaign, email campaign, email"
guide email campaign templates,1828.0,0.755,,56.55555555555556,4,30,1,0,0,Informational,19.428168319404737,9,"campaign, email campaign, email"
tips email campaign templates,126.0,0.755,,66.22222222222221,4,29,1,0,0,Informational,14.494149338678136,9,"campaign, email campaign, email"
near me email campaign templates,1502.0,0.755,,49.0,5,32,1,0,0,Commercial,22.24595055667776,9,"campaign, email campaign, email"
email campaign templates price,24.0,0.755,,35.66666666666667,4,30,1,0,0,Commercial,26.65240567603895,9,"campaign, email campaign, email"
email campaign templates software,82.0,0.755,,52.77777777777778,4,33,1,0,0,Navigational,19.84433398965295,9,"campaign, email campaign, email"
course email campaign templates,200.0,0.755,,20.333333333333332,4,31,1,0,0,Navigational,32.896111516584114,9,"campaign, email campaign, email"
examples email campaign templates,207.0,0.755,,68.88888888888889,4,33,1,0,0,Informational,13.478279109989641,9,"campaign, email campaign, email"
app email campaign templates,48.0,0.755,,45.44444444444444,4,28,1,0,0,Navigational,22.756345361365817,9,"campaign, email campaign, email"
review email campaign templates,189.0,0.755,,51.77777777777778,4,31,1,0,0,Commercial,20.311435457105603,9,"campaign, email campaign, email"
email campaign templates checklist,284.0,0.755,,29.888888888888886,4,34,1,0,0,Navigational,29.126567081894816,9,"campaign, email campaign, email"
template email campaign templates,214.0,0.755,,24.77777777777778,4,33,1,0,0,Navigational,31.12711337006183,9,"campaign, email campaign, email"
email campaign templates ideas,815.0,0.755,,66.77777777777777,4,30,1,0,0,Navigational,14.70401039752953,9,"campaign, email campaign, email"
strategy email campaign templates,522.0,0.755,,58.666666666666664,4,33,1,0,0,Navigational,17.76470970212699,9,"campaign, email campaign, email"
best e mail marketing in hindi,389.0,0.755,,15.777777777777777,6,30,1,0,0,Commercial,34.83685876075542,1,"marketing, email marketing, email"
how to e mail marketing in hindi,51546.0,0.755,,55.666666666666664,7,32,1,0,1,Informational,50.962702929268154,1,"marketing, email marketing, email"
e mail marketing in hindi free,100.0,0.755,,8.222222222222223,6,30,1,0,0,Navigational,37.67784430920366,1,"marketing, email marketing, email"
e mail marketing in hindi for beginners,136.0,0.755,,32.11111111111111,7,39,1,0,0,Navigational,28.144864948305067,1,"marketing, email marketing, email"
tools e mail marketing in hindi,13742.0,0.755,,63.888888888888886,6,31,1,0,0,Navigational,23.966301184490966,1,"marketing, email marketing, email"
2026 e mail marketing in hindi,380.0,0.755,,95.66666666666666,6,30,1,1,0,Navigational,2.875659156535625,1,"marketing, email marketing, email"
vs e mail marketing in hindi,250.0,0.755,,59.0,6,28,1,0,0,Commercial,17.46080067582991,0,"vs, sample, marketing sample"
e mail marketing in hindi guide,311.0,0.755,,97.66666666666667,6,31,1,0,0,Informational,2.0323881167764335,1,"marketing, email marketing, email"
e mail marketing in hindi tips,3355.0,0.755,,20.666666666666668,6,30,1,0,0,Informational,34.74133079832664,1,"marketing, email marketing, email"
near me e mail marketing in hindi,401.0,0.755,,72.33333333333333,7,33,1,0,0,Commercial,12.222161936752189,1,"marketing, email marketing, email"
e mail marketing in hindi price,75.0,0.755,,80.77777777777779,6,31,1,0,0,Commercial,8.639944174025207,1,"marketing, email marketing, email"
e mail marketing in hindi software,955.0,0.755,,30.555555555555557,6,34,1,0,0,Navigational,29.28069559897329,1,"marketing, email marketing, email"
e mail marketing in hindi course,157.0,0.755,,51.11111111111111,6,32,1,0,0,Navigational,20.5580343951883,1,"marketing, email marketing, email"
e mail marketing in hindi examples,56.0,0.755,,81.55555555555556,6,34,1,0,0,Informational,8.31691784906736,1,"marketing, email marketing, email"
e mail marketing in hindi app,1213.0,0.755,,49.33333333333333,6,29,1,0,0,Navigational,21.93138054957044,1,"marketing, email marketing, email"
review e mail marketing in hindi,11.0,0.755,,70.77777777777779,6,32,1,0,0,Commercial,12.599808716857265,1,"marketing, email marketing, email"
e mail marketing in hindi checklist,10458.0,0.755,,52.44444444444445,6,35,1,0,0,Navigational,26.484628316338753,1,"marketing, email marketing, email"
template e mail marketing in hindi,510.0,0.755,,52.55555555555556,6,34,1,0,0,Navigational,20.201628748352448,1,"marketing, email marketing, email"
e mail marketing in hindi ideas,1486.0,0.755,,10.333333333333334,6,31,1,0,0,Navigational,37.70258335905244,1,"marketing, email marketing, email"
e mail marketing in hindi strategy,637.0,0.755,,52.11111111111111,6,34,1,0,0,Navigational,20.45905032394786,1,"marketing, email marketing, email"
best free email marketing courses,199.0,0.755,,62.55555555555555,5,33,1,0,0,Commercial,16.006595511176982,1,"marketing, email marketing, email"
how to free email marketing courses,161.0,0.755,,7.555555555555557,6,35,1,0,1,Informational,37.982765083483514,1,"marketing, email marketing, email"
free free email marketing courses,86.0,0.755,,71.77777777777777,5,33,1,0,0,Navigational,12.24684245572595,1,"marketing, email marketing, email"
free email marketing courses for beginners,188.0,0.755,,12.000000000000002,6,42,1,0,0,Navigational,36.22191945169846,1,"marketing, email marketing, email"
free email marketing courses tools,18.0,0.755,,82.44444444444444,5,34,1,0,0,Navigational,7.937531865818342,3,"tools, marketing tools, free"
2026 free email marketing courses,2747.0,0.755,,77.33333333333333,5,33,1,1,0,Navigational,11.693377288564532,1,"marketing, email marketing, email"
free email marketing courses vs,1504.0,0.755,,63.77777777777778,5,31,1,0,0,Commercial,16.336093678603145,0,"vs, sample, marketing sample"
free email marketing courses guide,588.0,0.755,,54.11111111111111,5,34,1,0,0,Informational,19.628321614553656,1,"marketing, email marketing, email"
tips free email marketing courses,1550.0,0.755,,18.22222222222222,5,33,1,0,0,Informational,34.58716326066482,1,"marketing, email marketing, email"
near me free email marketing courses,364.0,0.755,,36.666666666666664,6,36,1,0,0,Commercial,26.465625292243633,1,"marketing, email marketing, email"
price free email marketing courses,110.0,0.755,,5.222222222222221,5,34,1,0,0,Commercial,38.88411547438615,1,"marketing, email marketing, email"
free email marketing courses software,392.0,0.755,,16.77777777777778,5,37,1,0,0,Navigational,34.438740110310164,7,"software, marketing software, strategy"
course free email marketing courses,54.0,0.755,,70.1111111111111,5,35,1,0,0,Navigational,12.893441393808647,2,"course, marketing course, email marketing"
free email marketing courses examples,40.0,0.755,,78.88888888888889,5,37,1,0,0,Informational,9.373550651442047,1,"marketing, email marketing, email"
app free email marketing courses,8603.0,0.755,,2.4444444444444446,5,32,1,0,0,Navigational,45.321327174986706,1,"marketing, email marketing, email"
review free email marketing courses,1981.0,0.755,,72.44444444444444,5,35,1,0,0,Commercial,13.16856159114129,1,"marketing, email marketing, email"
free email marketing courses checklist,287.0,0.755,,49.77777777777778,5,38,1,0,0,Navigational,21.17289287589401,1,"marketing, email marketing, email"
free email marketing courses template,398.0,0.755,,85.0,5,37,1,0,0,Navigational,7.1536139205307725,1,"marketing, email marketing, email"
ideas free email marketing courses,216.0,0.755,,82.0,5,34,1,0,0,Navigational,8.23947871420944,1,"marketing, email marketing, email"
free email marketing courses strategy,124.0,0.755,,36.11111111111111,5,37,1,0,0,Navigational,26.53733955008608,1,"marketing, email marketing, email"
best email marketing free course,347.0,0.755,,74.11111111111111,5,32,1,0,0,Commercial,11.477186533655622,2,"course, marketing course, email marketing"
how to email marketing free course,894.0,0.755,,96.66666666666667,6,34,1,0,1,Informational,2.7979970469156488,2,"course, marketing course, email marketing"
free email marketing free course,804.0,0.755,,59.111111111111114,5,32,1,0,0,Navigational,17.763778782495454,2,"course, marketing course, email marketing"
for beginners email marketing free course,1104.0,0.755,,2.7777777777777777,6,41,1,0,0,Navigational,40.48524707130351,2,"course, marketing course, email marketing"
tools email marketing free course,739.0,0.755,,85.66666666666666,5,33,1,0,0,Navigational,7.100793986587045,3,"tools, marketing tools, free"
2026 email marketing free course,6357.0,0.755,,18.555555555555557,5,32,1,1,0,Navigational,37.46837903055483,2,"course, marketing course, email marketing"
vs email marketing free course,1075.0,0.755,,46.44444444444444,5,30,1,0,0,Commercial,23.000394025607623,2,"course, marketing course, email marketing"
email marketing free course guide,269.0,0.755,,11.555555555555557,5,33,1,0,0,Informational,36.45049366745442,2,"course, marketing course, email marketing"
tips email marketing free course,271.0,0.755,,75.55555555555556,5,32,1,0,0,Informational,10.851747900490917,2,"course, marketing course, email marketing"
near me email marketing free course,893.0,0.755,,40.44444444444444,6,35,1,0,0,Commercial,25.28625881928629,2,"course, marketing course, email marketing"
price email marketing free course,1204.0,0.755,,26.444444444444443,5,33,1,0,0,Commercial,31.081292056461752,2,"course, marketing course, email marketing"
email marketing free course software,1141.0,0.755,,98.77777777777779,5,36,1,0,0,Navigational,2.108450382478724,2,"course, marketing course, email marketing"
email marketing free course course,19.0,0.755,,24.000000000000004,5,34,1,0,0,Navigational,31.315936760114372,2,"course, marketing course, email marketing"
email marketing free course examples,1636.0,0.755,,37.666666666666664,5,36,1,0,0,Informational,26.863317503456464,2,"course, marketing course, email marketing"
app email marketing free course,643.0,0.755,,2.4444444444444446,5,31,1,0,0,Navigational,40.32947968972402,2,"course, marketing course, email marketing"
email marketing free course review,5.0,0.755,,38.333333333333336,5,34,1,0,0,Commercial,25.573823795525552,2,"course, marketing course, email marketing"
checklist email marketing free course,170.0,0.755,,66.44444444444444,5,37,1,0,0,Navigational,14.432853576592205,2,"course, marketing course, email marketing"
template email marketing free course,1674.0,0.755,,89.22222222222221,5,36,1,0,0,Navigational,6.264925708927714,2,"course, marketing course, email marketing"
email marketing free course ideas,571.0,0.755,,75.0,5,33,1,0,0,Navigational,11.262105078187863,2,"course, marketing course, email marketing"
strategy email marketing free course,310.0,0.755,,3.7777777777777786,5,36,1,0,0,Navigational,39.58731655581374,2,"course, marketing course, email marketing"
best email tools,739.0,0.755,,25.0,3,16,0,0,0,Commercial,31.36746065325371,3,"tools, marketing tools, free"
how to email tools,174.0,0.755,,74.44444444444444,4,18,1,0,1,Informational,11.235362042665198,3,"tools, marketing tools, free"
free email tools,201.0,0.755,,11.777777777777777,3,16,0,0,0,Navigational,36.31896085532459,3,"tools, marketing tools, free"
for beginners email tools,216.0,0.755,,51.66666666666667,4,25,1,0,0,Navigational,20.37281204754277,3,"tools, marketing tools, free"
tools email tools,7.0,0.755,,21.444444444444446,3,17,0,0,0,Navigational,32.3306335841176,3,"tools, marketing tools, free"
email tools 2026,61.0,0.755,,12.11111111111111,3,16,0,1,0,Navigational,36.09783120943638,3,"tools, marketing tools, free"
email tools vs,278.0,0.755,,1.7777777777777775,3,14,0,0,0,Commercial,40.367248827229766,3,"tools, marketing tools, free"
email tools guide,1692.0,0.755,,60.777777777777786,3,17,0,0,0,Informational,17.653991584033967,3,"tools, marketing tools, free"
tips email tools,2988.0,0.755,,69.0,3,16,0,0,0,Informational,15.177845702795898,3,"tools, marketing tools, free"
email tools near me,952.0,0.755,,38.11111111111111,4,19,1,0,0,Commercial,26.25659202719632,3,"tools, marketing tools, free"
price email tools,866.0,0.755,,2.666666666666667,3,17,0,0,0,Commercial,40.38043778440468,3,"tools, marketing tools, free"
email tools software,218.0,0.755,,91.22222222222221,3,20,0,0,0,Navigational,4.551844058357051,3,"tools, marketing tools, free"
course email tools,31.0,0.755,,91.0,3,18,0,0,0,Navigational,4.5234621583333565,3,"tools, marketing tools, free"
email tools examples,4090.0,0.755,,22.444444444444443,3,20,0,0,0,Informational,34.4911503281286,3,"tools, marketing tools, free"
app email tools,1765.0,0.755,,17.0,3,15,0,0,0,Navigational,35.21088220097727,3,"tools, marketing tools, free"
email tools review,1300.0,0.755,,21.22222222222222,3,18,0,0,0,Commercial,33.230384131102554,3,"tools, marketing tools, free"
email tools checklist,568.0,0.755,,83.44444444444444,3,21,0,0,0,Navigational,7.882445950855338,3,"tools, marketing tools, free"
email tools template,437.0,0.755,,69.77777777777777,3,20,0,0,0,Navigational,13.266960353631378,3,"tools, marketing tools, free"
email tools ideas,536.0,0.755,,65.88888888888889,3,17,0,0,0,Navigational,14.88460044449359,3,"tools, marketing tools, free"
strategy email tools,519.0,0.755,,50.111111111111114,3,20,0,0,0,Navigational,21.185050574794463,3,"tools, marketing tools, free"
free email marketing best,186.0,0.755,,0.11111111111111072,4,25,1,0,0,Commercial,40.97622077421752,1,"marketing, email marketing, email"
how to free email marketing,172.0,0.755,,25.0,5,27,1,0,1,Informational,31.01188558740648,1,"marketing, email marketing, email"
free email marketing free,58.0,0.755,,17.555555555555557,4,25,1,0,0,Navigational,33.91817208210386,3,"tools, marketing tools, free"
free email marketing for beginners,4577.0,0.755,,34.55555555555556,5,34,1,0,0,Navigational,29.95211162807146,1,"marketing, email marketing, email"
free email marketing tools,11823.0,0.755,,3.888888888888889,4,26,1,0,0,Navigational,46.76286458597097,3,"tools, marketing tools, free"
2026 free email marketing,2590.0,0.755,,89.77777777777777,4,25,1,1,0,Navigational,6.6171422174216525,1,"marketing, email marketing, email"
vs free email marketing,177.0,0.755,,69.33333333333334,4,23,1,0,0,Commercial,13.281687836664386,0,"vs, sample, marketing sample"
guide free email marketing,2098.0,0.755,,50.111111111111114,4,26,1,0,0,Informational,22.175267557109766,1,"marketing, email marketing, email"
tips free email marketing,2695.0,0.755,,31.888888888888893,4,25,1,0,0,Informational,29.838545007393353,1,"marketing, email marketing, email"
near me free email marketing,3147.0,0.755,,25.222222222222225,5,28,1,0,0,Commercial,32.78866834030861,1,"marketing, email marketing, email"
free email marketing price,129.0,0.755,,10.777777777777777,4,26,1,0,0,Commercial,36.67380846601066,1,"marketing, email marketing, email"
software free email marketing,2393.0,0.755,,4.111111111111111,4,29,1,0,0,Navigational,40.76026692999324,7,"software, marketing software, strategy"
examples free email marketing,5314.0,0.755,,20.444444444444443,4,29,1,0,0,Informational,36.05874094646548,1,"marketing, email marketing, email"
app free email marketing,910.0,0.755,,76.77777777777777,4,24,1,0,0,Navigational,10.763586466763195,1,"marketing, email marketing, email"
review free email marketing,244.0,0.755,,57.333333333333336,4,27,1,0,0,Commercial,18.12370464338708,1,"marketing, email marketing, email"
free email marketing checklist,1066.0,0.755,,63.22222222222222,4,30,1,0,0,Navigational,16.28363886583227,1,"marketing, email marketing, email"
template free email marketing,436.0,0.755,,48.666666666666664,4,29,1,0,0,Navigational,21.710777681557573,1,"marketing, email marketing, email"
ideas free email marketing,180.0,0.755,,44.66666666666667,4,26,1,0,0,Navigational,23.1502358528858,1,"marketing, email marketing, email"
email marketing courses free best,330.0,0.755,,18.0,5,33,1,0,0,Commercial,33.91096999728983,1,"marketing, email marketing, email"
how to email marketing courses free,1725.0,0.755,,33.666666666666664,6,35,1,0,1,Informational,28.51913087358064,1,"marketing, email marketing, email"
free email marketing courses free,23.0,0.755,,10.555555555555555,5,33,1,0,0,Navigational,36.696223003965144,1,"marketing, email marketing, email"
email marketing courses free for beginners,786.0,0.755,,59.88888888888889,6,42,1,0,0,Navigational,17.44137957405586,1,"marketing, email marketing, email"
tools email marketing courses free,63.0,0.755,,34.0,5,34,1,0,0,Navigational,27.343529886917324,3,"tools, marketing tools, free"
email marketing courses free 2026,870.0,0.755,,14.000000000000002,5,33,1,1,0,Navigational,35.849612917144334,1,"marketing, email marketing, email"
email marketing courses free vs,1614.0,0.755,,37.333333333333336,5,31,1,0,0,Commercial,26.982854273388323,0,"vs, sample, marketing sample"
email marketing courses free guide,23.0,0.755,,3.6666666666666674,5,34,1,0,0,Informational,39.4517785595207,1,"marketing, email marketing, email"
email marketing courses free tips,291.0,0.755,,18.11111111111111,5,33,1,0,0,Informational,33.842068008633674,1,"marketing, email marketing, email"
email marketing courses free near me,25.0,0.755,,16.222222222222225,6,36,1,0,0,Commercial,34.43081057033498,1,"marketing, email marketing, email"
price email marketing courses free,6826.0,0.755,,26.555555555555554,5,34,1,0,0,Commercial,34.562496677613645,1,"marketing, email marketing, email"
software email marketing courses free,957.0,0.755,,99.66666666666667,5,37,1,0,0,Navigational,1.6375053875653398,7,"software, marketing software, strategy"
email marketing courses free course,359.0,0.755,,87.88888888888889,5,35,1,0,0,Navigational,5.9736008207635045,2,"course, marketing course, email marketing"
examples email marketing courses free,62.0,0.755,,11.0,5,37,1,0,0,Informational,36.54290277039908,1,"marketing, email marketing, email"
app email marketing courses free,1537.0,0.755,,52.33333333333333,5,32,1,0,0,Navigational,20.934566301483144,1,"marketing, email marketing, email"
review email marketing courses free,567.0,0.755,,65.88888888888889,5,35,1,0,0,Commercial,14.904041056559311,1,"marketing, email marketing, email"
email marketing courses free checklist,31.0,0.755,,96.22222222222221,5,38,1,0,0,Navigational,2.4345732694444746,1,"marketing, email marketing, email"
template email marketing courses free,396.0,0.755,,41.22222222222222,5,37,1,0,0,Navigational,24.663470798605385,1,"marketing, email marketing, email"
ideas email marketing courses free,113.0,0.755,,73.55555555555556,5,34,1,0,0,Navigational,11.552663490607564,1,"marketing, email marketing, email"
strategy email marketing courses free,334.0,0.755,,7.000000000000001,5,37,1,0,0,Navigational,38.31347846336283,7,"software, marketing software, strategy"
best email marketing course free,205.0,0.755,,22.11111111111111,5,32,1,0,0,Commercial,32.18813598806425,2,"course, marketing course, email marketing"
email marketing course free how to,227.0,0.755,,80.0,6,34,1,0,1,Informational,9.046376995910176,2,"course, marketing course, email marketing"
email marketing course free free,30.0,0.755,,71.77777777777777,5,32,1,0,0,Navigational,12.211723930704,2,"course, marketing course, email marketing"
for beginners email marketing course free,304.0,0.755,,95.77777777777779,6,41,1,0,0,Navigational,2.783553856704244,2,"course, marketing course, email marketing"
tools email marketing course free,173.0,0.755,,16.222222222222225,5,33,1,0,0,Navigational,34.52362381503583,2,"course, marketing course, email marketing"
email marketing course free 2026,799.0,0.755,,63.44444444444445,5,32,1,1,0,Navigational,16.027309866570878,2,"course, marketing course, email marketing"
vs email marketing course free,455.0,0.755,,14.000000000000002,5,30,1,0,0,Commercial,35.589359562070975,2,"course, marketing course, email marketing"
email marketing course free guide,2739.0,0.755,,80.66666666666666,5,33,1,0,0,Informational,10.355027023085212,2,"course, marketing course, email marketing"
tips email marketing course free,1118.0,0.755,,86.11111111111111,5,32,1,0,0,Informational,7.160693369225664,2,"course, marketing course, email marketing"
email marketing course free near me,18.0,0.755,,86.11111111111111,6,35,1,0,0,Commercial,6.470865199151674,2,"course, marketing course, email marketing"
email marketing course free price,154.0,0.755,,45.0,5,33,1,0,0,Commercial,23.000597490077997,2,"course, marketing course, email marketing"
email marketing course free software,3471.0,0.755,,12.666666666666664,5,36,1,0,0,Navigational,38.01407631444353,2,"course, marketing course, email marketing"
email marketing course free course,157.0,0.755,,12.333333333333336,5,34,1,0,0,Navigational,36.069145506299414,2,"course, marketing course, email marketing"
email marketing course free examples,379.0,0.755,,84.44444444444444,5,36,1,0,0,Informational,7.3639209289062615,2,"course, marketing course, email marketing"
app email marketing course free,2026.0,0.755,,36.22222222222222,5,31,1,0,0,Navigational,27.685670723351386,2,"course, marketing course, email marketing"
email marketing course free review,369.0,0.755,,13.777777777777775,5,34,1,0,0,Commercial,35.62431643039044,2,"course, marketing course, email marketing"
checklist email marketing course free,141.0,0.755,,41.66666666666667,5,37,1,0,0,Navigational,24.32577830867409,2,"course, marketing course, email marketing"
template email marketing course free,34.0,0.755,,34.0,5,36,1,0,0,Navigational,27.3253435078881,2,"course, marketing course, email marketing"
email marketing course free ideas,7990.0,0.755,,31.77777777777778,5,33,1,0,0,Navigational,33.203571415966685,2,"course, marketing course, email marketing"
strategy email marketing course free,237.0,0.755,,53.888888888888886,5,36,1,0,0,Navigational,19.497092605537116,2,"course, marketing course, email marketing"
ईमेल मार्केटिंग क्या है best,1061.0,0.755,,89.33333333333334,5,28,1,0,0,Commercial,5.836058838796575,1,"marketing, email marketing, email"
ईमेल मार्केटिंग क्या है how to,376.0,0.755,,18.88888888888889,6,30,1,0,1,Informational,33.58426180157374,1,"marketing, email marketing, email"
ईमेल मार्केटिंग क्या है free,119.0,0.755,,26.77777777777778,5,28,1,0,0,Navigational,30.267537300828167,1,"marketing, email marketing, email"
for beginners ईमेल मार्केटिंग क्या है,16.0,0.755,,4.888888888888889,6,37,1,0,0,Navigational,38.958499855004064,1,"marketing, email marketing, email"
ईमेल मार्केटिंग क्या है tools,1928.0,0.755,,24.333333333333332,5,29,1,0,0,Navigational,32.37976886011854,1,"marketing, email marketing, email"
ईमेल मार्केटिंग क्या है 2026,1047.0,0.755,,47.11111111111111,5,28,1,1,0,Navigational,22.716168096429985,1,"marketing, email marketing, email"
ईमेल मार्केटिंग क्या है vs,266.0,0.755,,62.88888888888889,5,26,1,0,0,Commercial,15.915278984566337,0,"vs, sample, marketing sample"
guide ईमेल मार्केटिंग क्या है,883.0,0.755,,48.888888888888886,5,29,1,0,0,Informational,21.90220987632602,1,"marketing, email marketing, email"
tips ईमेल मार्केटिंग क्या है,2050.0,0.755,,25.77777777777778,5,28,1,0,0,Informational,31.878499297567142,1,"marketing, email marketing, email"
ईमेल मार्केटिंग क्या है near me,332.0,0.755,,56.55555555555556,6,31,1,0,0,Commercial,18.49000200810411,1,"marketing, email marketing, email"
price ईमेल मार्केटिंग क्या है,2525.0,0.755,,5.888888888888889,5,29,1,0,0,Commercial,40.131935199291014,1,"marketing, email marketing, email"
software ईमेल मार्केटिंग क्या है,1329.0,0.755,,70.77777777777779,5,32,1,0,0,Navigational,13.426348287909553,7,"software, marketing software, strategy"
course ईमेल मार्केटिंग क्या है,25.0,0.755,,6.333333333333332,5,30,1,0,0,Navigational,38.38636612589053,1,"marketing, email marketing, email"
ईमेल मार्केटिंग क्या है examples,366.0,0.755,,27.555555555555557,5,32,1,0,0,Informational,30.11132396972458,1,"marketing, email marketing, email"
app ईमेल मार्केटिंग क्या है,1554.0,0.755,,30.0,5,27,1,0,0,Navigational,29.878560615626704,1,"marketing, email marketing, email"
ईमेल मार्केटिंग क्या है review,3644.0,0.755,,78.55555555555556,5,30,1,0,0,Commercial,11.76701191654507,1,"marketing, email marketing, email"
ईमेल मार्केटिंग क्या है checklist,301.0,0.755,,78.99999999999999,5,33,1,0,0,Navigational,9.492783618260619,1,"marketing, email marketing, email"
template ईमेल मार्केटिंग क्या है,536.0,0.755,,30.66666666666667,5,32,1,0,0,Navigational,28.973489333382478,1,"marketing, email marketing, email"
ideas ईमेल मार्केटिंग क्या है,755.0,0.755,,83.66666666666667,5,29,1,0,0,Navigational,7.910827850879028,1,"marketing, email marketing, email"
strategy ईमेल मार्केटिंग क्या है,260.0,0.755,,42.44444444444444,5,32,1,0,0,Navigational,24.08929406323462,1,"marketing, email marketing, email"
free email marketing template best,991.0,0.755,,69.66666666666667,5,34,1,0,0,Commercial,13.658827349185806,1,"marketing, email marketing, email"
how to free email marketing template,83.0,0.755,,13.444444444444445,6,36,1,0,1,Informational,35.578294439504525,1,"marketing, email marketing, email"
free free email marketing template,4062.0,0.755,,67.11111111111111,5,34,1,0,0,Navigational,16.606924398950966,1,"marketing, email marketing, email"
for beginners free email marketing template,1958.0,0.755,,18.555555555555557,6,43,1,0,0,Navigational,34.70969346677711,1,"marketing, email marketing, email"
tools free email marketing template,302.0,0.755,,30.555555555555557,5,35,1,0,0,Navigational,28.871188512556635,3,"tools, marketing tools, free"
2026 free email marketing template,116.0,0.755,,66.55555555555556,5,34,1,1,0,Navigational,14.354544840162308,1,"marketing, email marketing, email"
vs free email marketing template,870.0,0.755,,24.444444444444443,5,32,1,0,0,Commercial,31.671835139366557,0,"vs, sample, marketing sample"
guide free email marketing template,104.0,0.755,,60.55555555555555,5,35,1,0,0,Informational,16.74701944194332,1,"marketing, email marketing, email"
tips free email marketing template,13857.0,0.755,,2.666666666666667,5,34,1,0,0,Informational,48.5273084729785,1,"marketing, email marketing, email"
free email marketing template near me,74.0,0.755,,84.88888888888889,6,37,1,0,0,Commercial,6.994872613062516,1,"marketing, email marketing, email"
free email marketing template price,494.0,0.755,,80.77777777777779,5,35,1,0,0,Commercial,8.902705995171571,1,"marketing, email marketing, email"
software free email marketing template,172.0,0.755,,0.33333333333333315,5,38,1,0,0,Navigational,40.87855225407315,7,"software, marketing software, strategy"
free email marketing template course,100.0,0.755,,38.77777777777778,5,36,1,0,0,Navigational,25.455622086981432,1,"marketing, email marketing, email"
examples free email marketing template,1294.0,0.755,,93.11111111111111,5,38,1,0,0,Informational,4.471065876437503,1,"marketing, email marketing, email"
app free email marketing template,172.0,0.755,,77.22222222222223,5,33,1,0,0,Navigational,10.12299669851759,1,"marketing, email marketing, email"
review free email marketing template,627.0,0.755,,83.77777777777779,5,36,1,0,0,Commercial,7.786112492098699,1,"marketing, email marketing, email"
checklist free email marketing template,999.0,0.755,,26.444444444444443,5,39,1,0,0,Navigational,30.952733170220686,1,"marketing, email marketing, email"
free email marketing template template,109.0,0.755,,68.0,5,38,1,0,0,Navigational,13.772377246756784,1,"marketing, email marketing, email"
free email marketing template ideas,752.0,0.755,,82.33333333333333,5,35,1,0,0,Navigational,8.442279834657617,1,"marketing, email marketing, email"
strategy free email marketing template,121.0,0.755,,21.88888888888889,5,38,1,0,0,Navigational,32.22434708942022,1,"marketing, email marketing, email"
best best email marketing software,1123.0,0.755,,23.555555555555554,5,34,1,0,0,Commercial,32.18605117403913,7,"software, marketing software, strategy"
best email marketing software how to,1328.0,0.755,,77.55555555555556,6,36,1,0,1,Commercial,10.714610060280197,7,"software, marketing software, strategy"
free best email marketing software,365.0,0.755,,68.22222222222223,5,34,1,0,0,Commercial,13.84403018653966,7,"software, marketing software, strategy"
for beginners best email marketing software,540.0,0.755,,30.777777777777782,6,43,1,0,0,Commercial,28.93155335501103,7,"software, marketing software, strategy"
tools best email marketing software,20481.0,0.755,,68.33333333333333,5,35,1,0,0,Commercial,26.41466162319375,7,"software, marketing software, strategy"
2026 best email marketing software,1261.0,0.755,,44.111111111111114,5,34,1,1,0,Commercial,24.050371031335285,7,"software, marketing software, strategy"
best email marketing software vs,616.0,0.755,,92.77777777777779,5,32,1,0,0,Commercial,4.1792142103979595,7,"software, marketing software, strategy"
best email marketing software guide,372.0,0.755,,20.111111111111114,5,35,1,0,0,Commercial,33.092864446611856,7,"software, marketing software, strategy"
tips best email marketing software,95.0,0.755,,50.66666666666667,5,34,1,0,0,Commercial,20.696930948834634,7,"software, marketing software, strategy"
best email marketing software near me,364.0,0.755,,96.55555555555556,6,37,1,0,0,Commercial,2.5100697366880778,7,"software, marketing software, strategy"
best email marketing software price,17.0,0.755,,17.11111111111111,5,35,1,0,0,Commercial,34.07023808263343,7,"software, marketing software, strategy"
best email marketing software software,190.0,0.755,,48.55555555555556,5,38,1,0,0,Commercial,21.600951462512743,7,"software, marketing software, strategy"
best email marketing software course,194.0,0.755,,0.44444444444444486,5,36,1,0,0,Commercial,40.84790437303018,7,"software, marketing software, strategy"
examples best email marketing software,226.0,0.755,,99.66666666666667,5,38,1,0,0,Commercial,1.1790832127252608,7,"software, marketing software, strategy"
best email marketing software app,127.0,0.755,,30.44444444444444,5,33,1,0,0,Commercial,28.805887566307494,7,"software, marketing software, strategy"
best email marketing software review,105.0,0.755,,3.555555555555555,5,36,1,0,0,Commercial,39.547646558461565,7,"software, marketing software, strategy"
checklist best email marketing software,5698.0,0.755,,47.55555555555555,5,39,1,0,0,Commercial,25.455109245028684,7,"software, marketing software, strategy"
template best email marketing software,315.0,0.755,,78.0,5,38,1,0,0,Commercial,9.901563249516098,7,"software, marketing software, strategy"
ideas best email marketing software,637.0,0.755,,97.33333333333333,5,35,1,0,0,Commercial,2.370161435058971,7,"software, marketing software, strategy"
strategy best email marketing software,513.0,0.755,,86.22222222222221,5,38,1,0,0,Commercial,6.736843431240532,7,"software, marketing software, strategy"
email marketing jobs work from home best,246.0,0.755,,23.555555555555554,7,40,1,0,0,Commercial,31.636069987534686,1,"marketing, email marketing, email"
how to email marketing jobs work from home,598.0,0.755,,6.666666666666667,8,42,1,0,1,Informational,38.61237055751392,1,"marketing, email marketing, email"
email marketing jobs work from home free,601.0,0.755,,97.44444444444444,7,40,1,0,0,Navigational,2.3031407959575567,1,"marketing, email marketing, email"
email marketing jobs work from home for beginners,1239.0,0.755,,63.55555555555556,8,49,1,0,0,Navigational,16.25879669015603,1,"marketing, email marketing, email"
email marketing jobs work from home tools,2326.0,0.755,,25.333333333333336,7,41,1,0,0,Navigational,32.229361234381656,1,"marketing, email marketing, email"
email marketing jobs work from home 2026,1105.0,0.755,,86.8888888888889,7,40,1,1,0,Navigational,6.84142974337731,1,"marketing, email marketing, email"
email marketing jobs work from home vs,955.0,0.755,,36.55555555555555,7,38,1,0,0,Commercial,26.880695598973293,1,"marketing, email marketing, email"
email marketing jobs work from home guide,131.0,0.755,,75.55555555555556,7,41,1,0,0,Informational,10.763951587936047,1,"marketing, email marketing, email"
tips email marketing jobs work from home,767.0,0.755,,54.888888888888886,7,40,1,0,0,Informational,19.429464360209128,1,"marketing, email marketing, email"
near me email marketing jobs work from home,1042.0,0.755,,17.11111111111111,8,43,1,0,0,Commercial,34.71303251383874,1,"marketing, email marketing, email"
email marketing jobs work from home price,264.0,0.755,,90.66666666666666,7,41,1,0,0,Commercial,4.80291364041873,1,"marketing, email marketing, email"
software email marketing jobs work from home,282.0,0.755,,43.333333333333336,7,44,1,0,0,Navigational,23.74753507108055,1,"marketing, email marketing, email"
course email marketing jobs work from home,216.0,0.755,,69.55555555555554,7,42,1,0,0,Navigational,13.21725649198722,1,"marketing, email marketing, email"
email marketing jobs work from home examples,253.0,0.755,,34.888888888888886,7,44,1,0,0,Informational,27.1071264698291,1,"marketing, email marketing, email"
app email marketing jobs work from home,272.0,0.755,,92.55555555555556,7,39,1,0,0,Navigational,4.0523750170091635,1,"marketing, email marketing, email"
email marketing jobs work from home review,120.0,0.755,,84.33333333333334,7,42,1,0,0,Commercial,7.245942195124192,1,"marketing, email marketing, email"
checklist email marketing jobs work from home,164.0,0.755,,92.44444444444446,7,45,1,0,0,Navigational,4.029090877482701,1,"marketing, email marketing, email"
email marketing jobs work from home template,48.0,0.755,,92.0,7,44,1,0,0,Navigational,4.134123139143591,1,"marketing, email marketing, email"
email marketing jobs work from home ideas,2187.0,0.755,,33.666666666666664,7,41,1,0,0,Navigational,28.808858705011716,1,"marketing, email marketing, email"
strategy email marketing jobs work from home,1101.0,0.755,,43.11111111111111,7,44,1,0,0,Navigational,24.35003238841544,1,"marketing, email marketing, email"
work home jobs email marketing best,2306.0,0.755,,56.888888888888886,6,35,1,0,0,Commercial,19.594596681794467,1,"marketing, email marketing, email"
how to work home jobs email marketing,129.0,0.755,,67.77777777777779,7,37,1,0,1,Informational,13.873808466010656,1,"marketing, email marketing, email"
free work home jobs email marketing,1417.0,0.755,,77.66666666666667,6,35,1,0,0,Navigational,10.725978985959918,1,"marketing, email marketing, email"
work home jobs email marketing for beginners,356.0,0.755,,68.44444444444444,7,44,1,0,0,Navigational,13.749497248986534,1,"marketing, email marketing, email"
tools work home jobs email marketing,49.0,0.755,,6.333333333333332,6,36,1,0,0,Navigational,38.40141692232851,1,"marketing, email marketing, email"
2026 work home jobs email marketing,5743.0,0.755,,45.55555555555556,6,35,1,1,0,Navigational,26.283329488349892,1,"marketing, email marketing, email"
work home jobs email marketing vs,180.0,0.755,,73.1111111111111,6,33,1,0,0,Commercial,11.77245807510803,1,"marketing, email marketing, email"
guide work home jobs email marketing,1884.0,0.755,,93.44444444444444,6,36,1,0,0,Informational,4.7077312888711305,1,"marketing, email marketing, email"
tips work home jobs email marketing,501.0,0.755,,88.0,6,35,1,0,0,Informational,6.018206921910426,1,"marketing, email marketing, email"
work home jobs email marketing near me,4398.0,0.755,,67.77777777777779,7,38,1,0,0,Commercial,16.550968882415987,1,"marketing, email marketing, email"
price work home jobs email marketing,161.0,0.755,,90.77777777777779,6,36,1,0,0,Commercial,4.693876194594622,1,"marketing, email marketing, email"
software work home jobs email marketing,1582.0,0.755,,6.333333333333332,6,39,1,0,0,Navigational,39.36278654480435,1,"marketing, email marketing, email"
course work home jobs email marketing,6952.0,0.755,,99.0,6,37,1,0,0,Navigational,5.6637355811352545,1,"marketing, email marketing, email"
examples work home jobs email marketing,514.0,0.755,,89.33333333333334,6,39,1,0,0,Informational,5.493026103314327,1,"marketing, email marketing, email"
app work home jobs email marketing,141.0,0.755,,78.66666666666666,6,34,1,0,0,Navigational,9.525778308674093,1,"marketing, email marketing, email"
review work home jobs email marketing,447.0,0.755,,81.66666666666667,6,37,1,0,0,Commercial,8.517675963258306,1,"marketing, email marketing, email"
work home jobs email marketing checklist,46.0,0.755,,81.66666666666667,6,40,1,0,0,Navigational,8.266202239440423,1,"marketing, email marketing, email"
work home jobs email marketing template,1889.0,0.755,,75.88888888888889,6,39,1,0,0,Navigational,11.7330890936846,1,"marketing, email marketing, email"
work home jobs email marketing ideas,2416.0,0.755,,99.22222222222223,6,36,1,0,0,Navigational,2.730246165468525,1,"marketing, email marketing, email"
strategy work home jobs email marketing,12.0,0.755,,3.0000000000000004,6,39,1,0,0,Navigational,39.71154694448663,1,"marketing, email marketing, email"
free email marketing course best,1885.0,0.755,,29.333333333333332,5,32,1,0,0,Commercial,30.35280284983382,2,"course, marketing course, email marketing"
how to free email marketing course,1023.0,0.755,,75.0,6,34,1,0,1,Informational,11.545561744436448,2,"course, marketing course, email marketing"
free email marketing course free,147.0,0.755,,81.44444444444444,5,32,1,0,0,Navigational,8.418429896672475,2,"course, marketing course, email marketing"
for beginners free email marketing course,95.0,0.755,,87.33333333333333,6,41,1,0,0,Navigational,6.030264282167967,2,"course, marketing course, email marketing"
free email marketing course tools,58.0,0.755,,6.8888888888888875,5,33,1,0,0,Navigational,38.18483874877053,2,"course, marketing course, email marketing"
free email marketing course 2026,296.0,0.755,,60.44444444444444,5,32,1,1,0,Navigational,16.91187025789159,2,"course, marketing course, email marketing"
vs free email marketing course,118.0,0.755,,14.222222222222221,5,30,1,0,0,Commercial,35.28913240653214,2,"course, marketing course, email marketing"
guide free email marketing course,1615.0,0.755,,55.00000000000001,5,33,1,0,0,Informational,19.916814723239902,2,"course, marketing course, email marketing"
tips free email marketing course,188.0,0.755,,49.77777777777778,5,32,1,0,0,Informational,21.110808340587354,2,"course, marketing course, email marketing"
free email marketing course near me,1148.0,0.755,,76.66666666666667,6,35,1,0,0,Commercial,10.957284642550915,2,"course, marketing course, email marketing"
free email marketing course price,881.0,0.755,,3.4444444444444438,5,33,1,0,0,Commercial,40.0787334210673,2,"course, marketing course, email marketing"
free email marketing course software,55.0,0.755,,61.22222222222222,5,36,1,0,0,Navigational,16.44962406588245,2,"course, marketing course, email marketing"
course free email marketing course,636.0,0.755,,70.88888888888889,5,34,1,0,0,Navigational,12.947312096318498,2,"course, marketing course, email marketing"
examples free email marketing course,478.0,0.755,,39.0,5,36,1,0,0,Informational,25.603783241990698,2,"course, marketing course, email marketing"
app free email marketing course,431.0,0.755,,2.7777777777777777,5,31,1,0,0,Navigational,40.06319765452188,2,"course, marketing course, email marketing"
review free email marketing course,247.0,0.755,,83.55555555555556,5,34,1,0,0,Commercial,7.636697104052935,2,"course, marketing course, email marketing"
free email marketing course checklist,275.0,0.755,,68.11111111111111,5,37,1,0,0,Navigational,13.83203414434169,2,"course, marketing course, email marketing"
free email marketing course template,533.0,0.755,,48.44444444444444,5,36,1,0,0,Navigational,21.86049687271662,2,"course, marketing course, email marketing"
ideas free email marketing course,846.0,0.755,,21.444444444444446,5,33,1,0,0,Navigational,32.85678434292858,2,"course, marketing course, email marketing"
strategy free email marketing course,447.0,0.755,,43.00000000000001,5,36,1,0,0,Navigational,23.984342629924974,2,"course, marketing course, email marketing"
best email marketing software free,3053.0,0.755,,42.333333333333336,5,34,1,0,0,Commercial,25.88527494314875,7,"software, marketing software, strategy"
how to email marketing software free,177.0,0.755,,47.666666666666664,6,36,1,0,1,Informational,21.94835450333106,7,"software, marketing software, strategy"
free email marketing software free,219.0,0.755,,25.88888888888889,5,34,1,0,0,Navigational,30.68580450820863,7,"software, marketing software, strategy"
email marketing software free for beginners,2271.0,0.755,,13.666666666666668,6,43,1,0,0,Navigational,36.86153649254463,7,"software, marketing software, strategy"
email marketing software free tools,144.0,0.755,,52.33333333333333,5,35,1,0,0,Navigational,20.060992991562173,7,"software, marketing software, strategy"
2026 email marketing software free,292.0,0.755,,30.66666666666667,5,34,1,1,0,Navigational,28.820472902929705,7,"software, marketing software, strategy"
vs email marketing software free,57.0,0.755,,59.44444444444444,5,32,1,0,0,Commercial,17.16198941003006,7,"software, marketing software, strategy"
email marketing software free guide,609.0,0.755,,29.333333333333332,5,35,1,0,0,Informational,29.552602172547992,7,"software, marketing software, strategy"
email marketing software free tips,175.0,0.755,,30.11111111111111,5,34,1,0,0,Informational,28.96932249251678,7,"software, marketing software, strategy"
near me email marketing software free,137.0,0.755,,72.66666666666667,6,37,1,0,0,Commercial,11.923269842601094,7,"software, marketing software, strategy"
email marketing software free price,5507.0,0.755,,18.333333333333332,5,35,1,0,0,Commercial,37.024218878932,7,"software, marketing software, strategy"
email marketing software free software,230.0,0.755,,52.666666666666664,5,38,1,0,0,Navigational,19.98159167879826,7,"software, marketing software, strategy"
course email marketing software free,883.0,0.755,,31.333333333333336,5,36,1,0,0,Navigational,28.92443209854824,7,"software, marketing software, strategy"
examples email marketing software free,175.0,0.755,,71.11111111111111,5,38,1,0,0,Informational,12.569322492516779,7,"software, marketing software, strategy"
email marketing software free app,87.0,0.755,,24.444444444444443,5,33,1,0,0,Navigational,31.180802905577526,7,"software, marketing software, strategy"
review email marketing software free,2782.0,0.755,,5.444444444444445,5,36,1,0,0,Commercial,40.470881922258805,7,"software, marketing software, strategy"
checklist email marketing software free,320.0,0.755,,60.66666666666667,5,39,1,0,0,Navigational,16.838032165440676,7,"software, marketing software, strategy"
template email marketing software free,562.0,0.755,,68.66666666666667,5,38,1,0,0,Navigational,13.78979436285695,7,"software, marketing software, strategy"
ideas email marketing software free,3286.0,0.755,,30.0,5,35,1,0,0,Navigational,30.96472642523411,7,"software, marketing software, strategy"
email marketing software free strategy,3009.0,0.755,,5.111111111111111,5,38,1,0,0,Navigational,40.74657070523468,7,"software, marketing software, strategy"
best what is email campaign,100.0,0.755,,81.77777777777777,5,27,1,0,1,Commercial,8.255622086981438,9,"campaign, email campaign, email"
what is email campaign how to,2057.0,0.755,,49.55555555555556,6,29,1,0,1,Informational,22.37177800208378,9,"campaign, email campaign, email"
what is email campaign free,320.0,0.755,,76.77777777777777,5,27,1,0,1,Informational,10.393587720996237,9,"campaign, email campaign, email"
for beginners what is email campaign,824.0,0.755,,85.0,6,36,1,0,1,Informational,7.420765557304882,9,"campaign, email campaign, email"
what is email campaign tools,132.0,0.755,,87.0,5,28,1,0,1,Informational,6.186800926676515,9,"campaign, email campaign, email"
what is email campaign 2026,585.0,0.755,,76.11111111111111,5,27,1,1,1,Informational,10.826440264998903,9,"campaign, email campaign, email"
what is email campaign vs,3208.0,0.755,,40.33333333333333,5,25,1,0,1,Commercial,26.782478003477355,9,"campaign, email campaign, email"
what is email campaign guide,12.0,0.755,,2.333333333333333,5,28,1,0,1,Informational,39.97821361115329,9,"campaign, email campaign, email"
tips what is email campaign,3279.0,0.755,,65.66666666666666,5,27,1,0,1,Informational,16.693669942939714,9,"campaign, email campaign, email"
near me what is email campaign,578.0,0.755,,61.66666666666667,6,30,1,0,1,Commercial,16.59982822714894,9,"campaign, email campaign, email"
price what is email campaign,417.0,0.755,,71.66666666666667,5,28,1,0,1,Commercial,12.498862467710838,9,"campaign, email campaign, email"
what is email campaign software,144.0,0.755,,91.88888888888889,5,31,1,0,1,Informational,4.238770769339951,9,"campaign, email campaign, email"
course what is email campaign,21.0,0.755,,72.44444444444444,5,29,1,0,1,Informational,11.93941321537309,9,"campaign, email campaign, email"
examples what is email campaign,230.0,0.755,,61.77777777777778,5,31,1,0,1,Informational,16.337147234353814,9,"campaign, email campaign, email"
what is email campaign app,1187.0,0.755,,47.44444444444445,5,26,1,0,1,Informational,22.67063107565152,9,"campaign, email campaign, email"
what is email campaign review,65.0,0.755,,81.88888888888889,5,29,1,0,1,Commercial,8.189228564398272,9,"campaign, email campaign, email"
what is email campaign checklist,3928.0,0.755,,36.333333333333336,5,32,1,0,1,Informational,28.8340018966167,9,"campaign, email campaign, email"
template what is email campaign,1243.0,0.755,,55.55555555555556,5,31,1,0,1,Informational,19.461305156229024,9,"campaign, email campaign, email"
what is email campaign ideas,1792.0,0.755,,96.33333333333334,5,28,1,0,1,Informational,3.494481013636656,9,"campaign, email campaign, email"
strategy what is email campaign,917.0,0.755,,94.44444444444444,5,31,1,0,1,Informational,3.7013096157242678,9,"campaign, email campaign, email"
best free email marketing software,675.0,0.755,,91.33333333333333,5,34,1,0,0,Commercial,4.793991862752433,7,"software, marketing software, strategy"
free email marketing software how to,100.0,0.755,,22.0,6,36,1,0,1,Informational,32.166733198092544,7,"software, marketing software, strategy"
free free email marketing software,94.0,0.755,,15.111111111111114,5,34,1,0,0,Navigational,34.9185260545386,7,"software, marketing software, strategy"
free email marketing software for beginners,74.0,0.755,,99.8888888888889,6,43,1,0,0,Navigational,0.9948726130625066,7,"software, marketing software, strategy"
free email marketing software tools,331.0,0.755,,56.111111111111114,5,35,1,0,0,Navigational,18.66715266936364,7,"software, marketing software, strategy"
free email marketing software 2026,44.0,0.755,,76.33333333333334,5,34,1,1,0,Navigational,10.39828133973726,7,"software, marketing software, strategy"
vs free email marketing software,589.0,0.755,,87.88888888888889,5,32,1,0,0,Commercial,6.117837619960794,7,"software, marketing software, strategy"
guide free email marketing software,53.0,0.755,,64.77777777777777,5,35,1,0,0,Informational,15.026147610623731,7,"software, marketing software, strategy"
free email marketing software tips,367.0,0.755,,67.0,5,34,1,0,0,Informational,14.334173308465047,7,"software, marketing software, strategy"
free email marketing software near me,2066.0,0.755,,40.33333333333333,6,37,1,0,0,Commercial,26.066310939636907,7,"software, marketing software, strategy"
free email marketing software price,693.0,0.755,,96.55555555555556,5,35,1,0,0,Commercial,2.716391071192026,7,"software, marketing software, strategy"
software free email marketing software,1603.0,0.755,,82.66666666666667,5,38,1,0,0,Navigational,8.842622658354248,7,"software, marketing software, strategy"
free email marketing software course,3801.0,0.755,,99.55555555555556,5,36,1,0,0,Navigational,3.4654692099101756,7,"software, marketing software, strategy"
examples free email marketing software,54.0,0.755,,45.55555555555556,5,38,1,0,0,Informational,22.71566361603087,7,"software, marketing software, strategy"
app free email marketing software,3451.0,0.755,,73.88888888888889,5,33,1,0,0,Navigational,13.512645095189665,7,"software, marketing software, strategy"
free email marketing software review,6379.0,0.755,,44.888888888888886,5,36,1,0,0,Commercial,26.948842260622975,7,"software, marketing software, strategy"
free email marketing software checklist,449.0,0.755,,87.22222222222223,5,39,1,0,0,Navigational,6.296707974072585,7,"software, marketing software, strategy"
free email marketing software template,100.0,0.755,,25.66666666666667,5,38,1,0,0,Navigational,30.700066531425875,7,"software, marketing software, strategy"
ideas free email marketing software,185.0,0.755,,23.0,5,35,1,0,0,Navigational,31.820038102143723,7,"software, marketing software, strategy"
free email marketing software strategy,235.0,0.755,,43.11111111111111,5,38,1,0,0,Navigational,23.806949483611735,7,"software, marketing software, strategy"
email campaign meaning best,324.0,0.755,,87.22222222222223,4,27,1,0,0,Commercial,6.21831840929145,9,"campaign, email campaign, email"
email campaign meaning how to,82.0,0.755,,52.0,5,29,1,0,1,Informational,20.155445100764062,9,"campaign, email campaign, email"
email campaign meaning free,397.0,0.755,,19.333333333333332,4,27,1,0,0,Informational,33.41965347067919,9,"campaign, email campaign, email"
for beginners email campaign meaning,112.0,0.755,,59.0,5,36,1,0,0,Informational,17.374258596311538,9,"campaign, email campaign, email"
tools email campaign meaning,100.0,0.755,,67.77777777777779,4,28,1,0,0,Informational,13.855622086981434,9,"campaign, email campaign, email"
email campaign meaning 2026,1078.0,0.755,,67.22222222222223,4,27,1,1,0,Informational,14.691164264051256,9,"campaign, email campaign, email"
email campaign meaning vs,283.0,0.755,,66.66666666666666,4,25,1,0,0,Commercial,14.414828854265465,9,"campaign, email campaign, email"
guide email campaign meaning,43.0,0.755,,45.0,4,28,1,0,0,Informational,22.930987556552353,9,"campaign, email campaign, email"
email campaign meaning tips,14701.0,0.755,,10.666666666666666,4,27,1,0,0,Informational,45.85659481438072,9,"campaign, email campaign, email"
email campaign meaning near me,481.0,0.755,,36.333333333333336,5,30,1,0,0,Commercial,26.67233125821211,9,"campaign, email campaign, email"
email campaign meaning price,548.0,0.755,,67.66666666666667,4,28,1,0,0,Commercial,14.181014731601463,9,"campaign, email campaign, email"
email campaign meaning software,76.0,0.755,,22.333333333333336,4,31,1,0,0,Informational,32.01834906832123,9,"campaign, email campaign, email"
email campaign meaning course,183.0,0.755,,18.22222222222222,4,29,1,0,0,Informational,33.729894980218326,9,"campaign, email campaign, email"
examples email campaign meaning,235.0,0.755,,90.66666666666666,4,31,1,0,0,Informational,4.784727261389506,9,"campaign, email campaign, email"
email campaign meaning app,198.0,0.755,,71.66666666666667,4,26,1,0,0,Informational,12.36152395021429,9,"campaign, email campaign, email"
email campaign meaning review,283.0,0.755,,4.777777777777779,4,29,1,0,0,Commercial,39.17038440982101,9,"campaign, email campaign, email"
email campaign meaning checklist,227.0,0.755,,23.0,4,32,1,0,0,Informational,31.84637699591018,9,"campaign, email campaign, email"
template email campaign meaning,2081.0,0.755,,87.66666666666667,4,31,1,0,0,Informational,7.142384354077308,9,"campaign, email campaign, email"
email campaign meaning ideas,297.0,0.755,,25.0,4,28,1,0,0,Informational,31.090275152187612,9,"campaign, email campaign, email"
strategy email campaign meaning,117.0,0.755,,88.33333333333333,4,31,1,0,0,Informational,5.644060845569447,9,"campaign, email campaign, email"
best what is an email campaign,230.0,0.755,,80.44444444444446,6,30,1,0,1,Commercial,8.870480567687144,9,"campaign, email campaign, email"
how to what is an email campaign,65.0,0.755,,70.1111111111111,7,32,1,0,1,Informational,12.900339675509386,9,"campaign, email campaign, email"
free what is an email campaign,1211.0,0.755,,61.88888888888889,6,30,1,0,1,Informational,16.907904094311718,9,"campaign, email campaign, email"
for beginners what is an email campaign,1040.0,0.755,,50.22222222222222,7,39,1,0,1,Informational,21.467333836357795,9,"campaign, email campaign, email"
what is an email campaign tools,3207.0,0.755,,66.11111111111111,6,31,1,0,1,Informational,16.470739775848,9,"campaign, email campaign, email"
2026 what is an email campaign,457.0,0.755,,17.444444444444443,6,30,1,1,1,Informational,34.21283601732969,9,"campaign, email campaign, email"
what is an email campaign vs,7894.0,0.755,,66.77777777777777,6,28,1,0,1,Commercial,19.14336823021478,9,"campaign, email campaign, email"
what is an email campaign guide,48.0,0.755,,64.55555555555556,6,31,1,0,1,Informational,15.11190091692137,9,"campaign, email campaign, email"
tips what is an email campaign,450.0,0.755,,31.222222222222225,6,30,1,0,1,Informational,28.697335090590837,9,"campaign, email campaign, email"
what is an email campaign near me,154.0,0.755,,37.666666666666664,7,33,1,0,1,Commercial,25.933930823411327,9,"campaign, email campaign, email"
price what is an email campaign,447.0,0.755,,7.666666666666668,6,31,1,0,1,Commercial,38.11767596325831,9,"campaign, email campaign, email"
what is an email campaign software,4355.0,0.755,,71.77777777777777,6,34,1,0,1,Informational,14.924002872131279,9,"campaign, email campaign, email"
course what is an email campaign,7435.0,0.755,,5.444444444444445,6,32,1,0,1,Informational,43.38885508167178,9,"campaign, email campaign, email"
examples what is an email campaign,4860.0,0.755,,75.66666666666666,6,34,1,0,1,Informational,13.685141158291511,9,"campaign, email campaign, email"
app what is an email campaign,420.0,0.755,,50.0,6,29,1,0,1,Informational,21.167410483932255,9,"campaign, email campaign, email"
review what is an email campaign,94.0,0.755,,49.111111111111114,6,32,1,0,1,Commercial,21.318526054538605,9,"campaign, email campaign, email"
what is an email campaign checklist,615.0,0.755,,24.000000000000004,6,35,1,0,1,Informational,31.689698204990822,9,"campaign, email campaign, email"
what is an email campaign template,809.0,0.755,,35.33333333333333,6,34,1,0,1,Informational,27.278025476197815,9,"campaign, email campaign, email"
what is an email campaign ideas,284.0,0.755,,54.333333333333336,6,31,1,0,1,Informational,19.34878930411704,9,"campaign, email campaign, email"
what is an email campaign strategy,1104.0,0.755,,68.33333333333333,6,34,1,0,1,Informational,14.263024849081294,9,"campaign, email campaign, email"
best email examples best,114.0,0.755,,95.88888888888889,4,24,1,0,0,Commercial,2.6199572737924757,1,"marketing, email marketing, email"
best email examples how to,169.0,0.755,,12.666666666666664,5,26,1,0,1,Commercial,35.94333757118506,1,"marketing, email marketing, email"
best email examples free,2207.0,0.755,,50.22222222222222,4,24,1,0,0,Commercial,22.199178813154475,1,"marketing, email marketing, email"
best email examples for beginners,7243.0,0.755,,93.11111111111111,5,33,1,0,0,Commercial,8.201782043501293,1,"marketing, email marketing, email"
best email examples tools,3347.0,0.755,,16.333333333333332,4,25,1,0,0,Commercial,36.46964719951398,1,"marketing, email marketing, email"
2026 best email examples,20381.0,0.755,,87.66666666666667,4,24,1,1,0,Commercial,18.61861663803551,1,"marketing, email marketing, email"
vs best email examples,336.0,0.755,,95.88888888888889,4,22,1,0,0,Commercial,2.759177140843772,0,"vs, sample, marketing sample"
guide best email examples,576.0,0.755,,87.55555555555556,4,25,1,0,0,Commercial,6.243018438556887,1,"marketing, email marketing, email"
best email examples tips,2131.0,0.755,,56.111111111111114,4,24,1,0,0,Commercial,19.795962402211988,1,"marketing, email marketing, email"
best email examples near me,2178.0,0.755,,1.4444444444444442,5,27,1,0,0,Commercial,41.69210354523636,1,"marketing, email marketing, email"
price best email examples,45.0,0.755,,51.22222222222222,4,25,1,0,0,Commercial,20.443352900699956,1,"marketing, email marketing, email"
software best email examples,636.0,0.755,,4.444444444444445,4,28,1,0,0,Commercial,39.525089874096274,7,"software, marketing software, strategy"
course best email examples,9458.0,0.755,,41.333333333333336,4,26,1,0,0,Commercial,30.30195624253412,1,"marketing, email marketing, email"
best email examples examples,4079.0,0.755,,47.77777777777778,4,28,1,0,0,Commercial,24.35091871309453,1,"marketing, email marketing, email"
app best email examples,675.0,0.755,,32.666666666666664,4,23,1,0,0,Commercial,28.260658529419104,1,"marketing, email marketing, email"
best email examples review,63.0,0.755,,5.777777777777777,4,26,1,0,0,Commercial,38.632418775806215,1,"marketing, email marketing, email"
best email examples checklist,2518.0,0.755,,3.9999999999999996,4,29,1,0,0,Commercial,40.88310093921883,1,"marketing, email marketing, email"
best email examples template,38.0,0.755,,92.22222222222223,4,28,1,0,0,Commercial,4.03896308507221,1,"marketing, email marketing, email"
best email examples ideas,6368.0,0.755,,88.22222222222223,4,25,1,0,0,Commercial,9.6086106455889,1,"marketing, email marketing, email"
best email examples strategy,414.0,0.755,,80.1111111111111,4,28,1,0,0,Commercial,9.119203340378316,1,"marketing, email marketing, email"
best email campaign examples,1313.0,0.755,,12.888888888888891,4,28,1,0,0,Commercial,36.57186997917312,9,"campaign, email campaign, email"
how to email campaign examples,111.0,0.755,,30.11111111111111,5,30,1,0,1,Informational,28.929187035348836,9,"campaign, email campaign, email"
free email campaign examples,189.0,0.755,,45.888888888888886,4,28,1,0,0,Informational,22.666991012661157,9,"campaign, email campaign, email"
for beginners email campaign examples,136.0,0.755,,70.66666666666666,5,37,1,0,0,Informational,12.72264272608285,9,"campaign, email campaign, email"
email campaign examples tools,813.0,0.755,,70.22222222222223,4,29,1,0,0,Informational,13.324978386715248,9,"campaign, email campaign, email"
email campaign examples 2026,55.0,0.755,,71.66666666666667,4,28,1,1,0,Informational,12.27184628810467,9,"campaign, email campaign, email"
email campaign examples vs,9881.0,0.755,,16.555555555555554,4,26,1,0,0,Commercial,40.478337640864595,9,"campaign, email campaign, email"
email campaign examples guide,5134.0,0.755,,37.22222222222222,4,29,1,0,0,Informational,29.23474886206953,9,"campaign, email campaign, email"
tips email campaign examples,48.0,0.755,,82.0,4,28,1,0,0,Informational,8.134123139143595,9,"campaign, email campaign, email"
near me email campaign examples,731.0,0.755,,50.888888888888886,5,31,1,0,0,Commercial,21.006888165552162,9,"campaign, email campaign, email"
price email campaign examples,213.0,0.755,,65.11111111111111,4,29,1,0,0,Commercial,14.993152920210242,9,"campaign, email campaign, email"
email campaign examples software,102.0,0.755,,15.88888888888889,4,32,1,0,0,Informational,34.61243187557349,9,"campaign, email campaign, email"
email campaign examples course,593.0,0.755,,72.11111111111111,4,30,1,0,0,Informational,12.431457197144898,9,"campaign, email campaign, email"
examples email campaign examples,658.0,0.755,,23.88888888888889,4,32,1,0,0,Informational,31.761108659719977,9,"campaign, email campaign, email"
app email campaign examples,1038.0,0.755,,26.77777777777778,4,27,1,0,0,Informational,30.84385738109907,9,"campaign, email campaign, email"
email campaign examples review,661.0,0.755,,25.555555555555554,4,30,1,0,0,Commercial,31.096323342608056,9,"campaign, email campaign, email"
checklist email campaign examples,173.0,0.755,,36.77777777777778,4,33,1,0,0,Informational,26.301401592813612,9,"campaign, email campaign, email"
email campaign examples template,71.0,0.755,,89.77777777777777,4,32,1,0,0,Informational,5.0374357079522145,9,"campaign, email campaign, email"
email campaign examples ideas,165.0,0.755,,29.000000000000004,4,29,1,0,0,Informational,29.40749577177873,9,"campaign, email campaign, email"
strategy email campaign examples,2106.0,0.755,,81.55555555555556,4,32,1,0,0,Informational,9.602506711477979,9,"campaign, email campaign, email"
best email campaigns examples,638.0,0.755,,8.222222222222223,4,29,1,0,0,Commercial,38.015232996021666,1,"marketing, email marketing, email"
email campaigns examples how to,632.0,0.755,,79.77777777777777,5,31,1,0,1,Informational,9.389248074689949,1,"marketing, email marketing, email"
free email campaigns examples,40.0,0.755,,69.8888888888889,4,29,1,0,0,Informational,12.97355065144204,1,"marketing, email marketing, email"
email campaigns examples for beginners,248.0,0.755,,23.333333333333332,5,38,1,0,0,Informational,31.726213109460076,1,"marketing, email marketing, email"
tools email campaigns examples,644.0,0.755,,17.0,4,30,1,0,0,Informational,34.50788458402004,1,"marketing, email marketing, email"
2026 email campaigns examples,114.0,0.755,,53.333333333333336,4,29,1,1,0,Informational,19.6421794960147,1,"marketing, email marketing, email"
email campaigns examples vs,256.0,0.755,,61.33333333333334,4,27,1,0,0,Commercial,16.531230041606065,1,"marketing, email marketing, email"
guide email campaigns examples,257.0,0.755,,86.00000000000001,4,30,1,0,0,Informational,6.665190491457647,1,"marketing, email marketing, email"
email campaigns examples tips,202.0,0.755,,12.333333333333336,4,29,1,0,0,Informational,36.09736574962062,1,"marketing, email marketing, email"
email campaigns examples near me,120.0,0.755,,23.0,5,32,1,0,0,Commercial,31.77927552845753,1,"marketing, email marketing, email"
price email campaigns examples,662.0,0.755,,1.555555555555556,4,30,1,0,0,Commercial,40.6969504591263,1,"marketing, email marketing, email"
software email campaigns examples,2528.0,0.755,,77.11111111111111,4,33,1,0,0,Informational,11.644927659956869,7,"software, marketing software, strategy"
course email campaigns examples,330.0,0.755,,10.555555555555555,4,31,1,0,0,Informational,36.88874777506761,1,"marketing, email marketing, email"
email campaigns examples examples,1311.0,0.755,,84.22222222222221,4,33,1,0,0,Informational,8.0372824128033,1,"marketing, email marketing, email"
email campaigns examples app,336.0,0.755,,69.55555555555554,4,28,1,0,0,Informational,13.29251047417711,1,"marketing, email marketing, email"
review email campaigns examples,2990.0,0.755,,13.333333333333334,4,31,1,0,0,Commercial,37.445766602499056,1,"marketing, email marketing, email"
checklist email campaigns examples,310.0,0.755,,43.11111111111111,4,34,1,0,0,Informational,23.853983222480416,1,"marketing, email marketing, email"
email campaigns examples template,35.0,0.755,,84.88888888888889,4,33,1,0,0,Informational,6.970415068850802,1,"marketing, email marketing, email"
ideas email campaigns examples,2868.0,0.755,,43.22222222222222,4,30,1,0,0,Informational,25.41370283171711,1,"marketing, email marketing, email"
email campaigns examples strategy,2206.0,0.755,,83.22222222222223,4,33,1,0,0,Informational,8.99855169663622,1,"marketing, email marketing, email"
best campaign email examples,62.0,0.755,,6.777777777777777,4,28,1,0,0,Commercial,38.23179165928797,9,"campaign, email campaign, email"
campaign email examples how to,1671.0,0.755,,49.44444444444444,5,30,1,0,1,Informational,22.174155470484074,9,"campaign, email campaign, email"
free campaign email examples,54.0,0.755,,97.22222222222221,4,28,1,0,0,Informational,2.048996949364203,9,"campaign, email campaign, email"
for beginners campaign email examples,14223.0,0.755,,42.22222222222222,5,37,1,0,0,Informational,32.93461089643544,9,"campaign, email campaign, email"
campaign email examples tools,546.0,0.755,,27.333333333333336,4,29,1,0,0,Informational,30.313093831898296,9,"campaign, email campaign, email"
campaign email examples 2026,150.0,0.755,,84.88888888888889,4,28,1,1,0,Informational,7.042533468449447,9,"campaign, email campaign, email"
campaign email examples vs,292.0,0.755,,10.11111111111111,4,26,1,0,0,Commercial,37.04269512515192,9,"campaign, email campaign, email"
guide campaign email examples,612.0,0.755,,7.888888888888888,4,29,1,0,0,Informational,38.13226129988052,9,"campaign, email campaign, email"
tips campaign email examples,703.0,0.755,,14.444444444444443,4,28,1,0,0,Informational,35.567106680818966,9,"campaign, email campaign, email"
campaign email examples near me,293.0,0.755,,78.66666666666666,5,31,1,0,0,Commercial,9.621100019447953,9,"campaign, email campaign, email"
campaign email examples price,71.0,0.755,,30.11111111111111,4,29,1,0,0,Commercial,28.904102374618873,9,"campaign, email campaign, email"
campaign email examples software,20.0,0.755,,67.77777777777779,4,32,1,0,0,Informational,13.805452765521506,9,"campaign, email campaign, email"
course campaign email examples,44.0,0.755,,51.11111111111111,4,30,1,0,0,Informational,20.487170228626155,9,"campaign, email campaign, email"
examples campaign email examples,67.0,0.755,,72.77777777777777,4,32,1,0,0,Informational,11.834927241879216,9,"campaign, email campaign, email"
campaign email examples app,235.0,0.755,,18.11111111111111,4,27,1,0,0,Informational,33.806949483611724,9,"campaign, email campaign, email"
review campaign email examples,3814.0,0.755,,42.22222222222222,4,30,1,0,0,Commercial,26.406955057980742,9,"campaign, email campaign, email"
checklist campaign email examples,51.0,0.755,,60.0,4,33,1,0,0,Informational,16.93600448869834,9,"campaign, email campaign, email"
campaign email examples template,211.0,0.755,,77.22222222222223,4,32,1,0,0,Informational,10.147454242729303,9,"campaign, email campaign, email"
campaign email examples ideas,565.0,0.755,,65.55555555555556,4,29,1,0,0,Informational,15.036120156856144,9,"campaign, email campaign, email"
strategy campaign email examples,530.0,0.755,,44.111111111111114,4,32,1,0,0,Informational,23.591948856495208,9,"campaign, email campaign, email"
best email questions and answers,247.0,0.755,,21.555555555555554,5,32,1,0,0,Commercial,32.43669710405294,8,"questions, questions email, interview"
email questions and answers how to,1971.0,0.755,,40.44444444444444,6,34,1,0,1,Informational,25.962290425958802,8,"questions, questions email, interview"
email questions and answers free,108.0,0.755,,84.11111111111111,5,32,1,0,0,Navigational,7.327305685794092,8,"questions, questions email, interview"
email questions and answers for beginners,483.0,0.755,,20.22222222222222,6,41,1,0,0,Navigational,33.11802993569305,8,"questions, questions email, interview"
tools email questions and answers,52.0,0.755,,84.55555555555556,5,33,1,0,0,Navigational,7.114409382994364,8,"questions, questions email, interview"
2026 email questions and answers,186.0,0.755,,39.0,5,32,1,1,0,Navigational,25.420665218661963,8,"questions, questions email, interview"
vs email questions and answers,2263.0,0.755,,42.666666666666664,5,30,1,0,0,Commercial,25.256519560398644,8,"questions, questions email, interview"
guide email questions and answers,1314.0,0.755,,61.44444444444444,5,33,1,0,0,Informational,17.150274873469154,8,"questions, questions email, interview"
email questions and answers tips,3216.0,0.755,,87.0,5,32,1,0,0,Informational,8.120828268956684,8,"questions, questions email, interview"
email questions and answers near me,20.0,0.755,,9.444444444444445,6,35,1,0,0,Commercial,37.13878609885484,8,"questions, questions email, interview"
price email questions and answers,90.0,0.755,,5.222222222222221,5,33,1,0,0,Commercial,38.87157314402117,8,"questions, questions email, interview"
email questions and answers software,962.0,0.755,,85.77777777777779,5,36,1,0,0,Navigational,7.196196525712139,8,"questions, questions email, interview"
email questions and answers course,39.0,0.755,,90.88888888888889,5,34,1,0,0,Navigational,4.572923534923796,8,"questions, questions email, interview"
examples email questions and answers,62.0,0.755,,57.88888888888889,5,36,1,0,0,Informational,17.787347214843525,8,"questions, questions email, interview"
email questions and answers app,5112.0,0.755,,90.33333333333333,5,31,1,0,0,Navigational,7.976507854223611,8,"questions, questions email, interview"
email questions and answers review,735.0,0.755,,86.00000000000001,5,34,1,0,0,Commercial,6.964952187180708,8,"questions, questions email, interview"
email questions and answers checklist,79.0,0.755,,67.11111111111111,5,37,1,0,0,Navigational,14.10911930676487,8,"questions, questions email, interview"
template email questions and answers,76.0,0.755,,42.88888888888889,5,36,1,0,0,Navigational,23.79612684609901,8,"questions, questions email, interview"
email questions and answers ideas,706.0,0.755,,6.777777777777777,5,33,1,0,0,Navigational,38.63565469704038,8,"questions, questions email, interview"
strategy email questions and answers,366.0,0.755,,37.666666666666664,5,36,1,0,0,Navigational,26.06687952528013,8,"questions, questions email, interview"
best email process interview questions,834.0,0.755,,2.5555555555555554,5,38,1,0,0,Commercial,40.40481450026515,8,"questions, questions email, interview"
email process interview questions how to,6395.0,0.755,,4.444444444444445,6,40,1,0,1,Informational,43.13665390269274,8,"questions, questions email, interview"
free email process interview questions,2875.0,0.755,,0.777777777777778,5,38,1,0,0,Navigational,42.39587042512263,8,"questions, questions email, interview"
for beginners email process interview questions,106.0,0.755,,71.66666666666667,6,47,1,0,0,Navigational,12.303829230535374,8,"questions, questions email, interview"
tools email process interview questions,217.0,0.755,,73.66666666666666,5,39,1,0,0,Navigational,11.573439164061025,8,"questions, questions email, interview"
email process interview questions 2026,2659.0,0.755,,76.33333333333334,5,38,1,1,0,Navigational,12.03819103495861,8,"questions, questions email, interview"
email process interview questions vs,174.0,0.755,,67.33333333333333,5,36,1,0,0,Commercial,14.079806487109645,8,"questions, questions email, interview"
guide email process interview questions,466.0,0.755,,96.44444444444444,5,39,1,0,0,Informational,2.618480065993931,8,"questions, questions email, interview"
email process interview questions tips,1833.0,0.755,,72.44444444444444,5,38,1,0,0,Informational,13.075748346440424,8,"questions, questions email, interview"
near me email process interview questions,906.0,0.755,,78.66666666666666,6,41,1,0,0,Commercial,10.005522445134641,8,"questions, questions email, interview"
email process interview questions price,296.0,0.755,,28.555555555555557,5,39,1,0,0,Commercial,29.66742581344714,8,"questions, questions email, interview"
email process interview questions software,2256.0,0.755,,12.666666666666664,5,42,1,0,0,Navigational,37.2521297447709,8,"questions, questions email, interview"
email process interview questions course,2738.0,0.755,,86.11111111111111,5,40,1,0,0,Navigational,8.176622128789177,8,"questions, questions email, interview"
examples email process interview questions,948.0,0.755,,91.33333333333333,5,42,1,0,0,Informational,4.965194672234434,8,"questions, questions email, interview"
app email process interview questions,378.0,0.755,,48.22222222222222,5,37,1,0,0,Navigational,21.852182701276902,8,"questions, questions email, interview"
review email process interview questions,547.0,0.755,,12.666666666666664,5,40,1,0,0,Commercial,36.18038761508321,8,"questions, questions email, interview"
email process interview questions checklist,102.0,0.755,,31.999999999999996,5,43,1,0,0,Navigational,28.167987431129042,8,"questions, questions email, interview"
email process interview questions template,1052.0,0.755,,95.22222222222223,5,42,1,0,0,Navigational,3.4748592345767784,8,"questions, questions email, interview"
ideas email process interview questions,1233.0,0.755,,58.00000000000001,5,39,1,0,0,Navigational,18.477256213268753,8,"questions, questions email, interview"
email process interview questions strategy,113.0,0.755,,3.888888888888889,5,42,1,0,0,Navigational,39.41933015727423,8,"questions, questions email, interview"
email marketing,409.0,1.74,,49.44444444444444,2,15,0,0,0,Navigational,22.563789580234626,1,"marketing, email marketing, email"
emailing marketing,409.0,1.74,,49.44444444444444,2,18,0,0,0,Navigational,22.563789580234626,1,"marketing, email marketing, email"
marketing emails,409.0,1.44,,49.44444444444444,2,16,0,0,0,Navigational,22.20407735004755,1,"marketing, email marketing, email"
email templates,409.0,0.91,,49.44444444444444,2,15,0,0,0,Navigational,21.56858574338372,6,"templates, email templates, advertising"
what is email advertising,409.0,0.49,,49.44444444444444,4,25,1,0,1,Informational,21.06498862112182,6,"templates, email templates, advertising"
what is email marketing,409.0,0.49,,49.44444444444444,4,23,1,0,1,Informational,21.06498862112182,1,"marketing, email marketing, email"
email marketing tools,409.0,2.43,,49.44444444444444,3,21,0,0,0,Navigational,23.391127709664893,3,"tools, marketing tools, free"
images of email,409.0,0.0,,49.44444444444444,3,15,0,0,0,Navigational,20.4774586451496,5,"images, images email, email"
email images,409.0,0.0,,49.44444444444444,2,12,0,0,0,Navigational,20.4774586451496,5,"images, images email, email"
image for email,409.0,0.0,,49.44444444444444,3,15,0,0,0,Navigational,20.4774586451496,1,"marketing, email marketing, email"
e mail marketing meaning,409.0,0.22,,49.44444444444444,4,24,1,0,0,Informational,20.741247613953455,1,"marketing, email marketing, email"
email advertising examples,409.0,1.02,,49.44444444444444,3,26,0,0,0,Informational,21.700480227785647,6,"templates, email templates, advertising"
email marketing example,409.0,1.0,,49.44444444444444,3,23,0,0,0,Navigational,21.676499412439842,1,"marketing, email marketing, email"
email marketing sample,409.0,1.02,,49.44444444444444,3,22,0,0,0,Navigational,21.700480227785647,0,"vs, sample, marketing sample"
examples of email marketing,409.0,1.02,,49.44444444444444,4,27,1,0,0,Informational,21.700480227785647,1,"marketing, email marketing, email"
marketing email examples,409.0,1.02,,49.44444444444444,3,24,0,0,0,Informational,21.700480227785647,1,"marketing, email marketing, email"
email marketing meaning,409.0,0.22,,49.44444444444444,3,23,0,0,0,Informational,20.741247613953455,1,"marketing, email marketing, email"
marketing email sample,409.0,1.02,,49.44444444444444,3,22,0,0,0,Navigational,21.700480227785647,0,"vs, sample, marketing sample"
marketing email templates,409.0,1.05,,49.44444444444444,3,25,0,0,0,Navigational,21.736451450804356,6,"templates, email templates, advertising"
email templates for marketing,409.0,1.05,,49.44444444444444,4,29,1,0,0,Navigational,21.736451450804356,6,"templates, email templates, advertising"
email promotion template,409.0,1.05,,49.44444444444444,3,24,0,0,0,Navigational,21.736451450804356,1,"marketing, email marketing, email"
marketing email template,409.0,1.05,,49.44444444444444,3,24,0,0,0,Navigational,21.736451450804356,1,"marketing, email marketing, email"
email marketing templates,409.0,1.05,,49.44444444444444,3,25,0,0,0,Navigational,21.736451450804356,6,"templates, email templates, advertising"
email campaign,409.0,2.69,,49.44444444444444,2,14,0,0,0,Navigational,23.702878309160358,9,"campaign, email campaign, email"
email campaigns,409.0,2.69,,49.44444444444444,2,15,0,0,0,Navigational,23.702878309160358,1,"marketing, email marketing, email"
jobs for email marketing,409.0,0.07,,49.44444444444444,4,24,1,0,0,Navigational,20.561391498859916,1,"marketing, email marketing, email"
marketing email jobs,409.0,0.07,,49.44444444444444,3,20,0,0,0,Navigational,20.561391498859916,1,"marketing, email marketing, email"
email advertising jobs,409.0,0.07,,49.44444444444444,3,22,0,0,0,Navigational,20.561391498859916,6,"templates, email templates, advertising"
email marketing careers,409.0,0.07,,49.44444444444444,3,23,0,0,0,Navigational,20.561391498859916,1,"marketing, email marketing, email"
careers in email marketing,409.0,0.07,,49.44444444444444,4,26,1,0,0,Navigational,20.561391498859916,1,"marketing, email marketing, email"
free mailer,409.0,2.37,,49.44444444444444,2,11,0,0,0,Navigational,23.319185263627478,1,"marketing, email marketing, email"
email marketing positions,409.0,0.07,,49.44444444444444,3,25,0,0,0,Navigational,20.561391498859916,1,"marketing, email marketing, email"
jobs in email marketing,409.0,0.07,,49.44444444444444,4,23,1,0,0,Navigational,20.561391498859916,1,"marketing, email marketing, email"
email marketing job,409.0,0.07,,49.44444444444444,3,19,0,0,0,Navigational,20.561391498859916,1,"marketing, email marketing, email"
emailing campaign,409.0,2.69,,49.44444444444444,2,17,0,0,0,Navigational,23.702878309160358,9,"campaign, email campaign, email"
email marketing jobs,409.0,0.07,,49.44444444444444,3,20,0,0,0,Navigational,20.561391498859916,1,"marketing, email marketing, email"
email marketing platform,409.0,2.02,,49.44444444444444,3,24,0,0,0,Navigational,22.899520995075893,1,"marketing, email marketing, email"
email marketing platforms,409.0,2.02,,49.44444444444444,3,25,0,0,0,Navigational,22.899520995075893,1,"marketing, email marketing, email"
email marketing software,409.0,2.36,,49.44444444444444,3,24,0,0,0,Navigational,23.307194855954574,7,"software, marketing software, strategy"
e mail marketing course,409.0,1.25,,49.44444444444444,4,23,1,0,0,Navigational,21.976259604262406,2,"course, marketing course, email marketing"
email marketing definition,409.0,0.25,,49.44444444444444,3,26,0,0,0,Informational,20.77721883697216,1,"marketing, email marketing, email"
free email marketing tool,409.0,2.76,,49.44444444444444,4,25,1,0,0,Navigational,23.786811162870674,1,"marketing, email marketing, email"
courses on email marketing,409.0,1.25,,49.44444444444444,4,26,1,0,0,Navigational,21.976259604262406,1,"marketing, email marketing, email"
email-marketing course,409.0,1.25,,49.44444444444444,2,22,0,0,0,Navigational,21.976259604262406,2,"course, marketing course, email marketing"
email marketing free tools,409.0,2.76,,49.44444444444444,4,26,1,0,0,Navigational,23.786811162870674,3,"tools, marketing tools, free"
email marketing class,409.0,1.25,,49.44444444444444,3,21,0,0,0,Navigational,21.976259604262406,1,"marketing, email marketing, email"
email marketing in digital marketing,409.0,1.0,,49.44444444444444,5,36,1,0,0,Navigational,21.676499412439842,1,"marketing, email marketing, email"
email marketing course,409.0,1.25,,49.44444444444444,3,22,0,0,0,Navigational,21.976259604262406,2,"course, marketing course, email marketing"
free tools for email marketing,409.0,2.76,,49.44444444444444,5,30,1,0,0,Navigational,23.786811162870674,3,"tools, marketing tools, free"
email marketing strategies,409.0,1.41,,49.44444444444444,3,26,0,0,0,Navigational,22.168106127028846,4,"strategies, marketing strategies, marketing"
marketing email strategy,409.0,1.41,,49.44444444444444,3,24,0,0,0,Navigational,22.168106127028846,1,"marketing, email marketing, email"
how to do email marketing,409.0,0.92,,49.44444444444444,5,25,1,0,1,Informational,21.580576151056626,1,"marketing, email marketing, email"
email marketing pics,409.0,0.0,,49.44444444444444,3,20,0,0,0,Navigational,20.4774586451496,1,"marketing, email marketing, email"
email marketing images,409.0,0.0,,49.44444444444444,3,22,0,0,0,Navigational,20.4774586451496,5,"images, images email, email"
email marketing pictures,409.0,0.0,,49.44444444444444,3,24,0,0,0,Navigational,20.4774586451496,1,"marketing, email marketing, email"
email campaign marketing,409.0,3.51,,49.44444444444444,3,24,0,0,0,Navigational,24.686091738338355,9,"campaign, email campaign, email"
marketing email campaign,409.0,3.51,,49.44444444444444,3,24,0,0,0,Navigational,24.686091738338355,9,"campaign, email campaign, email"
images of email marketing,409.0,0.0,,49.44444444444444,4,25,1,0,0,Navigational,20.4774586451496,5,"images, images email, email"
email marketing campaign,409.0,2.03,,49.44444444444444,3,24,0,0,0,Navigational,22.911511402748793,9,"campaign, email campaign, email"
email marketing picture,409.0,0.0,,49.44444444444444,3,23,0,0,0,Navigational,20.4774586451496,1,"marketing, email marketing, email"
images for email marketing,409.0,0.0,,49.44444444444444,4,26,1,0,0,Navigational,20.4774586451496,5,"images, images email, email"
email marketing pic,409.0,0.0,,49.44444444444444,3,19,0,0,0,Navigational,20.4774586451496,1,"marketing, email marketing, email"
email marketing campaigns,409.0,3.51,,49.44444444444444,3,25,0,0,0,Navigational,24.686091738338355,1,"marketing, email marketing, email"
images in email marketing,409.0,0.0,,49.44444444444444,4,25,1,0,0,Navigational,20.4774586451496,5,"images, images email, email"
questions on email,409.0,0.0,,49.44444444444444,3,18,0,0,0,Navigational,20.4774586451496,8,"questions, questions email, interview"
email advertising,409.0,1.31,,49.44444444444444,2,17,0,0,0,Navigational,22.04820205029982,6,"templates, email templates, advertising"
email questions,409.0,0.0,,49.44444444444444,2,15,0,0,0,Navigational,20.4774586451496,8,"questions, questions email, interview"
email marketing kya hai,409.0,0.21,,49.44444444444444,4,23,1,0,0,Navigational,20.72925720628055,1,"marketing, email marketing, email"
what is email marketing in digital marketing,409.0,0.37,,49.44444444444444,7,44,1,0,1,Informational,20.92110372904699,1,"marketing, email marketing, email"
questions about email,409.0,0.0,,49.44444444444444,3,21,0,0,0,Navigational,20.4774586451496,8,"questions, questions email, interview"
email campaign software,409.0,3.29,,49.44444444444444,3,23,0,0,0,Navigational,24.422302769534504,9,"campaign, email campaign, email"
strategy for email marketing,409.0,0.6,,49.44444444444444,4,28,1,0,0,Navigational,21.196883105523746,7,"software, marketing software, strategy"
strategies for email marketing,409.0,0.6,,49.44444444444444,4,30,1,0,0,Navigational,21.196883105523746,4,"strategies, marketing strategies, marketing"
mailing marketing strategies,409.0,0.6,,49.44444444444444,3,28,0,0,0,Navigational,21.196883105523746,4,"strategies, marketing strategies, marketing"
email marketing approach,409.0,0.6,,49.44444444444444,3,24,0,0,0,Navigational,21.196883105523746,1,"marketing, email marketing, email"
email blast strategy,409.0,0.6,,49.44444444444444,3,20,0,0,0,Navigational,21.196883105523746,7,"software, marketing software, strategy"
email blast marketing strategies,409.0,0.6,,49.44444444444444,4,32,1,0,0,Navigational,21.196883105523746,4,"strategies, marketing strategies, marketing"
questions for email,409.0,0.0,,49.44444444444444,3,19,0,0,0,Navigational,20.4774586451496,8,"questions, questions email, interview"
free email templates,409.0,0.94,,49.44444444444444,3,20,0,0,0,Navigational,21.604556966402427,6,"templates, email templates, advertising"
e-mail marketing strategies,409.0,0.6,,49.44444444444444,3,27,0,0,0,Navigational,21.196883105523746,4,"strategies, marketing strategies, marketing"
email campaign tools,409.0,3.47,,49.44444444444444,3,20,0,0,0,Navigational,24.638130107646745,9,"campaign, email campaign, email"
email campaign tool,409.0,3.47,,49.44444444444444,3,19,0,0,0,Navigational,24.638130107646745,9,"campaign, email campaign, email"
emailing software,409.0,3.0,,49.44444444444444,2,17,0,0,0,Navigational,24.074580947020333,7,"software, marketing software, strategy"
interview questions for email marketing,409.0,0.04,,49.44444444444444,5,39,1,0,0,Navigational,20.525420275841206,8,"questions, questions email, interview"
email marketing questions interview,409.0,0.04,,49.44444444444444,4,35,1,0,0,Navigational,20.525420275841206,8,"questions, questions email, interview"
email marketing interview questions,409.0,0.04,,49.44444444444444,4,35,1,0,0,Navigational,20.525420275841206,8,"questions, questions email, interview"
email marketing in hindi,409.0,0.0,,49.44444444444444,4,24,1,0,0,Navigational,20.4774586451496,1,"marketing, email marketing, email"
email campaign templates,409.0,1.34,,49.44444444444444,3,24,0,0,0,Navigational,22.084173273318527,9,"campaign, email campaign, email"
e mail marketing in hindi,409.0,0.0,,49.44444444444444,5,25,1,0,0,Navigational,20.4774586451496,1,"marketing, email marketing, email"
free email marketing courses,409.0,0.21,,49.44444444444444,4,28,1,0,0,Navigational,20.72925720628055,1,"marketing, email marketing, email"
email marketing free course,409.0,0.21,,49.44444444444444,4,27,1,0,0,Navigational,20.72925720628055,2,"course, marketing course, email marketing"
email tools,409.0,2.28,,49.44444444444444,2,11,0,0,0,Navigational,23.211271594571357,3,"tools, marketing tools, free"
free email marketing,409.0,1.56,,49.44444444444444,3,20,0,0,0,Navigational,22.347962242122378,1,"marketing, email marketing, email"
email marketing courses free,409.0,0.58,,49.44444444444444,4,28,1,0,0,Navigational,21.17290229017794,1,"marketing, email marketing, email"
email marketing course free,409.0,0.58,,49.44444444444444,4,27,1,0,0,Navigational,21.17290229017794,2,"course, marketing course, email marketing"
ईमेल मार्केटिंग क्या है,409.0,0.43,,49.44444444444444,4,23,1,0,0,Navigational,20.993046175084405,1,"marketing, email marketing, email"
email marketing jobs work from home,409.0,0.0,,49.44444444444444,6,35,1,0,0,Navigational,20.4774586451496,1,"marketing, email marketing, email"
work home jobs email marketing,409.0,0.0,,49.44444444444444,5,30,1,0,0,Navigational,20.4774586451496,1,"marketing, email marketing, email"
what is email campaign,409.0,0.0,,49.44444444444444,4,22,1,0,1,Informational,20.4774586451496,9,"campaign, email campaign, email"
free email marketing software,409.0,1.38,,49.44444444444444,4,29,1,0,0,Navigational,22.132134904010137,7,"software, marketing software, strategy"
email campaign meaning,409.0,12.51,,49.44444444444444,3,22,0,0,0,Informational,35.477458643950555,9,"campaign, email campaign, email"
what is an email campaign,409.0,0.0,,49.44444444444444,5,25,1,0,1,Informational,20.4774586451496,9,"campaign, email campaign, email"
best email examples,409.0,2.57,,49.44444444444444,3,19,0,0,0,Commercial,23.558993417085528,1,"marketing, email marketing, email"
email campaign examples,409.0,1.18,,49.44444444444444,3,23,0,0,0,Informational,21.892326750552087,9,"campaign, email campaign, email"
email campaigns examples,409.0,1.18,,49.44444444444444,3,24,0,0,0,Informational,21.892326750552087,1,"marketing, email marketing, email"
campaign email examples,409.0,1.18,,49.44444444444444,3,23,0,0,0,Informational,21.892326750552087,9,"campaign, email campaign, email"
email questions and answers,409.0,0.0,,49.44444444444444,4,27,1,0,0,Navigational,20.4774586451496,8,"questions, questions email, interview"
email process interview questions,409.0,0.0,,49.44444444444444,4,33,1,0,0,Navigational,20.4774586451496,8,"questions, questions email, interview"
